player_id,first_name,last_name,name,last_season,current_club_id,player_code,country_of_birth,city_of_birth,country_of_citizenship,date_of_birth,sub_position,position,foot,height_in_cm,contract_expiration_date,agent_name,image_url,international_caps,international_goals,current_national_team_id,url,current_club_domestic_competition_id,current_club_name,market_value_in_eur,highest_market_value_in_eur
132,Tomas,Rosicky,Tomas Rosicky,2015,11,tomas-rosicky,CSSR,Praha  ,Czech Republic,1980-10-04 00:00:00,Attacking Midfield,Midfield,both,179.0,,,https://img.a.transfermarkt.technology/portrait/header/132-1464947592.jpg?lm=1,,,,https://www.transfermarkt.co.uk/tomas-rosicky/profil/spieler/132,GB1,Arsenal FC,350000.0,17500000.0
488,Gerhard,Tremmel,Gerhard Tremmel,2016,2288,gerhard-tremmel,Germany,München  ,Germany,1978-11-16 00:00:00,Goalkeeper,Goalkeeper,,,,,https://img.a.transfermarkt.technology/portrait/header/s_488_2288_2013_10_18_1.jpg?lm=1,,,,https://www.transfermarkt.co.uk/gerhard-tremmel/profil/spieler/488,GB1,Swansea City,250000.0,2200000.0
1397,Michael,Owen,Michael Owen,2012,512,michael-owen,England,Chester  ,England,1979-12-14 00:00:00,Centre-Forward,Attack,both,173.0,,,https://img.a.transfermarkt.technology/portrait/header/1397-1476361136.jpg?lm=1,,,,https://www.transfermarkt.co.uk/michael-owen/profil/spieler/1397,GB1,Stoke City,1000000.0,30000000.0
1573,Thomas,Hitzlsperger,Thomas Hitzlsperger,2012,29,thomas-hitzlsperger,Germany,München  ,Germany,1982-04-05 00:00:00,Central Midfield,Midfield,,,,,https://img.a.transfermarkt.technology/portrait/header/W_b_s_1573_79_2009_1.jpg?lm=1,,,,https://www.transfermarkt.co.uk/thomas-hitzlsperger/profil/spieler/1573,GB1,Everton FC,1000000.0,9000000.0
2514,Bastian,Schweinsteiger,Bastian Schweinsteiger,2016,985,bastian-schweinsteiger,Germany,Kolbermoor  ,Germany,1984-08-01 00:00:00,Central Midfield,Midfield,,,,BS Family Office,https://img.a.transfermarkt.technology/portrait/header/2514-1551256967.jpg?lm=1,,,,https://www.transfermarkt.co.uk/bastian-schweinsteiger/profil/spieler/2514,GB1,Manchester United,1000000.0,40000000.0
2857,Eldin,Jakupovic,Eldin Jakupovic,2022,29,eldin-jakupovic,Jugoslawien (SFR),Kozarac  ,Switzerland,1984-10-02 00:00:00,Goalkeeper,Goalkeeper,right,191.0,2023-12-31 00:00:00,,https://img.a.transfermarkt.technology/portrait/header/2857-1678026401.jpg?lm=1,,,,https://www.transfermarkt.co.uk/eldin-jakupovic/profil/spieler/2857,GB1,Everton FC,100000.0,1500000.0
2998,Robert,Huth,Robert Huth,2017,1003,robert-huth,East Germany (GDR),Berlin  ,Germany,1984-08-18 00:00:00,Centre-Back,Defender,,,,Christian Nilles,https://img.a.transfermarkt.technology/portrait/header/2998-1463997450.jpg?lm=1,,,,https://www.transfermarkt.co.uk/robert-huth/profil/spieler/2998,GB1,Leicester City,2500000.0,8900000.0
3109,Steven,Gerrard,Steven Gerrard,2014,31,steven-gerrard,England,Whiston  ,England,1980-05-30 00:00:00,Central Midfield,Midfield,right,183.0,,Wasserman,https://img.a.transfermarkt.technology/portrait/header/3109-1464112254.jpg?lm=1,,,,https://www.transfermarkt.co.uk/steven-gerrard/profil/spieler/3109,GB1,Liverpool FC,1750000.0,50000000.0
3118,Kieron,Dyer,Kieron Dyer,2012,1039,kieron-dyer,England,Ipswich  ,England,1978-12-29 00:00:00,Right Midfield,Midfield,right,170.0,,CAA Stellar,https://img.a.transfermarkt.technology/portrait/header/s_3118_379_2009_1.jpg?lm=1,,,,https://www.transfermarkt.co.uk/kieron-dyer/profil/spieler/3118,GB1,Queens Park Rangers,500000.0,16000000.0
3120,Richard,Wright,Richard Wright,2015,281,richard-wright,England,Ipswich  ,England,1977-11-05 00:00:00,Goalkeeper,Goalkeeper,right,190.0,,CAA Stellar,https://img.a.transfermarkt.technology/portrait/header/s_3120_281_2013_03_06_1.jpg?lm=1,,,,https://www.transfermarkt.co.uk/richard-wright/profil/spieler/3120,GB1,Manchester City,250000.0,5750000.0
3130,Titus,Bramble,Titus Bramble,2012,289,titus-bramble,England,Ipswich  ,England,1981-07-31 00:00:00,Centre-Back,Defender,right,192.0,,,https://img.a.transfermarkt.technology/portrait/header/s_3130_1071_2009_1.jpg?lm=1,,,,https://www.transfermarkt.co.uk/titus-bramble/profil/spieler/3130,GB1,Sunderland AFC,2000000.0,5500000.0
3131,Kevin,Phillips,Kevin Phillips,2013,873,kevin-phillips,England,Hitchin  ,England,1973-07-25 00:00:00,Centre-Forward,Attack,right,170.0,,,https://img.a.transfermarkt.technology/portrait/header/3131-1589199777.jpg?lm=1,,,,https://www.transfermarkt.co.uk/kevin-phillips/profil/spieler/3131,GB1,Crystal Palace,250000.0,7500000.0
3146,Shay,Given,Shay Given,2016,512,shay-given,Ireland,Lifford  ,Ireland,1976-04-20 00:00:00,Goalkeeper,Goalkeeper,right,185.0,,CAA Stellar,https://img.a.transfermarkt.technology/portrait/header/3146-1410949943.jpg?lm=1,,,,https://www.transfermarkt.co.uk/shay-given/profil/spieler/3146,GB1,Stoke City,250000.0,10000000.0
3151,Carlo,Cudicini,Carlo Cudicini,2012,148,carlo-cudicini,Italy,Milano  ,Italy,1973-09-06 00:00:00,Goalkeeper,Goalkeeper,right,184.0,,,https://img.a.transfermarkt.technology/portrait/header/s_3151_148_2009_1.jpg?lm=1,,,,https://www.transfermarkt.co.uk/carlo-cudicini/profil/spieler/3151,GB1,Tottenham Hotspur,500000.0,4000000.0
3156,William,Gallas,William Gallas,2012,148,william-gallas,France,Asnières-sur-Seine  ,France,1977-08-17 00:00:00,Centre-Back,Defender,right,182.0,,,https://img.a.transfermarkt.technology/portrait/header/3156-1598621730.jpg?lm=1,,,,https://www.transfermarkt.co.uk/william-gallas/profil/spieler/3156,GB1,Tottenham Hotspur,500000.0,19000000.0
3160,John,Terry,John Terry,2016,631,john-terry,England,Barking  ,England,1980-12-07 00:00:00,Centre-Back,Defender,right,187.0,,,https://img.a.transfermarkt.technology/portrait/header/3160-1462887884.jpg?lm=1,,,,https://www.transfermarkt.co.uk/john-terry/profil/spieler/3160,GB1,Chelsea FC,1000000.0,35000000.0
3163,Frank,Lampard,Frank Lampard,2014,281,frank-lampard,England,London  ,England,1978-06-20 00:00:00,Central Midfield,Midfield,right,184.0,,,https://img.a.transfermarkt.technology/portrait/header/3163-1674475335.jpg?lm=1,,,,https://www.transfermarkt.co.uk/frank-lampard/profil/spieler/3163,GB1,Manchester City,1000000.0,45000000.0
3190,Stuart,Taylor,Stuart Taylor,2017,180,stuart-taylor,England,Romford  ,England,1980-11-28 00:00:00,Goalkeeper,Goalkeeper,right,198.0,,,https://img.a.transfermarkt.technology/portrait/header/s_3190_281_2009_1.jpg?lm=1,,,,https://www.transfermarkt.co.uk/stuart-taylor/profil/spieler/3190,GB1,Southampton FC,250000.0,1500000.0
3195,Jermaine,Pennant,Jermaine Pennant,2013,512,jermaine-pennant,England,Nottingham  ,England,1983-01-15 00:00:00,Right Winger,Attack,right,173.0,,Andrew Sky,https://img.a.transfermarkt.technology/portrait/header/s_3195_512_2013_03_08_1.jpg?lm=1,,,,https://www.transfermarkt.co.uk/jermaine-pennant/profil/spieler/3195,GB1,Stoke City,500000.0,10500000.0
3220,John Arne,Riise,John Arne Riise,2013,931,john-arne-riise,Norway,Ålesund  ,Norway,1980-09-24 00:00:00,Left-Back,Defender,left,185.0,,,https://img.a.transfermarkt.technology/portrait/header/3220-1465813573.jpg?lm=1,,,,https://www.transfermarkt.co.uk/john-arne-riise/profil/spieler/3220,GB1,Fulham FC,700000.0,15000000.0
3226,Nicolas,Anelka,Nicolas Anelka,2013,984,nicolas-anelka,France,Le Chesnay  ,France,1979-03-14 00:00:00,Centre-Forward,Attack,right,186.0,,,https://img.a.transfermarkt.technology/portrait/header/3226-1683728957.jpg?lm=1,,,,https://www.transfermarkt.co.uk/nicolas-anelka/profil/spieler/3226,GB1,West Bromwich Albion,1000000.0,30000000.0
3235,Rio,Ferdinand,Rio Ferdinand,2014,1039,rio-ferdinand,England,London  ,England,1978-11-07 00:00:00,Centre-Back,Defender,right,189.0,,,https://img.a.transfermarkt.technology/portrait/header/3235-1592469934.jpg?lm=1,,,,https://www.transfermarkt.co.uk/rio-ferdinand/profil/spieler/3235,GB1,Queens Park Rangers,1000000.0,35000000.0
3259,Damien,Duff,Damien Duff,2013,931,damien-duff,Ireland,Ballyboden  ,Ireland,1979-03-02 00:00:00,Right Midfield,Midfield,left,177.0,,,https://img.a.transfermarkt.technology/portrait/header/3259-1410962728.jpg?lm=1,,,,https://www.transfermarkt.co.uk/damien-duff/profil/spieler/3259,GB1,Fulham FC,600000.0,17000000.0
3270,Joseph,Yobo,Joseph Yobo,2013,1123,joseph-yobo,Nigeria,Kono  ,Nigeria,1980-09-06 00:00:00,Centre-Back,Defender,right,188.0,,,https://img.a.transfermarkt.technology/portrait/header/3270-1404201553.jpg?lm=1,,,,https://www.transfermarkt.co.uk/joseph-yobo/profil/spieler/3270,GB1,Norwich City,750000.0,11500000.0
3271,Luke,Young,Luke Young,2012,1039,luke-young,England,Harlow  ,England,1979-07-19 00:00:00,Right-Back,Defender,right,183.0,,,https://img.a.transfermarkt.technology/portrait/header/s_3271_405_2009_1.jpg?lm=1,,,,https://www.transfermarkt.co.uk/luke-young/profil/spieler/3271,GB1,Queens Park Rangers,500000.0,7000000.0
3273,Matthew,Upson,Matthew Upson,2014,1003,matthew-upson,England,Hartismere  ,England,1979-04-18 00:00:00,Centre-Back,Defender,left,185.0,,,https://img.a.transfermarkt.technology/portrait/header/s_3273_379_2009_1.jpg?lm=1,,,,https://www.transfermarkt.co.uk/matthew-upson/profil/spieler/3273,GB1,Leicester City,250000.0,9000000.0
3276,Shola,Ameobi,Shola Ameobi,2014,873,shola-ameobi,Nigeria,Zaria  ,Nigeria,1981-10-12 00:00:00,Centre-Forward,Attack,right,191.0,,,https://img.a.transfermarkt.technology/portrait/header/s_3276_762_2013_08_07_1.jpg?lm=1,,,,https://www.transfermarkt.co.uk/shola-ameobi/profil/spieler/3276,GB1,Crystal Palace,500000.0,6500000.0
3291,Gareth,Barry,Gareth Barry,2017,984,gareth-barry,England,Hastings  ,England,1981-02-23 00:00:00,Defensive Midfield,Midfield,left,184.0,,ppsports,https://img.a.transfermarkt.technology/portrait/header/3291-1481886107.jpg?lm=1,,,,https://www.transfermarkt.co.uk/gareth-barry/profil/spieler/3291,GB1,West Bromwich Albion,325000.0,18500000.0
3292,Joey,Barton,Joey Barton,2016,1132,joey-barton,England,Huyton  ,England,1982-09-02 00:00:00,Central Midfield,Midfield,right,180.0,,Willie McKay,https://img.a.transfermarkt.technology/portrait/header/3292-1484730366.jpg?lm=1,,,,https://www.transfermarkt.co.uk/joey-barton/profil/spieler/3292,GB1,Burnley FC,1000000.0,8600000.0
3296,Paul,Konchesky,Paul Konchesky,2015,1003,paul-konchesky,England,London  ,England,1981-05-15 00:00:00,Left-Back,Defender,left,178.0,,CAA Base Ltd,https://img.a.transfermarkt.technology/portrait/header/3296-1406794775.jpg?lm=1,,,,https://www.transfermarkt.co.uk/paul-konchesky/profil/spieler/3296,GB1,Leicester City,250000.0,9500000.0
3297,Craig,Bellamy,Craig Bellamy,2013,603,craig-bellamy,Wales,Cardiff  ,Wales,1979-07-13 00:00:00,Left Winger,Attack,right,173.0,,,https://img.a.transfermarkt.technology/portrait/header/3297-1481635425.jpg?lm=1,,,,https://www.transfermarkt.co.uk/craig-bellamy/profil/spieler/3297,GB1,Cardiff City,1000000.0,13000000.0
3306,Jonathan,Walters,Jonathan Walters,2018,1132,jonathan-walters,England,Moreton  ,Ireland,1983-09-20 00:00:00,Right Winger,Attack,right,183.0,,,https://img.a.transfermarkt.technology/portrait/header/3306-1459258135.jpg?lm=1,,,,https://www.transfermarkt.co.uk/jonathan-walters/profil/spieler/3306,GB1,Burnley FC,1500000.0,5500000.0
3332,Wayne,Rooney,Wayne Rooney,2017,985,wayne-rooney,England,Liverpool  ,England,1985-10-24 00:00:00,Centre-Forward,Attack,right,176.0,,Triple S Sports,https://img.a.transfermarkt.technology/portrait/header/3332-1551295290.jpg?lm=1,,,,https://www.transfermarkt.co.uk/wayne-rooney/profil/spieler/3332,GB1,Manchester United,2000000.0,65000000.0
3333,James,Milner,James Milner,2025,1237,james-milner,England,Leeds  ,England,1986-01-04 00:00:00,Central Midfield,Midfield,right,175.0,,,https://img.a.transfermarkt.technology/portrait/header/3333-1662621121.jpg?lm=1,61.0,1.0,,https://www.transfermarkt.co.uk/james-milner/profil/spieler/3333,GB1,Brighton & Hove Albion,500000.0,21000000.0
3356,Sylvain,Distin,Sylvain Distin,2015,989,sylvain-distin,France,Bagnolet  ,France,1977-12-16 00:00:00,Centre-Back,Defender,left,192.0,,CAA Stellar,https://img.a.transfermarkt.technology/portrait/header/s_3356_29_2013_10_18_1.jpg?lm=1,,,,https://www.transfermarkt.co.uk/sylvain-distin/profil/spieler/3356,GB1,AFC Bournemouth,750000.0,9000000.0
3357,Mark,Schwarzer,Mark Schwarzer,2015,1003,mark-schwarzer,Australia,Sydney  ,Australia,1972-10-06 00:00:00,Goalkeeper,Goalkeeper,,,,,https://img.a.transfermarkt.technology/portrait/header/3357-1461241916.jpg?lm=1,,,,https://www.transfermarkt.co.uk/mark-schwarzer/profil/spieler/3357,GB1,Leicester City,500000.0,5000000.0
3397,Paul,Scholes,Paul Scholes,2012,985,paul-scholes,England,Salford  ,England,1974-11-16 00:00:00,Central Midfield,Midfield,right,168.0,,,https://img.a.transfermarkt.technology/portrait/header/3397-1595498527.jpg?lm=1,,,,https://www.transfermarkt.co.uk/paul-scholes/profil/spieler/3397,GB1,Manchester United,1000000.0,25000000.0
3404,Phil,Neville,Phil Neville,2012,29,phil-neville,England,Bury  ,England,1977-01-21 00:00:00,Right-Back,Defender,right,180.0,,,https://img.a.transfermarkt.technology/portrait/header/3404-1411478348.jpg?lm=1,,,,https://www.transfermarkt.co.uk/phil-neville/profil/spieler/3404,GB1,Everton FC,1000000.0,6000000.0
3405,Wes,Brown,Wes Brown,2015,289,wes-brown,England,Manchester  ,England,1979-10-13 00:00:00,Centre-Back,Defender,right,184.0,,,https://img.a.transfermarkt.technology/portrait/header/s_3405_985_2009_1.jpg?lm=1,,,,https://www.transfermarkt.co.uk/wes-brown/profil/spieler/3405,GB1,Sunderland AFC,500000.0,9000000.0
3406,Ryan,Giggs,Ryan Giggs,2013,985,ryan-giggs,Wales,Cardiff  ,Wales,1973-11-29 00:00:00,Left Midfield,Midfield,left,179.0,,,https://img.a.transfermarkt.technology/portrait/header/3406-1589198838.jpg?lm=1,,,,https://www.transfermarkt.co.uk/ryan-giggs/profil/spieler/3406,GB1,Manchester United,1000000.0,25000000.0
3461,Jermaine,Jenas,Jermaine Jenas,2012,1039,jermaine-jenas,England,Nottingham  ,England,1983-02-18 00:00:00,Central Midfield,Midfield,right,181.0,,,https://img.a.transfermarkt.technology/portrait/header/3461-1598621230.jpg?lm=1,,,,https://www.transfermarkt.co.uk/jermaine-jenas/profil/spieler/3461,GB1,Queens Park Rangers,1500000.0,15000000.0
3467,Shaun,Wright-Phillips,Shaun Wright-Phillips,2014,1039,shaun-wright-phillips,England,London  ,England,1981-10-25 00:00:00,Right Winger,Attack,right,166.0,,Darren Dein,https://img.a.transfermarkt.technology/portrait/header/3467-1464131724.jpg?lm=1,,,,https://www.transfermarkt.co.uk/shaun-wright-phillips/profil/spieler/3467,GB1,Queens Park Rangers,100000.0,31500000.0
3473,Thomas,Sörensen,Thomas Sörensen,2014,512,thomas-sorensen,Denmark,Fredericia  ,Denmark,1976-06-12 00:00:00,Goalkeeper,Goalkeeper,right,196.0,,,https://img.a.transfermarkt.technology/portrait/header/s_3473_512_2009_1.jpg?lm=1,,,,https://www.transfermarkt.co.uk/thomas-sorensen/profil/spieler/3473,GB1,Stoke City,250000.0,6500000.0
3476,Brad,Friedel,Brad Friedel,2014,148,brad-friedel,United States,"Lakewood, Ohio  ",United States,1971-05-18 00:00:00,Goalkeeper,Goalkeeper,,,,,https://img.a.transfermarkt.technology/portrait/header/3476-1505749201.jpg?lm=1,,,,https://www.transfermarkt.co.uk/brad-friedel/profil/spieler/3476,GB1,Tottenham Hotspur,750000.0,4000000.0
3540,John,O'Shea,John O'Shea,2016,289,john-oshea,Ireland,Waterford  ,Ireland,1981-04-30 00:00:00,Centre-Back,Defender,right,192.0,,,https://img.a.transfermarkt.technology/portrait/header/3540-1498839759.jpg?lm=1,,,,https://www.transfermarkt.co.uk/john-oshea/profil/spieler/3540,GB1,Sunderland AFC,500000.0,7000000.0
3547,Darren,Fletcher,Darren Fletcher,2017,512,darren-fletcher,Scotland,Dalkeith  ,Scotland,1984-02-01 00:00:00,Central Midfield,Midfield,right,184.0,,,https://img.a.transfermarkt.technology/portrait/header/3547-1470302082.jpg?lm=1,,,,https://www.transfermarkt.co.uk/darren-fletcher/profil/spieler/3547,GB1,Stoke City,1000000.0,22000000.0
3548,Kieran,Richardson,Kieran Richardson,2015,405,kieran-richardson,England,London  ,England,1984-10-21 00:00:00,Left-Back,Defender,left,177.0,,,https://img.a.transfermarkt.technology/portrait/header/3548-1410950645.jpg?lm=1,,,,https://www.transfermarkt.co.uk/kieran-richardson/profil/spieler/3548,GB1,Aston Villa,1500000.0,8250000.0
3560,Jerome,Thomas,Jerome Thomas,2014,873,jerome-thomas,England,London  ,England,1983-03-23 00:00:00,Left Winger,Attack,left,177.0,,,https://img.a.transfermarkt.technology/portrait/header/s_3560_873_2013_10_18_1.jpg?lm=1,,,,https://www.transfermarkt.co.uk/jerome-thomas/profil/spieler/3560,GB1,Crystal Palace,250000.0,3500000.0
3562,Steve,Harper,Steve Harper,2015,289,steve-harper,England,Easington  ,England,1975-03-14 00:00:00,Goalkeeper,Goalkeeper,right,188.0,,,https://img.a.transfermarkt.technology/portrait/header/s_3562_762_2012_1.jpg?lm=1,,,,https://www.transfermarkt.co.uk/steve-harper/profil/spieler/3562,GB1,Sunderland AFC,250000.0,3000000.0
3597,Jamie,Carragher,Jamie Carragher,2012,31,jamie-carragher,England,Bootle  ,England,1978-01-28 00:00:00,Centre-Back,Defender,right,185.0,,Wasserman,https://img.a.transfermarkt.technology/portrait/header/3597-1476358918.jpg?lm=1,,,,https://www.transfermarkt.co.uk/jamie-carragher/profil/spieler/3597,GB1,Liverpool FC,1000000.0,19000000.0
3614,Tony,Hibbert,Tony Hibbert,2015,29,tony-hibbert,England,Liverpool  ,England,1981-02-20 00:00:00,Right-Back,Defender,right,173.0,,,https://img.a.transfermarkt.technology/portrait/header/s_3614_29_2009_1.jpg?lm=1,,,,https://www.transfermarkt.co.uk/tony-hibbert/profil/spieler/3614,GB1,Everton FC,500000.0,4500000.0
3620,Leon,Osman,Leon Osman,2015,29,leon-osman,England,Wigan  ,England,1981-05-17 00:00:00,Central Midfield,Midfield,right,173.0,,CAA Stellar,https://img.a.transfermarkt.technology/portrait/header/s_3620_29_2013_10_18_1.jpg?lm=1,,,,https://www.transfermarkt.co.uk/leon-osman/profil/spieler/3620,GB1,Everton FC,1000000.0,8000000.0
3630,Paul,Robinson,Paul Robinson,2016,1132,paul-robinson,England,Beverley  ,England,1979-10-15 00:00:00,Goalkeeper,Goalkeeper,right,193.0,,SEM Group plc.,https://img.a.transfermarkt.technology/portrait/header/3630-1483518484.jpg?lm=1,,,,https://www.transfermarkt.co.uk/paul-robinson/profil/spieler/3630,GB1,Burnley FC,250000.0,9000000.0
3634,Ian,Harte,Ian Harte,2012,1032,ian-harte,Ireland,Drogheda  ,Ireland,1977-08-31 00:00:00,Left-Back,Defender,left,175.0,,,https://img.a.transfermarkt.technology/portrait/header/s_3634_1032_2012_1.jpg?lm=1,,,,https://www.transfermarkt.co.uk/ian-harte/profil/spieler/3634,GB1,Reading FC,150000.0,3500000.0
3640,Mark,Hudson,Mark Hudson,2013,603,mark-hudson,England,Guildford  ,England,1982-03-30 00:00:00,Centre-Back,Defender,right,187.0,,,https://img.a.transfermarkt.technology/portrait/header/s_3640_603_2013_04_17_1.jpg?lm=1,,,,https://www.transfermarkt.co.uk/mark-hudson/profil/spieler/3640,GB1,Cardiff City,500000.0,1250000.0
3666,Jason,Roberts,Jason Roberts,2012,1032,jason-roberts,England,London  ,Grenada,1978-01-25 00:00:00,Centre-Forward,Attack,right,185.0,,,https://img.a.transfermarkt.technology/portrait/header/s_3666_164_2009_1.jpg?lm=1,,,,https://www.transfermarkt.co.uk/jason-roberts/profil/spieler/3666,GB1,Reading FC,250000.0,4000000.0
3668,Lloyd,Dyer,Lloyd Dyer,2015,1010,lloyd-dyer,England,Birmingham  ,England,1982-09-13 00:00:00,Left Midfield,Midfield,left,173.0,,,https://img.a.transfermarkt.technology/portrait/header/default.jpg?lm=1,,,,https://www.transfermarkt.co.uk/lloyd-dyer/profil/spieler/3668,GB1,Watford FC,250000.0,1000000.0
3682,Wayne,Bridge,Wayne Bridge,2012,281,wayne-bridge,England,Southampton  ,England,1980-08-05 00:00:00,Left-Back,Defender,left,178.0,,,https://img.a.transfermarkt.technology/portrait/header/3682-1478785065.jpg?lm=1,,,,https://www.transfermarkt.co.uk/wayne-bridge/profil/spieler/3682,GB1,Manchester City,500000.0,9000000.0
3692,Jussi,Jääskeläinen,Jussi Jääskeläinen,2014,379,jussi-jaaskelainen,Finland,Mikkeli  ,Finland,1975-04-19 00:00:00,Goalkeeper,Goalkeeper,right,191.0,,,https://img.a.transfermarkt.technology/portrait/header/s_3692_355_2009_1.jpg?lm=1,,,,https://www.transfermarkt.co.uk/jussi-jaaskelainen/profil/spieler/3692,GB1,West Ham United,150000.0,5750000.0
3762,Peter,Whittingham,Peter Whittingham,2013,603,peter-whittingham,England,Nuneaton  ,England,1984-09-08 00:00:00,Central Midfield,Midfield,left,177.0,,,https://img.a.transfermarkt.technology/portrait/header/3762-1584628759.jpg?lm=1,,,,https://www.transfermarkt.co.uk/peter-whittingham/profil/spieler/3762,GB1,Cardiff City,750000.0,2750000.0
3775,George,McCartney,George McCartney,2013,379,george-mccartney,Northern Ireland,Belfast  ,Northern Ireland,1981-04-29 00:00:00,Left-Back,Defender,left,183.0,,,https://img.a.transfermarkt.technology/portrait/header/s_3775_289_2009_1.jpg?lm=1,,,,https://www.transfermarkt.co.uk/george-mccartney/profil/spieler/3775,GB1,West Ham United,1000000.0,4000000.0
3785,Scott,Parker,Scott Parker,2013,931,scott-parker,England,London  ,England,1980-10-13 00:00:00,Central Midfield,Midfield,right,180.0,,,https://img.a.transfermarkt.technology/portrait/header/3785-1473149636.jpg?lm=1,,,,https://www.transfermarkt.co.uk/scott-parker/profil/spieler/3785,GB1,Fulham FC,500000.0,18000000.0
3788,Matthew,Etherington,Matthew Etherington,2013,512,matthew-etherington,England,Truro  ,England,1981-08-14 00:00:00,Left Midfield,Midfield,left,178.0,,TMUS Sports,https://img.a.transfermarkt.technology/portrait/header/s_3788_512_2009_1.jpg?lm=1,,,,https://www.transfermarkt.co.uk/matthew-etherington/profil/spieler/3788,GB1,Stoke City,1500000.0,7000000.0
3791,Gary,Caldwell,Gary Caldwell,2012,1071,gary-caldwell,Scotland,Stirling  ,Scotland,1982-04-12 00:00:00,Centre-Back,Defender,right,185.0,,,https://img.a.transfermarkt.technology/portrait/header/s_3791_1071_2013_02_18_1.jpg?lm=1,,,,https://www.transfermarkt.co.uk/gary-caldwell/profil/spieler/3791,GB1,Wigan Athletic,500000.0,5250000.0
3804,Carlo,Nash,Carlo Nash,2013,1123,carlo-nash,England,Bolton  ,England,1973-09-13 00:00:00,Goalkeeper,Goalkeeper,right,197.0,,,https://img.a.transfermarkt.technology/portrait/header/s_3804_512_2013_03_08_1.jpg?lm=1,,,,https://www.transfermarkt.co.uk/carlo-nash/profil/spieler/3804,GB1,Norwich City,250000.0,800000.0
3807,Richard,Dunne,Richard Dunne,2014,1039,richard-dunne,Ireland,Dublin  ,Ireland,1979-09-21 00:00:00,Centre-Back,Defender,right,188.0,,,https://img.a.transfermarkt.technology/portrait/header/s_3807_405_2012_11_12_1.jpg?lm=1,,,,https://www.transfermarkt.co.uk/richard-dunne/profil/spieler/3807,GB1,Queens Park Rangers,500000.0,12000000.0
3838,Boaz,Myhill,Boaz Myhill,2017,984,boaz-myhill,United States,"Modesto, Kalifornien  ",Wales,1982-11-09 00:00:00,Goalkeeper,Goalkeeper,right,191.0,,,https://img.a.transfermarkt.technology/portrait/header/s_3838_984_2013_09_24_1.jpg?lm=1,,,,https://www.transfermarkt.co.uk/boaz-myhill/profil/spieler/3838,GB1,West Bromwich Albion,350000.0,3500000.0
3876,Joe,Cole,Joe Cole,2015,405,joe-cole,England,London  ,England,1981-11-08 00:00:00,Attacking Midfield,Midfield,right,176.0,,Skillequal Ltd.,https://img.a.transfermarkt.technology/portrait/header/3876-1524234241.jpg?lm=1,,,,https://www.transfermarkt.co.uk/joe-cole/profil/spieler/3876,GB1,Aston Villa,150000.0,21000000.0
3878,Michael,Carrick,Michael Carrick,2017,985,michael-carrick,England,Wallsend  ,England,1981-07-28 00:00:00,Defensive Midfield,Midfield,right,189.0,,10Ten Football,https://img.a.transfermarkt.technology/portrait/header/3878-1666625002.jpg?lm=1,,,,https://www.transfermarkt.co.uk/michael-carrick/profil/spieler/3878,GB1,Manchester United,1000000.0,26500000.0
3881,Glen,Johnson,Glen Johnson,2017,512,glen-johnson,England,London  ,England,1984-08-23 00:00:00,Right-Back,Defender,both,182.0,,CAA Stellar,https://img.a.transfermarkt.technology/portrait/header/3881-1475583851.jpg?lm=1,,,,https://www.transfermarkt.co.uk/glen-johnson/profil/spieler/3881,GB1,Stoke City,2500000.0,17000000.0
3924,Didier,Drogba,Didier Drogba,2014,631,didier-drogba,Cote d'Ivoire,Abidjan  ,Cote d'Ivoire,1978-03-11 00:00:00,Centre-Forward,Attack,both,189.0,,,https://img.a.transfermarkt.technology/portrait/header/3924-1683633427.jpg?lm=1,,,,https://www.transfermarkt.co.uk/didier-drogba/profil/spieler/3924,GB1,Chelsea FC,500000.0,40000000.0
3950,Kevin,Nolan,Kevin Nolan,2015,379,kevin-nolan,England,Liverpool  ,England,1982-06-24 00:00:00,Attacking Midfield,Midfield,right,183.0,,,https://img.a.transfermarkt.technology/portrait/header/3950-1482228569.jpg?lm=1,,,,https://www.transfermarkt.co.uk/kevin-nolan/profil/spieler/3950,GB1,West Ham United,2000000.0,8000000.0
3995,Gary,O'Neil,Gary O'Neil,2015,1123,gary-oneil,England,London  ,England,1983-05-18 00:00:00,Central Midfield,Midfield,right,174.0,,CMG Sports,https://img.a.transfermarkt.technology/portrait/header/s_3995_641_2009_1.jpg?lm=1,,,,https://www.transfermarkt.co.uk/gary-oneil/profil/spieler/3995,GB1,Norwich City,500000.0,7500000.0
4055,Dean,Marney,Dean Marney,2017,1132,dean-marney,England,London  ,England,1984-01-31 00:00:00,Central Midfield,Midfield,right,183.0,,,https://img.a.transfermarkt.technology/portrait/header/4055-1520607622.jpg?lm=1,,,,https://www.transfermarkt.co.uk/dean-marney/profil/spieler/4055,GB1,Burnley FC,800000.0,3000000.0
4056,Simon,Davies,Simon Davies,2012,931,simon-davies,Wales,Haverfordwest  ,Wales,1979-10-23 00:00:00,Right Midfield,Midfield,right,178.0,,TMUS Sports,https://img.a.transfermarkt.technology/portrait/header/s_4056_931_2009_1.jpg?lm=1,,,,https://www.transfermarkt.co.uk/simon-davies/profil/spieler/4056,GB1,Fulham FC,500000.0,5500000.0
4058,Lee,Barnard,Lee Barnard,2012,180,lee-barnard,England,London  ,England,1984-07-18 00:00:00,Centre-Forward,Attack,right,178.0,,,https://img.a.transfermarkt.technology/portrait/header/s_4058_180_2012_1.jpg?lm=1,,,,https://www.transfermarkt.co.uk/lee-barnard/profil/spieler/4058,GB1,Southampton FC,250000.0,500000.0
4063,Stewart,Downing,Stewart Downing,2016,641,stewart-downing,England,Middlesbrough  ,England,1984-07-22 00:00:00,Left Winger,Attack,left,180.0,,Wasserman,https://img.a.transfermarkt.technology/portrait/header/s_4063_31_2012_1.jpg?lm=1,,,,https://www.transfermarkt.co.uk/stewart-downing/profil/spieler/4063,GB1,Middlesbrough FC,200000.0,16000000.0
4070,Liam,Ridgewell,Liam Ridgewell,2013,984,liam-ridgewell,England,London  ,England,1984-07-21 00:00:00,Centre-Back,Defender,both,188.0,,SEM Group plc.,https://img.a.transfermarkt.technology/portrait/header/4070-1520795118.JPG?lm=1,,,,https://www.transfermarkt.co.uk/liam-ridgewell/profil/spieler/4070,GB1,West Bromwich Albion,500000.0,4500000.0
4072,Peter,Crouch,Peter Crouch,2018,1132,peter-crouch,England,Macclesfield  ,England,1981-01-30 00:00:00,Centre-Forward,Attack,right,201.0,,CAA Stellar,https://img.a.transfermarkt.technology/portrait/header/4072-1475584165.jpg?lm=1,,,,https://www.transfermarkt.co.uk/peter-crouch/profil/spieler/4072,GB1,Burnley FC,1000000.0,12000000.0
4094,Frazer,Richardson,Frazer Richardson,2012,180,frazer-richardson,England,Rotherham  ,England,1982-10-29 00:00:00,Right-Back,Defender,right,180.0,,,https://img.a.transfermarkt.technology/portrait/header/s_4094_180_2012_1.jpg?lm=1,,,,https://www.transfermarkt.co.uk/frazer-richardson/profil/spieler/4094,GB1,Southampton FC,350000.0,1000000.0
4111,Garry,Monk,Garry Monk,2013,2288,garry-monk,England,Bedford  ,England,1979-03-06 00:00:00,Centre-Back,Defender,right,183.0,,,https://img.a.transfermarkt.technology/portrait/header/s_4111_2288_2013_02_07_1.jpg?lm=1,,,,https://www.transfermarkt.co.uk/garry-monk/profil/spieler/4111,GB1,Swansea City,500000.0,1250000.0
4112,Rory,Delap,Rory Delap,2012,512,rory-delap,England,Sutton Coldfield  ,Ireland,1976-07-06 00:00:00,Central Midfield,Midfield,right,183.0,,,https://img.a.transfermarkt.technology/portrait/header/s_4112_512_2009_1.jpg?lm=1,,,,https://www.transfermarkt.co.uk/rory-delap/profil/spieler/4112,GB1,Stoke City,250000.0,5500000.0
4115,Chris,Baird,Chris Baird,2014,984,chris-baird,Northern Ireland,Rasharkin  ,Northern Ireland,1982-02-25 00:00:00,Defensive Midfield,Midfield,right,185.0,,Midas Sports,https://img.a.transfermarkt.technology/portrait/header/4115-1464949370.jpg?lm=1,,,,https://www.transfermarkt.co.uk/chris-baird/profil/spieler/4115,GB1,West Bromwich Albion,250000.0,4000000.0
4190,Brian,Murphy,Brian Murphy,2018,603,brian-murphy,Ireland,Waterford  ,Ireland,1983-05-07 00:00:00,Goalkeeper,Goalkeeper,right,185.0,,,https://img.a.transfermarkt.technology/portrait/header/s_4190_1039_2013_03_07_1.jpg?lm=1,,,,https://www.transfermarkt.co.uk/brian-murphy/profil/spieler/4190,GB1,Cardiff City,10000.0,500000.0
4205,Bobby,Zamora,Bobby Zamora,2014,1039,bobby-zamora,England,London  ,England,1981-01-16 00:00:00,Centre-Forward,Attack,left,184.0,,,https://img.a.transfermarkt.technology/portrait/header/4205-1598528728.jpg?lm=1,,,,https://www.transfermarkt.co.uk/bobby-zamora/profil/spieler/4205,GB1,Queens Park Rangers,750000.0,8000000.0
4219,David,Fox,David Fox,2013,1123,david-fox,England,Leek  ,England,1983-12-13 00:00:00,Central Midfield,Midfield,right,175.0,,Full Contact,https://img.a.transfermarkt.technology/portrait/header/s_4219_1123_2013_03_06_1.jpg?lm=1,,,,https://www.transfermarkt.co.uk/david-fox/profil/spieler/4219,GB1,Norwich City,250000.0,2000000.0
4233,Adam,Federici,Adam Federici,2017,989,adam-federici,Australia,Nowra  ,Australia,1985-01-31 00:00:00,Goalkeeper,Goalkeeper,right,188.0,,,https://img.a.transfermarkt.technology/portrait/header/s_4233_1032_2012_1.jpg?lm=1,,,,https://www.transfermarkt.co.uk/adam-federici/profil/spieler/4233,GB1,AFC Bournemouth,250000.0,2000000.0
4267,Tim,Howard,Tim Howard,2015,29,tim-howard,United States,"North Brunswick, New Jersey  ",United States,1979-03-06 00:00:00,Goalkeeper,Goalkeeper,right,191.0,,Wasserman,https://img.a.transfermarkt.technology/portrait/header/4267-1587066706.jpg?lm=1,,,,https://www.transfermarkt.co.uk/tim-howard/profil/spieler/4267,GB1,Everton FC,300000.0,10000000.0
4321,Steven,Pienaar,Steven Pienaar,2016,289,steven-pienaar,South Africa,"Johannesburg, Gauteng  ",South Africa,1982-03-17 00:00:00,Left Midfield,Midfield,both,170.0,,ExtraTime S.L.,https://img.a.transfermarkt.technology/portrait/header/4321-1485265394.jpg?lm=1,,,,https://www.transfermarkt.co.uk/steven-pienaar/profil/spieler/4321,GB1,Sunderland AFC,500000.0,11000000.0
5278,Alexander,Manninger,Alexander Manninger,2016,31,alexander-manninger,Austria,Salzburg  ,Austria,1977-06-04 00:00:00,Goalkeeper,Goalkeeper,,,,,https://img.a.transfermarkt.technology/portrait/header/5278-1438253330.jpg?lm=1,,,,https://www.transfermarkt.co.uk/alexander-manninger/profil/spieler/5278,GB1,Liverpool FC,200000.0,4500000.0
5352,Mahamadou,Diarra,Mahamadou Diarra,2013,931,mahamadou-diarra,Mali,Bamako  ,Mali,1981-05-18 00:00:00,Defensive Midfield,Midfield,right,182.0,,,https://img.a.transfermarkt.technology/portrait/header/s_5352_931_2012_1.jpg?lm=1,,,,https://www.transfermarkt.co.uk/mahamadou-diarra/profil/spieler/5352,GB1,Fulham FC,750000.0,28000000.0
5652,Marc-Antoine,Fortuné,Marc-Antoine Fortuné,2012,984,marc-antoine-fortune,French Guiana,Cayenne  ,French Guiana,1981-07-02 00:00:00,Centre-Forward,Attack,right,183.0,,,https://img.a.transfermarkt.technology/portrait/header/s_5652_984_2012_1.jpg?lm=1,,,,https://www.transfermarkt.co.uk/marc-antoine-fortune/profil/spieler/5652,GB1,West Bromwich Albion,150000.0,4500000.0
5658,Petr,Cech,Petr Cech,2018,11,petr-cech,CSSR,Plzeň  ,Czech Republic,1982-05-20 00:00:00,Goalkeeper,Goalkeeper,left,196.0,,,https://img.a.transfermarkt.technology/portrait/header/5658-1464946835.jpg?lm=1,,,,https://www.transfermarkt.co.uk/petr-cech/profil/spieler/5658,GB1,Arsenal FC,2500000.0,28500000.0
5668,Anthony,Réveillère,Anthony Réveillère,2014,289,anthony-reveillere,France,Doué-la-Fontaine  ,France,1979-11-10 00:00:00,Right-Back,Defender,right,180.0,,,https://img.a.transfermarkt.technology/portrait/header/s_5668_1041_2012_1.jpg?lm=1,,,,https://www.transfermarkt.co.uk/anthony-reveillere/profil/spieler/5668,GB1,Sunderland AFC,500000.0,8500000.0
6106,Georgios,Karagounis,Georgios Karagounis,2013,931,georgios-karagounis,Greece,Pyrgos  ,Greece,1977-03-06 00:00:00,Central Midfield,Midfield,right,176.0,,,https://img.a.transfermarkt.technology/portrait/header/s_6106_931_2012_1.jpg?lm=1,,,,https://www.transfermarkt.co.uk/georgios-karagounis/profil/spieler/6106,GB1,Fulham FC,1000000.0,8000000.0
6107,Abdoulaye,Faye,Abdoulaye Faye,2013,3008,abdoulaye-faye,Senegal,Rufisque  ,Senegal,1978-02-26 00:00:00,Centre-Back,Defender,left,187.0,,Alister Veerasamy,https://img.a.transfermarkt.technology/portrait/header/s_6107_3008_2013_10_18_1.jpg?lm=1,,,,https://www.transfermarkt.co.uk/abdoulaye-faye/profil/spieler/6107,GB1,Hull City,250000.0,4000000.0
6150,Fabricio,Coloccini,Fabricio Coloccini,2015,762,fabricio-coloccini,Argentina,Córdoba  ,Argentina,1982-01-22 00:00:00,Centre-Back,Defender,right,184.0,,Marcelo Lombilla,https://img.a.transfermarkt.technology/portrait/header/6150-1637344797.JPG?lm=1,,,,https://www.transfermarkt.co.uk/fabricio-coloccini/profil/spieler/6150,GB1,Newcastle United,75000.0,10000000.0
6636,Christian,Fuchs,Christian Fuchs,2020,1003,christian-fuchs,Austria,Neunkirchen  ,Austria,1986-04-07 00:00:00,Left-Back,Defender,left,187.0,,YOU FIRST,https://img.a.transfermarkt.technology/portrait/header/6636-1646522420.jpg?lm=1,,,,https://www.transfermarkt.co.uk/christian-fuchs/profil/spieler/6636,GB1,Leicester City,400000.0,7500000.0
6710,Per,Mertesacker,Per Mertesacker,2017,11,per-mertesacker,Germany,Hannover  ,Germany,1984-09-29 00:00:00,Centre-Back,Defender,right,200.0,,ROOF,https://img.a.transfermarkt.technology/portrait/header/6710-1518796036.jpg?lm=1,,,,https://www.transfermarkt.co.uk/per-mertesacker/profil/spieler/6710,GB1,Arsenal FC,1000000.0,20000000.0
6855,Georgios,Samaras,Georgios Samaras,2014,984,georgios-samaras,Greece,Heraklion  ,Greece,1985-02-21 00:00:00,Left Winger,Attack,right,193.0,,Juzzt Football,https://img.a.transfermarkt.technology/portrait/header/6855-1408705290.jpg?lm=1,,,,https://www.transfermarkt.co.uk/georgios-samaras/profil/spieler/6855,GB1,West Bromwich Albion,100000.0,8500000.0
6893,Gabriel,Tamas,Gabriel Tamas,2012,984,gabriel-tamas,Romania,Brașov  ,Romania,1983-11-09 00:00:00,Centre-Back,Defender,right,188.0,2023-06-30 00:00:00,Elite Soccer Sarl,https://img.a.transfermarkt.technology/portrait/header/6893-1691329146.jpg?lm=1,,,,https://www.transfermarkt.co.uk/gabriel-tamas/profil/spieler/6893,GB1,West Bromwich Albion,100000.0,4000000.0
7330,Steven,Reid,Steven Reid,2013,984,steven-reid,England,London  ,Ireland,1981-03-10 00:00:00,Right-Back,Defender,right,185.0,,,https://img.a.transfermarkt.technology/portrait/header/s_7330_984_2013_10_18_1.jpg?lm=1,,,,https://www.transfermarkt.co.uk/steven-reid/profil/spieler/7330,GB1,West Bromwich Albion,500000.0,4250000.0
7337,Alan,Tate,Alan Tate,2014,2288,alan-tate,England,Easington  ,England,1982-09-02 00:00:00,Centre-Back,Defender,right,185.0,,,https://img.a.transfermarkt.technology/portrait/header/7337-1649239791.jpg?lm=1,,,,https://www.transfermarkt.co.uk/alan-tate/profil/spieler/7337,GB1,Swansea City,500000.0,1000000.0
7451,Mikel,Arteta,Mikel Arteta,2015,11,mikel-arteta,Spain,San Sebastián  ,Spain,1982-03-26 00:00:00,Central Midfield,Midfield,right,177.0,,,https://img.a.transfermarkt.technology/portrait/header/7451-1588598742.jpg?lm=1,,,,https://www.transfermarkt.co.uk/mikel-arteta/profil/spieler/7451,GB1,Arsenal FC,2000000.0,20000000.0
7589,Víctor,Valdés,Víctor Valdés,2016,641,victor-valdes,Spain,L’Hospitalet de Llobregat  ,Spain,1982-01-14 00:00:00,Goalkeeper,Goalkeeper,right,183.0,,,https://img.a.transfermarkt.technology/portrait/header/s_7589_131_2012_2.jpg?lm=1,,,,https://www.transfermarkt.co.uk/victor-valdes/profil/spieler/7589,GB1,Middlesbrough FC,2000000.0,20000000.0
7858,Yossi,Benayoun,Yossi Benayoun,2012,379,yossi-benayoun,Israel,Dimona  ,Israel,1980-05-05 00:00:00,Right Winger,Attack,right,175.0,,A.B SOCCER LTD,https://img.a.transfermarkt.technology/portrait/header/s_7858_631_2013_04_25_1.jpg?lm=1,,,,https://www.transfermarkt.co.uk/yossi-benayoun/profil/spieler/7858,GB1,West Ham United,250000.0,11000000.0
8188,Jay,Bothroyd,Jay Bothroyd,2012,1039,jay-bothroyd,England,London  ,England,1982-05-07 00:00:00,Centre-Forward,Attack,left,190.0,,,https://img.a.transfermarkt.technology/portrait/header/8188-1615024675.jpg?lm=1,,,,https://www.transfermarkt.co.uk/jay-bothroyd/profil/spieler/8188,GB1,Queens Park Rangers,125000.0,2500000.0
9218,Matthew,Taylor,Matthew Taylor,2013,379,matthew-taylor,England,Oxford  ,England,1981-11-27 00:00:00,Left Midfield,Midfield,left,177.0,,,https://img.a.transfermarkt.technology/portrait/header/s_9218_355_2009_1.jpg?lm=1,,,,https://www.transfermarkt.co.uk/matthew-taylor/profil/spieler/9218,GB1,West Ham United,250000.0,6500000.0
9508,Shaun,Maloney,Shaun Maloney,2016,3008,shaun-maloney,Malaysia,Miri  ,Scotland,1983-01-24 00:00:00,Attacking Midfield,Midfield,right,171.0,,,https://img.a.transfermarkt.technology/portrait/header/9508-1473238715.jpg?lm=1,,,,https://www.transfermarkt.co.uk/shaun-maloney/profil/spieler/9508,GB1,Hull City,1000000.0,4250000.0
9619,Alan,Hutton,Alan Hutton,2015,405,alan-hutton,Scotland,Glasgow  ,Scotland,1984-11-30 00:00:00,Right-Back,Defender,right,185.0,,Soccermanagement GB,https://img.a.transfermarkt.technology/portrait/header/9619-1410950421.jpg?lm=1,,,,https://www.transfermarkt.co.uk/alan-hutton/profil/spieler/9619,GB1,Aston Villa,1000000.0,9000000.0
9832,Paulo,Ferreira,Paulo Ferreira,2012,631,paulo-ferreira,Portugal,Cascais  ,Portugal,1979-01-18 00:00:00,Right-Back,Defender,right,183.0,,Gestifute,https://img.a.transfermarkt.technology/portrait/header/9832-1683041290.jpg?lm=1,,,,https://www.transfermarkt.co.uk/paulo-ferreira/profil/spieler/9832,GB1,Chelsea FC,750000.0,20000000.0
9885,Brynjar,Gunnarsson,Brynjar Gunnarsson,2012,1032,brynjar-gunnarsson,Iceland,Reykjavík  ,Iceland,1975-10-16 00:00:00,Defensive Midfield,Midfield,right,185.0,,,https://img.a.transfermarkt.technology/portrait/header/s_9885_1032_2012_1.jpg?lm=1,,,,https://www.transfermarkt.co.uk/brynjar-gunnarsson/profil/spieler/9885,GB1,Reading FC,250000.0,2000000.0
9966,Almen,Abdi,Almen Abdi,2015,1010,almen-abdi,Jugoslawien (SFR),Prizren  ,Switzerland,1986-10-21 00:00:00,Central Midfield,Midfield,right,181.0,,,https://img.a.transfermarkt.technology/portrait/header/s_9966_1010_2013_09_26_1.jpg?lm=1,,,,https://www.transfermarkt.co.uk/almen-abdi/profil/spieler/9966,GB1,Watford FC,750000.0,3500000.0
9975,Richard,Chaplow,Richard Chaplow,2012,180,richard-chaplow,England,Accrington  ,England,1985-02-02 00:00:00,Central Midfield,Midfield,right,175.0,,,https://img.a.transfermarkt.technology/portrait/header/9975-1524318889.jpg?lm=1,,,,https://www.transfermarkt.co.uk/richard-chaplow/profil/spieler/9975,GB1,Southampton FC,125000.0,2500000.0
9980,Rob,Hulse,Rob Hulse,2012,1039,rob-hulse,England,Crewe  ,England,1979-10-25 00:00:00,Centre-Forward,Attack,right,185.0,,,https://img.a.transfermarkt.technology/portrait/header/default.jpg?lm=1,,,,https://www.transfermarkt.co.uk/rob-hulse/profil/spieler/9980,GB1,Queens Park Rangers,250000.0,3750000.0
9988,Michael,Dawson,Michael Dawson,2016,3008,michael-dawson,England,Northallerton  ,England,1983-11-18 00:00:00,Centre-Back,Defender,right,189.0,,,https://img.a.transfermarkt.technology/portrait/header/9988-1541148674.JPG?lm=1,,,,https://www.transfermarkt.co.uk/michael-dawson/profil/spieler/9988,GB1,Hull City,200000.0,12000000.0
10003,Wes,Morgan,Wes Morgan,2020,1003,wes-morgan,England,Nottingham  ,Jamaica,1984-01-21 00:00:00,Centre-Back,Defender,right,185.0,,,https://img.a.transfermarkt.technology/portrait/header/10003-1405438663.jpg?lm=1,,,,https://www.transfermarkt.co.uk/wes-morgan/profil/spieler/10003,GB1,Leicester City,400000.0,3500000.0
10375,Shaun,MacDonald,Shaun MacDonald,2015,989,shaun-macdonald,Wales,Swansea  ,Wales,1988-06-17 00:00:00,Central Midfield,Midfield,right,183.0,2023-06-30 00:00:00,The Endgame Group,https://img.a.transfermarkt.technology/portrait/header/10375-1452002410.jpg?lm=1,,,,https://www.transfermarkt.co.uk/shaun-macdonald/profil/spieler/10375,GB1,AFC Bournemouth,75000.0,500000.0
10501,Paul,Gallagher,Paul Gallagher,2014,1003,paul-gallagher,Scotland,Glasgow  ,Scotland,1984-09-08 00:00:00,Central Midfield,Midfield,right,185.0,,KIN Partners,https://img.a.transfermarkt.technology/portrait/header/10501-1477567558.jpg?lm=1,,,,https://www.transfermarkt.co.uk/paul-gallagher/profil/spieler/10501,GB1,Leicester City,250000.0,1750000.0
10642,Mike,Williamson,Mike Williamson,2015,762,mike-williamson,England,Stoke-on-Trent  ,England,1983-11-08 00:00:00,Centre-Back,Defender,right,194.0,2023-06-30 00:00:00,,https://img.a.transfermarkt.technology/portrait/header/s_10642_762_2013_05_07_1.jpg?lm=1,,,,https://www.transfermarkt.co.uk/mike-williamson/profil/spieler/10642,GB1,Newcastle United,250000.0,4000000.0
11680,Rob,Green,Rob Green,2018,631,rob-green,England,Chertsey  ,England,1980-01-18 00:00:00,Goalkeeper,Goalkeeper,right,191.0,,,https://img.a.transfermarkt.technology/portrait/header/11680-1520606319.jpg?lm=1,,,,https://www.transfermarkt.co.uk/rob-green/profil/spieler/11680,GB1,Chelsea FC,250000.0,8000000.0
12125,Stephen,Kelly,Stephen Kelly,2012,1032,stephen-kelly,Ireland,Dublin  ,Ireland,1983-09-06 00:00:00,Right-Back,Defender,right,184.0,,SEM Group plc.,https://img.a.transfermarkt.technology/portrait/header/s_12125_931_2012_1.jpg?lm=1,,,,https://www.transfermarkt.co.uk/stephen-kelly/profil/spieler/12125,GB1,Reading FC,350000.0,2250000.0
12127,Michael,Turner,Michael Turner,2015,1123,michael-turner,England,London  ,England,1983-11-09 00:00:00,Centre-Back,Defender,right,193.0,,,https://img.a.transfermarkt.technology/portrait/header/s_12127_1123_2013_10_18_1.jpg?lm=1,,,,https://www.transfermarkt.co.uk/michael-turner/profil/spieler/12127,GB1,Norwich City,350000.0,6000000.0
12384,Alexander,Tettey,Alexander Tettey,2019,1123,alexander-tettey,Ghana,Accra  ,Norway,1986-04-04 00:00:00,Defensive Midfield,Midfield,right,181.0,,,https://img.a.transfermarkt.technology/portrait/header/12384-1581589369.jpg?lm=1,,,,https://www.transfermarkt.co.uk/alexander-tettey/profil/spieler/12384,GB1,Norwich City,500000.0,4000000.0
12401,Tommy,Smith,Tommy Smith,2013,603,tommy-smith,England,Hemel Hempstead  ,England,1980-05-22 00:00:00,Centre-Forward,Attack,right,178.0,,,https://img.a.transfermarkt.technology/portrait/header/s_12401_603_2013_04_17_1.jpg?lm=1,,,,https://www.transfermarkt.co.uk/tommy-smith/profil/spieler/12401,GB1,Cardiff City,250000.0,2000000.0
12516,Peter,Odemwingie,Peter Odemwingie,2015,512,peter-odemwingie,UdSSR,Tashkent  ,Nigeria,1981-07-15 00:00:00,Right Winger,Attack,right,181.0,,,https://img.a.transfermarkt.technology/portrait/header/12516-1477388010.jpg?lm=1,,,,https://www.transfermarkt.co.uk/peter-odemwingie/profil/spieler/12516,GB1,Stoke City,500000.0,8500000.0
12628,Noel,Hunt,Noel Hunt,2012,1032,noel-hunt,Ireland,Waterford  ,Ireland,1982-12-26 00:00:00,Centre-Forward,Attack,left,173.0,,,https://img.a.transfermarkt.technology/portrait/header/s_12628_1032_2012_1.jpg?lm=1,,,,https://www.transfermarkt.co.uk/noel-hunt/profil/spieler/12628,GB1,Reading FC,150000.0,2250000.0
12691,James,Collins,James Collins,2017,379,james-collins,Wales,Newport  ,Wales,1983-08-23 00:00:00,Centre-Back,Defender,right,188.0,,CAA Stellar,https://img.a.transfermarkt.technology/portrait/header/12691-1464942849.jpg?lm=1,,,,https://www.transfermarkt.co.uk/james-collins/profil/spieler/12691,GB1,West Ham United,600000.0,7000000.0
12693,Stephen,Dobbie,Stephen Dobbie,2014,873,stephen-dobbie,Scotland,Glasgow  ,Scotland,1982-12-05 00:00:00,Centre-Forward,Attack,right,178.0,,,https://img.a.transfermarkt.technology/portrait/header/s_12693_873_2013_09_26_1.jpg?lm=1,,,,https://www.transfermarkt.co.uk/stephen-dobbie/profil/spieler/12693,GB1,Crystal Palace,200000.0,1500000.0
12709,Danny,Gabbidon,Danny Gabbidon,2013,873,danny-gabbidon,Wales,Cwmbran  ,Wales,1979-08-08 00:00:00,Centre-Back,Defender,right,178.0,,,https://img.a.transfermarkt.technology/portrait/header/s_12709_379_2009_1.jpg?lm=1,,,,https://www.transfermarkt.co.uk/danny-gabbidon/profil/spieler/12709,GB1,Crystal Palace,250000.0,2000000.0
12814,Julián,Speroni,Julián Speroni,2018,873,julian-speroni,Argentina,Buenos Aires  ,Argentina,1979-05-18 00:00:00,Goalkeeper,Goalkeeper,right,186.0,,,https://img.a.transfermarkt.technology/portrait/header/12814-1547722421.jpg?lm=1,,,,https://www.transfermarkt.co.uk/julian-speroni/profil/spieler/12814,GB1,Crystal Palace,250000.0,1500000.0
13239,Darren,Bent,Darren Bent,2014,405,darren-bent,England,London  ,England,1984-02-06 00:00:00,Centre-Forward,Attack,right,180.0,,,https://img.a.transfermarkt.technology/portrait/header/13239-1410951034.jpg?lm=1,,,,https://www.transfermarkt.co.uk/darren-bent/profil/spieler/13239,GB1,Aston Villa,1000000.0,21000000.0
13249,Andy,Marshall,Andy Marshall,2012,405,andy-marshall,England,Bury St Edmunds  ,England,1975-04-14 00:00:00,Goalkeeper,Goalkeeper,right,188.0,,,https://img.a.transfermarkt.technology/portrait/header/s_13249_405_2012_11_12_1.jpg?lm=1,,,,https://www.transfermarkt.co.uk/andy-marshall/profil/spieler/13249,GB1,Aston Villa,250000.0,600000.0
13350,Lewis,Price,Lewis Price,2014,873,lewis-price,England,Bournemouth  ,Wales,1984-07-19 00:00:00,Goalkeeper,Goalkeeper,right,191.0,,,https://img.a.transfermarkt.technology/portrait/header/s_13350_873_2013_02_06_1.jpg?lm=1,,,,https://www.transfermarkt.co.uk/lewis-price/profil/spieler/13350,GB1,Crystal Palace,250000.0,700000.0
13412,Grant,Holt,Grant Holt,2013,405,grant-holt,England,Carlisle  ,England,1981-04-12 00:00:00,Centre-Forward,Attack,right,183.0,,Full Contact,https://img.a.transfermarkt.technology/portrait/header/s_13412_1123_2013_03_06_1.jpg?lm=1,,,,https://www.transfermarkt.co.uk/grant-holt/profil/spieler/13412,GB1,Aston Villa,350000.0,4000000.0
13426,Nicky,Shorey,Nicky Shorey,2012,1032,nicky-shorey,England,Romford  ,England,1981-02-19 00:00:00,Left-Back,Defender,left,175.0,,Skillequal Ltd.,https://img.a.transfermarkt.technology/portrait/header/s_13426_405_2009_1.jpg?lm=1,,,,https://www.transfermarkt.co.uk/nicky-shorey/profil/spieler/13426,GB1,Reading FC,250000.0,6500000.0
13427,Steve,Sidwell,Steve Sidwell,2017,1237,steve-sidwell,England,London  ,England,1982-12-14 00:00:00,Central Midfield,Midfield,right,183.0,,,https://img.a.transfermarkt.technology/portrait/header/13427-1496840217.jpg?lm=1,,,,https://www.transfermarkt.co.uk/steve-sidwell/profil/spieler/13427,GB1,Brighton & Hove Albion,1000000.0,5500000.0
13443,Lee,Camp,Lee Camp,2013,984,lee-camp,England,Derby  ,Northern Ireland,1984-08-22 00:00:00,Goalkeeper,Goalkeeper,right,183.0,,Wasserman,https://img.a.transfermarkt.technology/portrait/header/s_13443_1123_2013_03_06_1.jpg?lm=1,,,,https://www.transfermarkt.co.uk/lee-camp/profil/spieler/13443,GB1,West Bromwich Albion,150000.0,1250000.0
13460,Lee,Grant,Lee Grant,2021,985,lee-grant,England,Hemel Hempstead  ,England,1983-01-27 00:00:00,Goalkeeper,Goalkeeper,right,193.0,,,https://img.a.transfermarkt.technology/portrait/header/s_13460_22_2013_09_26_1.jpg?lm=1,,,,https://www.transfermarkt.co.uk/lee-grant/profil/spieler/13460,GB1,Manchester United,250000.0,1000000.0
13465,Tom,Huddlestone,Tom Huddlestone,2016,3008,tom-huddlestone,England,Nottingham  ,England,1986-12-28 00:00:00,Defensive Midfield,Midfield,right,188.0,2024-06-30 00:00:00,Panthera Sports,https://img.a.transfermarkt.technology/portrait/header/13465-1659518469.jpg?lm=1,,,,https://www.transfermarkt.co.uk/tom-huddlestone/profil/spieler/13465,GB1,Hull City,250000.0,12000000.0
13507,Leighton,Baines,Leighton Baines,2019,29,leighton-baines,England,Kirkby  ,England,1984-12-11 00:00:00,Left-Back,Defender,left,170.0,,Gary Porter,https://img.a.transfermarkt.technology/portrait/header/13507-1462276741.jpg?lm=1,,,,https://www.transfermarkt.co.uk/leighton-baines/profil/spieler/13507,GB1,Everton FC,1600000.0,22000000.0
13520,Phil,Jagielka,Phil Jagielka,2020,350,phil-jagielka,England,Manchester  ,England,1982-08-17 00:00:00,Centre-Back,Defender,right,180.0,2023-06-30 00:00:00,CAA Stellar,https://img.a.transfermarkt.technology/portrait/header/13520-1475843125.jpg?lm=1,,,,https://www.transfermarkt.co.uk/phil-jagielka/profil/spieler/13520,GB1,Sheffield United,200000.0,12000000.0
13572,Ben,Foster,Ben Foster,2021,1010,ben-foster,England,Leamington Spa  ,England,1983-04-03 00:00:00,Goalkeeper,Goalkeeper,left,193.0,2023-06-30 00:00:00,,https://img.a.transfermarkt.technology/portrait/header/13572-1681399137.jpg?lm=1,,,,https://www.transfermarkt.co.uk/ben-foster/profil/spieler/13572,GB1,Watford FC,300000.0,5500000.0
13573,Simon,Francis,Simon Francis,2019,989,simon-francis,England,Nottingham  ,England,1985-02-16 00:00:00,Right-Back,Defender,right,191.0,,,https://img.a.transfermarkt.technology/portrait/header/13573-1445429827.jpg?lm=1,,,,https://www.transfermarkt.co.uk/simon-francis/profil/spieler/13573,GB1,AFC Bournemouth,800000.0,2500000.0
13582,Karl,Henry,Karl Henry,2014,1039,karl-henry,England,Wolverhampton  ,England,1982-11-26 00:00:00,Defensive Midfield,Midfield,right,184.0,,CAA Base Ltd,https://img.a.transfermarkt.technology/portrait/header/s_13582_543_2013_05_22_1.jpg?lm=1,,,,https://www.transfermarkt.co.uk/karl-henry/profil/spieler/13582,GB1,Queens Park Rangers,500000.0,3500000.0
13616,Andy,Wilkinson,Andy Wilkinson,2014,512,andy-wilkinson,England,Stone  ,England,1984-08-06 00:00:00,Right-Back,Defender,right,180.0,,,https://img.a.transfermarkt.technology/portrait/header/s_13616_512_2009_1.jpg?lm=1,,,,https://www.transfermarkt.co.uk/andy-wilkinson/profil/spieler/13616,GB1,Stoke City,1000000.0,3500000.0
13640,Kelvin,Davis,Kelvin Davis,2015,180,kelvin-davis,England,Leighton Buzzard  ,England,1976-09-29 00:00:00,Goalkeeper,Goalkeeper,right,185.0,,,https://img.a.transfermarkt.technology/portrait/header/s_13640_180_2012_1.jpg?lm=1,,,,https://www.transfermarkt.co.uk/kelvin-davis/profil/spieler/13640,GB1,Southampton FC,250000.0,2000000.0
13683,Dean,Whitehead,Dean Whitehead,2017,1110,dean-whitehead,England,Abingdon  ,England,1982-01-12 00:00:00,Central Midfield,Midfield,right,183.0,,,https://img.a.transfermarkt.technology/portrait/header/13683-1520416609.jpg?lm=1,,,,https://www.transfermarkt.co.uk/dean-whitehead/profil/spieler/13683,GB1,Huddersfield Town,250000.0,4000000.0
13796,Grant,Leadbitter,Grant Leadbitter,2016,641,grant-leadbitter,England,Chester-le-Street  ,England,1986-01-07 00:00:00,Central Midfield,Midfield,right,177.0,,,https://img.a.transfermarkt.technology/portrait/header/default.jpg?lm=1,,,,https://www.transfermarkt.co.uk/grant-leadbitter/profil/spieler/13796,GB1,Middlesbrough FC,1600000.0,2000000.0
13829,Diego,Lugano,Diego Lugano,2013,984,diego-lugano,Uruguay,Canelones  ,Uruguay,1980-11-02 00:00:00,Centre-Back,Defender,right,188.0,,,https://img.a.transfermarkt.technology/portrait/header/s_13829_1084_2013_06_24_1.jpg?lm=1,,,,https://www.transfermarkt.co.uk/diego-lugano/profil/spieler/13829,GB1,West Bromwich Albion,500000.0,14000000.0
13886,,Hilário,Hilário,2013,631,hilario,Portugal,São Pedro da Cova  ,Portugal,1975-10-21 00:00:00,Goalkeeper,Goalkeeper,right,189.0,,Gestifute,https://img.a.transfermarkt.technology/portrait/header/s_13886_631_2009_1.jpg?lm=1,,,,https://www.transfermarkt.co.uk/hilario/profil/spieler/13886,GB1,Chelsea FC,250000.0,1040000.0
13997,Danny,Butterfield,Danny Butterfield,2012,180,danny-butterfield,England,Boston  ,England,1979-11-21 00:00:00,Right-Back,Defender,right,180.0,,,https://img.a.transfermarkt.technology/portrait/header/s_13997_180_2012_1.jpg?lm=1,,,,https://www.transfermarkt.co.uk/danny-butterfield/profil/spieler/13997,GB1,Southampton FC,50000.0,1200000.0
14007,Shaun,Derry,Shaun Derry,2012,1039,shaun-derry,England,Nottingham  ,England,1977-12-06 00:00:00,Defensive Midfield,Midfield,right,177.0,,,https://img.a.transfermarkt.technology/portrait/header/s_14007_1039_2013_03_07_1.jpg?lm=1,,,,https://www.transfermarkt.co.uk/shaun-derry/profil/spieler/14007,GB1,Queens Park Rangers,500000.0,1000000.0
14013,Matty,Fryatt,Matty Fryatt,2013,3008,matty-fryatt,England,Nuneaton  ,England,1986-03-05 00:00:00,Centre-Forward,Attack,right,178.0,,Kick & Law,https://img.a.transfermarkt.technology/portrait/header/s_14013_3008_2013_08_16_1.jpg?lm=1,,,,https://www.transfermarkt.co.uk/matty-fryatt/profil/spieler/14013,GB1,Hull City,250000.0,3500000.0
14031,Andy,Johnson,Andy Johnson,2014,873,andy-johnson,England,Bedford  ,England,1981-02-10 00:00:00,Centre-Forward,Attack,right,172.0,,,https://img.a.transfermarkt.technology/portrait/header/s_14031_931_2009_1.jpg?lm=1,,,,https://www.transfermarkt.co.uk/andy-johnson/profil/spieler/14031,GB1,Crystal Palace,1000000.0,12250000.0
14041,Mikele,Leigertwood,Mikele Leigertwood,2012,1032,mikele-leigertwood,England,Enfield  ,Antigua and Barbuda,1982-11-12 00:00:00,Defensive Midfield,Midfield,both,188.0,,CAA Base Ltd,https://img.a.transfermarkt.technology/portrait/header/s_14041_1032_2012_1.jpg?lm=1,,,,https://www.transfermarkt.co.uk/mikele-leigertwood/profil/spieler/14041,GB1,Reading FC,600000.0,1250000.0
14044,Andy,Lonergan,Andy Lonergan,2023,29,andy-lonergan,England,Preston  ,England,1983-10-19 00:00:00,Goalkeeper,Goalkeeper,left,193.0,2025-06-30 00:00:00,,https://img.a.transfermarkt.technology/portrait/header/14044-1700670846.jpg?lm=1,,,,https://www.transfermarkt.co.uk/andy-lonergan/profil/spieler/14044,GB1,Everton FC,100000.0,700000.0
14047,Jobi,McAnuff,Jobi McAnuff,2012,1032,jobi-mcanuff,England,London  ,Jamaica,1981-11-09 00:00:00,Left Winger,Attack,right,180.0,,,https://img.a.transfermarkt.technology/portrait/header/s_14047_1032_2012_1.jpg?lm=1,,,,https://www.transfermarkt.co.uk/jobi-mcanuff/profil/spieler/14047,GB1,Reading FC,250000.0,1750000.0
14066,Wayne,Routledge,Wayne Routledge,2017,2288,wayne-routledge,England,London  ,England,1985-01-07 00:00:00,Left Winger,Attack,right,170.0,,Unique Sports Group,https://img.a.transfermarkt.technology/portrait/header/s_14066_2288_2013_10_18_1.jpg?lm=1,,,,https://www.transfermarkt.co.uk/wayne-routledge/profil/spieler/14066,GB1,Swansea City,250000.0,5000000.0
14069,Mamady,Sidibé,Mamady Sidibé,2012,512,mamady-sidibe,Mali,Bamako  ,Mali,1979-12-18 00:00:00,Centre-Forward,Attack,right,193.0,,,https://img.a.transfermarkt.technology/portrait/header/s_14069_512_2009_1.jpg?lm=1,,,,https://www.transfermarkt.co.uk/mamady-sidibe/profil/spieler/14069,GB1,Stoke City,700000.0,2500000.0
14081,Ben,Watson,Ben Watson,2017,1010,ben-watson,England,London  ,England,1985-07-09 00:00:00,Central Midfield,Midfield,right,178.0,,CAA Base Ltd,https://img.a.transfermarkt.technology/portrait/header/14081-1541149342.JPG?lm=1,,,,https://www.transfermarkt.co.uk/ben-watson/profil/spieler/14081,GB1,Watford FC,250000.0,4000000.0
14086,Ashley,Young,Ashley Young,2024,29,ashley-young,England,Stevenage  ,England,1985-07-09 00:00:00,Right-Back,Defender,both,175.0,2026-06-30 00:00:00,CAA Base Ltd,https://img.a.transfermarkt.technology/portrait/header/14086-1700736434.jpg?lm=1,39.0,7.0,,https://www.transfermarkt.co.uk/ashley-young/profil/spieler/14086,GB1,Everton FC,400000.0,27000000.0
14178,David,Vaughan,David Vaughan,2013,289,david-vaughan,Wales,Abergele  ,Wales,1983-02-18 00:00:00,Defensive Midfield,Midfield,left,171.0,,,https://img.a.transfermarkt.technology/portrait/header/14178-1464943237.jpg?lm=1,,,,https://www.transfermarkt.co.uk/david-vaughan/profil/spieler/14178,GB1,Sunderland AFC,500000.0,3500000.0
14221,Aaron,Lennon,Aaron Lennon,2021,1132,aaron-lennon,England,Chapeltown  ,England,1987-04-16 00:00:00,Right Winger,Attack,right,165.0,,CAA Base Ltd,https://img.a.transfermarkt.technology/portrait/header/14221-1668518582.jpg?lm=1,,,,https://www.transfermarkt.co.uk/aaron-lennon/profil/spieler/14221,GB1,Burnley FC,600000.0,21000000.0
14555,Scott,Carson,Scott Carson,2024,281,scott-carson,England,Whitehaven  ,England,1985-09-03 00:00:00,Goalkeeper,Goalkeeper,right,188.0,,Wasserman,https://img.a.transfermarkt.technology/portrait/header/14555-1666733622.jpg?lm=1,4.0,0.0,,https://www.transfermarkt.co.uk/scott-carson/profil/spieler/14555,GB1,Manchester City,100000.0,6000000.0
15164,Keiren,Westwood,Keiren Westwood,2013,289,keiren-westwood,England,Manchester  ,Ireland,1984-10-23 00:00:00,Goalkeeper,Goalkeeper,left,188.0,,CAA Stellar,https://img.a.transfermarkt.technology/portrait/header/15164-1464868177.jpg?lm=1,,,,https://www.transfermarkt.co.uk/keiren-westwood/profil/spieler/15164,GB1,Sunderland AFC,200000.0,2000000.0
15166,Liam,Rosenior,Liam Rosenior,2017,1237,liam-rosenior,England,London  ,England,1984-07-09 00:00:00,Right-Back,Defender,right,178.0,,Distinct Football,https://img.a.transfermarkt.technology/portrait/header/s_15166_3008_2013_09_27_1.jpg?lm=1,,,,https://www.transfermarkt.co.uk/liam-rosenior/profil/spieler/15166,GB1,Brighton & Hove Albion,1000000.0,1750000.0
15220,Artur,Boruc,Artur Boruc,2019,989,artur-boruc,Poland,Siedlce  ,Poland,1980-02-20 00:00:00,Goalkeeper,Goalkeeper,right,193.0,,Wasserman,https://img.a.transfermarkt.technology/portrait/header/15220-1464956412.jpg?lm=1,,,,https://www.transfermarkt.co.uk/artur-boruc/profil/spieler/15220,GB1,AFC Bournemouth,50000.0,12000000.0
15773,Phil,Bardsley,Phil Bardsley,2021,1132,phil-bardsley,England,Salford  ,Scotland,1985-06-28 00:00:00,Right-Back,Defender,right,180.0,2023-06-30 00:00:00,,https://img.a.transfermarkt.technology/portrait/header/15773-1520607738.jpg?lm=1,,,,https://www.transfermarkt.co.uk/phil-bardsley/profil/spieler/15773,GB1,Burnley FC,75000.0,6000000.0
15838,Elliott,Ward,Elliott Ward,2015,989,elliott-ward,England,Harrow  ,England,1985-01-19 00:00:00,Centre-Back,Defender,right,185.0,,,https://img.a.transfermarkt.technology/portrait/header/default.jpg?lm=1,,,,https://www.transfermarkt.co.uk/elliott-ward/profil/spieler/15838,GB1,AFC Bournemouth,250000.0,2000000.0
15921,Matt,Jarvis,Matt Jarvis,2015,1123,matt-jarvis,England,Middlesbrough  ,England,1986-05-22 00:00:00,Left Winger,Attack,,173.0,,Razon Sports,https://img.a.transfermarkt.technology/portrait/header/15921-1407743677.jpg?lm=1,,,,https://www.transfermarkt.co.uk/matt-jarvis/profil/spieler/15921,GB1,Norwich City,300000.0,11000000.0
15929,Jamie,Mackie,Jamie Mackie,2012,1039,jamie-mackie,England,Dorking  ,Scotland,1985-09-22 00:00:00,Centre-Forward,Attack,right,182.0,,Unique Sports Group,https://img.a.transfermarkt.technology/portrait/header/s_15929_1039_2013_03_05_1.jpg?lm=1,,,,https://www.transfermarkt.co.uk/jamie-mackie/profil/spieler/15929,GB1,Queens Park Rangers,800000.0,3500000.0
15930,David,Martin,David Martin,2021,379,david-martin,England,London  ,England,1986-01-22 00:00:00,Goalkeeper,Goalkeeper,right,188.0,,,https://img.a.transfermarkt.technology/portrait/header/15930-1560936786.png?lm=1,,,,https://www.transfermarkt.co.uk/david-martin/profil/spieler/15930,GB1,West Ham United,75000.0,250000.0
16306,,Casemiro,Casemiro,2025,985,casemiro,Brazil,São José dos Campos  ,Brazil,1992-02-23 00:00:00,Defensive Midfield,Midfield,right,185.0,,Best of You,https://img.a.transfermarkt.technology/portrait/header/16306-1699018876.jpg?lm=1,91.0,10.0,,https://www.transfermarkt.co.uk/casemiro/profil/spieler/16306,GB1,Manchester United,6000000.0,80000000.0
16576,Carlos,Cuéllar,Carlos Cuéllar,2013,289,carlos-cuellar,Spain,Madrid  ,Spain,1981-08-23 00:00:00,Centre-Back,Defender,right,190.0,,,https://img.a.transfermarkt.technology/portrait/header/s_16576_405_2009_1.jpg?lm=1,,,,https://www.transfermarkt.co.uk/carlos-cuellar/profil/spieler/16576,GB1,Sunderland AFC,50000.0,10000000.0
16660,Alex,Baptiste,Alex Baptiste,2016,641,alex-baptiste,England,Sutton-in-Ashfield  ,England,1986-01-31 00:00:00,Centre-Back,Defender,right,180.0,,Unique Sports Group,https://img.a.transfermarkt.technology/portrait/header/s_16660_355_2013_08_06_1.jpg?lm=1,,,,https://www.transfermarkt.co.uk/alex-baptiste/profil/spieler/16660,GB1,Middlesbrough FC,400000.0,2000000.0
16716,Danny,Guthrie,Danny Guthrie,2012,1032,danny-guthrie,England,Shrewsbury  ,England,1987-04-18 00:00:00,Central Midfield,Midfield,right,176.0,,SME 83,https://img.a.transfermarkt.technology/portrait/header/s_16716_762_2009_1.jpg?lm=1,,,,https://www.transfermarkt.co.uk/danny-guthrie/profil/spieler/16716,GB1,Reading FC,100000.0,4700000.0
16810,Marco,Amelia,Marco Amelia,2015,631,marco-amelia,Italy,Frascati  ,Italy,1982-04-02 00:00:00,Goalkeeper,Goalkeeper,right,190.0,,,https://img.a.transfermarkt.technology/portrait/header/s_16810_5_2013_09_11_1.jpg?lm=1,,,,https://www.transfermarkt.co.uk/marco-amelia/profil/spieler/16810,GB1,Chelsea FC,100000.0,14000000.0
16947,Marcin,Wasilewski,Marcin Wasilewski,2016,1003,marcin-wasilewski,Poland,Kraków  ,Poland,1980-06-09 00:00:00,Centre-Back,Defender,right,186.0,,,https://img.a.transfermarkt.technology/portrait/header/16947-1605875946.jpg?lm=1,,,,https://www.transfermarkt.co.uk/marcin-wasilewski/profil/spieler/16947,GB1,Leicester City,50000.0,3000000.0
17273,Steven,Taylor,Steven Taylor,2015,762,steven-taylor,England,London  ,England,1986-01-23 00:00:00,Centre-Back,Defender,right,186.0,,Sezer Bravo,https://img.a.transfermarkt.technology/portrait/header/17273-1476358504.jpg?lm=1,,,,https://www.transfermarkt.co.uk/steven-taylor/profil/spieler/17273,GB1,Newcastle United,300000.0,6500000.0
18227,Curtis,Davies,Curtis Davies,2016,3008,curtis-davies,England,London  ,England,1985-03-15 00:00:00,Centre-Back,Defender,right,188.0,2023-06-30 00:00:00,Sport First,https://img.a.transfermarkt.technology/portrait/header/18227-1496828407.jpg?lm=1,,,,https://www.transfermarkt.co.uk/curtis-davies/profil/spieler/18227,GB1,Hull City,100000.0,7000000.0
18324,Zoltán,Gera,Zoltán Gera,2013,984,zoltan-gera,Hungary,Pécs  ,Hungary,1979-04-22 00:00:00,Central Midfield,Midfield,both,183.0,,Vladan Filipovic,https://img.a.transfermarkt.technology/portrait/header/18324-1464960485.jpg?lm=1,,,,https://www.transfermarkt.co.uk/zoltan-gera/profil/spieler/18324,GB1,West Bromwich Albion,100000.0,4500000.0
18871,Jean,Beausejour,Jean Beausejour,2012,1071,jean-beausejour,Chile,Santiago de Chile  ,Chile,1984-06-01 00:00:00,Left-Back,Defender,left,178.0,,UNOSPORTS,https://img.a.transfermarkt.technology/portrait/header/18871-1497615523.jpg?lm=1,,,,https://www.transfermarkt.co.uk/jean-beausejour/profil/spieler/18871,GB1,Wigan Athletic,250000.0,6000000.0
19059,Heurelho,Gomes,Heurelho Gomes,2019,1010,heurelho-gomes,Brazil,João Pinheiro  ,Brazil,1981-02-15 00:00:00,Goalkeeper,Goalkeeper,right,191.0,,Velop4 Sports Ltd.,https://img.a.transfermarkt.technology/portrait/header/19059-1578326011.jpg?lm=1,,,,https://www.transfermarkt.co.uk/heurelho-gomes/profil/spieler/19059,GB1,Watford FC,400000.0,10000000.0
19085,Marouane,Chamakh,Marouane Chamakh,2015,873,marouane-chamakh,France,Tonneins  ,Morocco,1984-01-10 00:00:00,Centre-Forward,Attack,right,188.0,,,https://img.a.transfermarkt.technology/portrait/header/19085-1683643800.jpg?lm=1,,,,https://www.transfermarkt.co.uk/marouane-chamakh/profil/spieler/19085,GB1,Crystal Palace,2000000.0,17000000.0
19368,Mousa,Dembélé,Mousa Dembélé,2018,148,mousa-dembele,Belgium,Antwerpen  ,Belgium,1987-07-16 00:00:00,Central Midfield,Midfield,left,185.0,,A-GROUP,https://img.a.transfermarkt.technology/portrait/header/19368-1563265500.png?lm=1,,,,https://www.transfermarkt.co.uk/mousa-dembele/profil/spieler/19368,GB1,Tottenham Hotspur,400000.0,21000000.0
19641,Emmerson,Boyce,Emmerson Boyce,2012,1071,emmerson-boyce,England,Aylesbury  ,Barbados,1979-09-24 00:00:00,Right-Back,Defender,right,180.0,,CAA Base Ltd,https://img.a.transfermarkt.technology/portrait/header/s_19641_1071_2009_1.jpg?lm=1,,,,https://www.transfermarkt.co.uk/emmerson-boyce/profil/spieler/19641,GB1,Wigan Athletic,200000.0,3500000.0
19721,Goran,Popov,Goran Popov,2013,984,goran-popov,Jugoslawien (SFR),Strumica  ,North Macedonia,1984-10-02 00:00:00,Left-Back,Defender,left,188.0,,,https://img.a.transfermarkt.technology/portrait/header/s_19721_984_2013_05_07_1.jpg?lm=1,,,,https://www.transfermarkt.co.uk/goran-popov/profil/spieler/19721,GB1,West Bromwich Albion,100000.0,4000000.0
19948,Willy,Caballero,Willy Caballero,2022,180,willy-caballero,Argentina,Santa Elena  ,Argentina,1981-09-28 00:00:00,Goalkeeper,Goalkeeper,right,186.0,,,https://img.a.transfermarkt.technology/portrait/header/19948-1685709633.jpg?lm=1,,,,https://www.transfermarkt.co.uk/willy-caballero/profil/spieler/19948,GB1,Southampton FC,150000.0,5000000.0
20007,Pablo,Zabaleta,Pablo Zabaleta,2019,379,pablo-zabaleta,Argentina,Buenos Aires  ,Argentina,1985-01-16 00:00:00,Right-Back,Defender,right,176.0,,Entourage Sports,https://img.a.transfermarkt.technology/portrait/header/20007-1454413148.jpg?lm=1,,,,https://www.transfermarkt.co.uk/pablo-zabaleta/profil/spieler/20007,GB1,West Ham United,800000.0,19000000.0
20975,Leroy,Lita,Leroy Lita,2013,2288,leroy-lita,Zaire,Kinshasa  ,England,1984-12-28 00:00:00,Centre-Forward,Attack,right,176.0,,,https://img.a.transfermarkt.technology/portrait/header/s_20975_2288_2013_09_27_1.jpg?lm=1,,,,https://www.transfermarkt.co.uk/leroy-lita/profil/spieler/20975,GB1,Swansea City,200000.0,2750000.0
21010,Radek,Cerny,Radek Cerny,2012,1039,radek-cerny,CSSR,Praha  ,Czech Republic,1974-02-18 00:00:00,Goalkeeper,Goalkeeper,right,187.0,,Nehoda Sport,https://img.a.transfermarkt.technology/portrait/header/s_21010_1039_2013_03_07_1.jpg?lm=1,,,,https://www.transfermarkt.co.uk/radek-cerny/profil/spieler/21010,GB1,Queens Park Rangers,250000.0,1500000.0
21496,Brett,Holman,Brett Holman,2012,405,brett-holman,Australia,Bankstown  ,Australia,1984-03-27 00:00:00,Attacking Midfield,Midfield,right,177.0,,,https://img.a.transfermarkt.technology/portrait/header/21496-1458740593.jpg?lm=1,,,,https://www.transfermarkt.co.uk/brett-holman/profil/spieler/21496,GB1,Aston Villa,400000.0,4500000.0
21863,Andrea,Dossena,Andrea Dossena,2013,289,andrea-dossena,Italy,Lodi  ,Italy,1981-09-11 00:00:00,Left Midfield,Midfield,left,180.0,,,https://img.a.transfermarkt.technology/portrait/header/s_21863_458_2013_01_11_1.jpg?lm=1,,,,https://www.transfermarkt.co.uk/andrea-dossena/profil/spieler/21863,GB1,Sunderland AFC,250000.0,8000000.0
22165,Charles,N'Zogbia,Charles N'Zogbia,2015,405,charles-nzogbia,France,Harfleur  ,France,1986-05-28 00:00:00,Right Winger,Attack,left,171.0,,MLSports Management,https://img.a.transfermarkt.technology/portrait/header/22165-1410950662.jpg?lm=1,,,,https://www.transfermarkt.co.uk/charles-nzogbia/profil/spieler/22165,GB1,Aston Villa,1000000.0,12000000.0
22491,Anders,Lindegaard,Anders Lindegaard,2018,1132,anders-lindegaard,Denmark,Dyrup  ,Denmark,1984-04-13 00:00:00,Goalkeeper,Goalkeeper,right,193.0,,People In Sport,https://img.a.transfermarkt.technology/portrait/header/22491-1520607880.jpg?lm=1,,,,https://www.transfermarkt.co.uk/anders-lindegaard/profil/spieler/22491,GB1,Burnley FC,200000.0,6500000.0
22801,,Guly,Guly,2013,180,guly,Brazil,Campinas  ,Brazil,1981-12-31 00:00:00,Attacking Midfield,Midfield,right,189.0,,,https://img.a.transfermarkt.technology/portrait/header/s_22801_180_2013_07_19_1.jpg?lm=1,,,,https://www.transfermarkt.co.uk/guly/profil/spieler/22801,GB1,Southampton FC,500000.0,2300000.0
24589,Wes,Hoolahan,Wes Hoolahan,2015,1123,wes-hoolahan,Ireland,Dublin  ,Ireland,1982-05-20 00:00:00,Attacking Midfield,Midfield,left,168.0,,,https://img.a.transfermarkt.technology/portrait/header/24589-1464869685.jpg?lm=1,,,,https://www.transfermarkt.co.uk/wes-hoolahan/profil/spieler/24589,GB1,Norwich City,300000.0,3000000.0
24634,David,Jones,David Jones,2016,1132,david-jones,England,Southport  ,England,1984-11-04 00:00:00,Central Midfield,Midfield,left,183.0,,,https://img.a.transfermarkt.technology/portrait/header/24634-1471347183.jpg?lm=1,,,,https://www.transfermarkt.co.uk/david-jones/profil/spieler/24634,GB1,Burnley FC,350000.0,2500000.0
24636,Paul,McShane,Paul McShane,2014,3008,paul-mcshane,Ireland,Kilpedder  ,Ireland,1986-01-06 00:00:00,Centre-Back,Defender,right,183.0,,,https://img.a.transfermarkt.technology/portrait/header/s_24636_3008_2013_09_27_1.jpg?lm=1,,,,https://www.transfermarkt.co.uk/paul-mcshane/profil/spieler/24636,GB1,Hull City,400000.0,3750000.0
25248,Jonas,Olsson,Jonas Olsson,2016,984,jonas-olsson,Sweden,Landskrona  ,Sweden,1983-03-10 00:00:00,Centre-Back,Defender,left,193.0,,MD Management,https://img.a.transfermarkt.technology/portrait/header/25248-1462188571.jpg?lm=1,,,,https://www.transfermarkt.co.uk/jonas-olsson/profil/spieler/25248,GB1,West Bromwich Albion,250000.0,5000000.0
25366,Michael,Kightly,Michael Kightly,2016,1132,michael-kightly,England,Basildon  ,England,1986-01-24 00:00:00,Left Winger,Attack,right,173.0,,,https://img.a.transfermarkt.technology/portrait/header/s_25366_512_2013_03_08_1.jpg?lm=1,,,,https://www.transfermarkt.co.uk/michael-kightly/profil/spieler/25366,GB1,Burnley FC,500000.0,4500000.0
25542,Elsad,Zverotic,Elsad Zverotic,2013,931,elsad-zverotic,Jugoslawien (SFR),Petnjica  ,Montenegro,1986-10-31 00:00:00,Right-Back,Defender,right,179.0,,,https://img.a.transfermarkt.technology/portrait/header/25542-1600584722.jpg?lm=1,,,,https://www.transfermarkt.co.uk/elsad-zverotic/profil/spieler/25542,GB1,Fulham FC,50000.0,1100000.0
25553,Brede,Hangeland,Brede Hangeland,2015,873,brede-hangeland,United States,Houston  ,Norway,1981-06-20 00:00:00,Centre-Back,Defender,right,199.0,,Rune Hauge,https://img.a.transfermarkt.technology/portrait/header/s_25553_931_2009_1.jpg?lm=1,,,,https://www.transfermarkt.co.uk/brede-hangeland/profil/spieler/25553,GB1,Crystal Palace,1000000.0,11000000.0
25742,Nikica,Jelavic,Nikica Jelavic,2015,379,nikica-jelavic,Jugoslawien (SFR),Čapljina  ,Croatia,1985-08-27 00:00:00,Centre-Forward,Attack,both,188.0,,Pharos Sport Agency,https://img.a.transfermarkt.technology/portrait/header/s_25742_29_2013_01_24_2.jpg?lm=1,,,,https://www.transfermarkt.co.uk/nikica-jelavic/profil/spieler/25742,GB1,West Ham United,50000.0,9000000.0
26267,,Fernandinho,Fernandinho,2021,281,fernandinho,Brazil,Londrina  ,Brazil,1985-05-04 00:00:00,Defensive Midfield,Midfield,right,179.0,2024-12-31 00:00:00,,https://img.a.transfermarkt.technology/portrait/header/26267-1477040739.jpg?lm=1,,,,https://www.transfermarkt.co.uk/fernandinho/profil/spieler/26267,GB1,Manchester City,600000.0,32000000.0
26276,Michel,Vorm,Michel Vorm,2019,148,michel-vorm,Netherlands,IJsselstein  ,Netherlands,1983-10-20 00:00:00,Goalkeeper,Goalkeeper,right,183.0,,Prime11,https://img.a.transfermarkt.technology/portrait/header/26276-1520416447.jpg?lm=1,,,,https://www.transfermarkt.co.uk/michel-vorm/profil/spieler/26276,GB1,Tottenham Hotspur,800000.0,8500000.0
26633,Ali,Al-Habsi,Ali Al-Habsi,2012,1071,ali-al-habsi,Oman,Muscat  ,Oman,1981-12-30 00:00:00,Goalkeeper,Goalkeeper,right,194.0,,,https://img.a.transfermarkt.technology/portrait/header/26633-1483632684.jpg?lm=1,,,,https://www.transfermarkt.co.uk/ali-al-habsi/profil/spieler/26633,GB1,Wigan Athletic,250000.0,5000000.0
26946,Robert,Koren,Robert Koren,2013,3008,robert-koren,Jugoslawien (SFR),Slovenj Gradec  ,Slovenia,1980-09-20 00:00:00,Attacking Midfield,Midfield,right,176.0,,,https://img.a.transfermarkt.technology/portrait/header/26946-1410961375.jpg?lm=1,,,,https://www.transfermarkt.co.uk/robert-koren/profil/spieler/26946,GB1,Hull City,500000.0,3200000.0
27053,Conrad,Logan,Conrad Logan,2014,1003,conrad-logan,Ireland,Ramelton  ,Ireland,1986-04-18 00:00:00,Goalkeeper,Goalkeeper,right,188.0,,,https://img.a.transfermarkt.technology/portrait/header/default.jpg?lm=1,,,,https://www.transfermarkt.co.uk/conrad-logan/profil/spieler/27053,GB1,Leicester City,200000.0,250000.0
27114,Younès,Kaboul,Younès Kaboul,2017,1010,younes-kaboul,France,Saint-Julien-en-Genevois  ,France,1986-01-04 00:00:00,Centre-Back,Defender,right,192.0,,On Fire,https://img.a.transfermarkt.technology/portrait/header/s_27114_148_2012_1.jpg?lm=1,,,,https://www.transfermarkt.co.uk/younes-kaboul/profil/spieler/27114,GB1,Watford FC,1500000.0,15000000.0
27505,Markus,Rosenberg,Markus Rosenberg,2013,984,markus-rosenberg,Sweden,Malmö  ,Sweden,1982-09-27 00:00:00,Centre-Forward,Attack,,,,MD Management,https://img.a.transfermarkt.technology/portrait/header/27505-1490190648.jpg?lm=1,,,,https://www.transfermarkt.co.uk/markus-rosenberg/profil/spieler/27505,GB1,West Bromwich Albion,600000.0,8500000.0
27511,Gary,Cahill,Gary Cahill,2020,873,gary-cahill,England,Dronfield  ,England,1985-12-19 00:00:00,Centre-Back,Defender,right,193.0,,,https://img.a.transfermarkt.technology/portrait/header/27511-1528450444.jpg?lm=1,,,,https://www.transfermarkt.co.uk/gary-cahill/profil/spieler/27511,GB1,Crystal Palace,400000.0,20000000.0
27577,Clint,Dempsey,Clint Dempsey,2013,931,clint-dempsey,United States,"Nacogdoches, Texas  ",United States,1983-03-09 00:00:00,Second Striker,Attack,right,185.0,,YMU Management Ltd.,https://img.a.transfermarkt.technology/portrait/header/27577-1520798945.jpg?lm=1,,,,https://www.transfermarkt.co.uk/clint-dempsey/profil/spieler/27577,GB1,Fulham FC,1000000.0,15000000.0
27614,James,Morrison,James Morrison,2017,984,james-morrison,England,Darlington  ,Scotland,1986-05-25 00:00:00,Central Midfield,Midfield,right,183.0,,,https://img.a.transfermarkt.technology/portrait/header/27614-1467273342.jpg?lm=1,,,,https://www.transfermarkt.co.uk/james-morrison/profil/spieler/27614,GB1,West Bromwich Albion,1500000.0,7500000.0
27659,Martin,Cranie,Martin Cranie,2017,1110,martin-cranie,England,Yeovil  ,England,1986-09-26 00:00:00,Centre-Back,Defender,right,183.0,,Unique Sports Group,https://img.a.transfermarkt.technology/portrait/header/s_27659_990_2009_1.jpg?lm=1,,,,https://www.transfermarkt.co.uk/martin-cranie/profil/spieler/27659,GB1,Huddersfield Town,250000.0,1000000.0
28245,Kenwyne,Jones,Kenwyne Jones,2013,603,kenwyne-jones,Trinidad and Tobago,Point Fortin  ,Trinidad and Tobago,1984-10-05 00:00:00,Centre-Forward,Attack,right,187.0,,,https://img.a.transfermarkt.technology/portrait/header/28245-1489300228.jpg?lm=1,,,,https://www.transfermarkt.co.uk/kenwyne-jones/profil/spieler/28245,GB1,Cardiff City,500000.0,10000000.0
28260,Álvaro,Arbeloa,Álvaro Arbeloa,2016,379,alvaro-arbeloa,Spain,Salamanca  ,Spain,1983-01-17 00:00:00,Right-Back,Defender,right,184.0,,,https://img.a.transfermarkt.technology/portrait/header/28260-1413206598.jpg?lm=1,,,,https://www.transfermarkt.co.uk/alvaro-arbeloa/profil/spieler/28260,GB1,West Ham United,1500000.0,12000000.0
28336,Mile,Jedinak,Mile Jedinak,2016,873,mile-jedinak,Australia,Sydney  ,Australia,1984-08-03 00:00:00,Defensive Midfield,Midfield,right,187.0,,,https://img.a.transfermarkt.technology/portrait/header/28336-1529585564.jpg?lm=1,,,,https://www.transfermarkt.co.uk/mile-jedinak/profil/spieler/28336,GB1,Crystal Palace,1500000.0,6000000.0
28801,Peter,Ramage,Peter Ramage,2014,873,peter-ramage,England,Whitley Bay  ,England,1983-11-22 00:00:00,Centre-Back,Defender,right,185.0,,,https://img.a.transfermarkt.technology/portrait/header/s_28801_873_2013_01_04_1.jpg?lm=1,,,,https://www.transfermarkt.co.uk/peter-ramage/profil/spieler/28801,GB1,Crystal Palace,150000.0,2000000.0
28810,Nedum,Onuoha,Nedum Onuoha,2014,1039,nedum-onuoha,Nigeria,Warri  ,England,1986-11-12 00:00:00,Centre-Back,Defender,right,183.0,,,https://img.a.transfermarkt.technology/portrait/header/28810-1549876577.jpg?lm=1,,,,https://www.transfermarkt.co.uk/nedum-onuoha/profil/spieler/28810,GB1,Queens Park Rangers,500000.0,7500000.0
28878,Ryan,Nelsen,Ryan Nelsen,2012,1039,ryan-nelsen,New Zealand,Christchurch  ,New Zealand,1977-10-18 00:00:00,Centre-Back,Defender,right,185.0,,,https://img.a.transfermarkt.technology/portrait/header/28878-1594719435.jpg?lm=1,,,,https://www.transfermarkt.co.uk/ryan-nelsen/profil/spieler/28878,GB1,Queens Park Rangers,750000.0,3500000.0
28984,Sol,Bamba,Sol Bamba,2018,603,sol-bamba,France,Ivry-sur-Seine  ,Cote d'Ivoire,1985-01-13 00:00:00,Centre-Back,Defender,right,190.0,,Sport Cover,https://img.a.transfermarkt.technology/portrait/header/28984-1419337398.jpg?lm=1,,,,https://www.transfermarkt.co.uk/sol-bamba/profil/spieler/28984,GB1,Cardiff City,250000.0,2500000.0
29055,Jesús,Gámez,Jesús Gámez,2017,762,jesus-gamez,Spain,Fuengirola  ,Spain,1985-04-10 00:00:00,Right-Back,Defender,right,177.0,,,https://img.a.transfermarkt.technology/portrait/header/29055-1447152528.jpg?lm=1,,,,https://www.transfermarkt.co.uk/jesus-gamez/profil/spieler/29055,GB1,Newcastle United,2000000.0,6000000.0
29152,Danny,Graham,Danny Graham,2015,289,danny-graham,England,Gateshead  ,England,1985-08-12 00:00:00,Centre-Forward,Attack,right,183.0,,Unique Sports Group,https://img.a.transfermarkt.technology/portrait/header/s_29152_289_2013_03_08_1.jpg?lm=1,,,,https://www.transfermarkt.co.uk/danny-graham/profil/spieler/29152,GB1,Sunderland AFC,475000.0,4000000.0
29158,Andrew,Taylor,Andrew Taylor,2013,603,andrew-taylor,England,Hartlepool  ,England,1986-08-01 00:00:00,Left-Back,Defender,left,178.0,,,https://img.a.transfermarkt.technology/portrait/header/29158-1475577269.jpg?lm=1,,,,https://www.transfermarkt.co.uk/andrew-taylor/profil/spieler/29158,GB1,Cardiff City,500000.0,2500000.0
29159,Ross,Turnbull,Ross Turnbull,2012,631,ross-turnbull,England,Bishop Auckland  ,England,1985-01-04 00:00:00,Goalkeeper,Goalkeeper,right,193.0,,,https://img.a.transfermarkt.technology/portrait/header/s_29159_2454_2013_10_18_1.jpg?lm=1,,,,https://www.transfermarkt.co.uk/ross-turnbull/profil/spieler/29159,GB1,Chelsea FC,350000.0,2000000.0
29356,Dwight,Tiendalli,Dwight Tiendalli,2014,2288,dwight-tiendalli,Suriname,Paramaribo  ,Netherlands,1985-10-21 00:00:00,Right-Back,Defender,right,176.0,,,https://img.a.transfermarkt.technology/portrait/header/s_29356_2288_2013_09_27_1.jpg?lm=1,,,,https://www.transfermarkt.co.uk/dwight-tiendalli/profil/spieler/29356,GB1,Swansea City,100000.0,2500000.0
29692,Lukasz,Fabianski,Lukasz Fabianski,2025,379,lukasz-fabianski,Poland,Kostrzyn nad Odrą  ,Poland,1985-04-18 00:00:00,Goalkeeper,Goalkeeper,right,190.0,,ROOF,https://img.a.transfermarkt.technology/portrait/header/29692-1685709486.jpg?lm=1,57.0,0.0,,https://www.transfermarkt.co.uk/lukasz-fabianski/profil/spieler/29692,GB1,West Ham United,150000.0,9000000.0
29712,John,Ruddy,John Ruddy,2025,762,john-ruddy,England,St Ives  ,England,1986-10-24 00:00:00,Goalkeeper,Goalkeeper,right,192.0,,THE·TEAM,https://img.a.transfermarkt.technology/portrait/header/29712-1736421115.jpg?lm=1,1.0,0.0,,https://www.transfermarkt.co.uk/john-ruddy/profil/spieler/29712,GB1,Newcastle United,100000.0,5000000.0
29974,Patrick,McCarthy,Patrick McCarthy,2015,873,patrick-mccarthy,Ireland,Dublin  ,Ireland,1983-05-31 00:00:00,Centre-Back,Defender,right,185.0,,,https://img.a.transfermarkt.technology/portrait/header/s_29974_873_2013_01_04_1.jpg?lm=1,,,,https://www.transfermarkt.co.uk/patrick-mccarthy/profil/spieler/29974,GB1,Crystal Palace,500000.0,1500000.0
29975,Andrew,Surman,Andrew Surman,2019,989,andrew-surman,South Africa,"Johannesburg, Gauteng  ",England,1986-08-20 00:00:00,Central Midfield,Midfield,left,178.0,,Unique Sports Group,https://img.a.transfermarkt.technology/portrait/header/s_29975_1123_2013_03_06_1.jpg?lm=1,,,,https://www.transfermarkt.co.uk/andrew-surman/profil/spieler/29975,GB1,AFC Bournemouth,1000000.0,2500000.0
30456,Marc,Wilson,Marc Wilson,2016,984,marc-wilson,Northern Ireland,Aghagallon  ,Ireland,1987-08-17 00:00:00,Centre-Back,Defender,both,188.0,,,https://img.a.transfermarkt.technology/portrait/header/s_30456_512_2013_09_26_1.jpg?lm=1,,,,https://www.transfermarkt.co.uk/marc-wilson/profil/spieler/30456,GB1,West Bromwich Albion,10000.0,5000000.0
30471,James,Vaughan,James Vaughan,2012,1123,james-vaughan,England,Birmingham  ,England,1988-07-14 00:00:00,Centre-Forward,Attack,right,181.0,,Unique Sports Group,https://img.a.transfermarkt.technology/portrait/header/s_30471_29_2009_1.jpg?lm=1,,,,https://www.transfermarkt.co.uk/james-vaughan/profil/spieler/30471,GB1,Norwich City,400000.0,2000000.0
30982,Chu-young,Park,Chu-young Park,2013,11,chu-young-park,"Korea, South",Daegu  ,"Korea, South",1985-07-10 00:00:00,Centre-Forward,Attack,right,182.0,,,https://img.a.transfermarkt.technology/portrait/header/30982-1584688566.jpg?lm=1,,,,https://www.transfermarkt.co.uk/chu-young-park/profil/spieler/30982,GB1,Arsenal FC,100000.0,7000000.0
31553,Danny,Fox,Danny Fox,2013,180,danny-fox,England,Winsford  ,Scotland,1986-05-29 00:00:00,Left-Back,Defender,left,183.0,,,https://img.a.transfermarkt.technology/portrait/header/s_31553_180_2012_1.jpg?lm=1,,,,https://www.transfermarkt.co.uk/danny-fox/profil/spieler/31553,GB1,Southampton FC,300000.0,3000000.0
31579,Adam,Johnson,Adam Johnson,2015,289,adam-johnson,England,Sunderland  ,England,1987-07-14 00:00:00,Right Winger,Attack,left,182.0,,,https://img.a.transfermarkt.technology/portrait/header/s_31579_289_2013_03_06_1.jpg?lm=1,,,,https://www.transfermarkt.co.uk/adam-johnson/profil/spieler/31579,GB1,Sunderland AFC,7500000.0,15000000.0
31642,Geoff,Cameron,Geoff Cameron,2017,512,geoff-cameron,United States,"Attleboro, Massachusetts  ",United States,1985-07-11 00:00:00,Centre-Back,Defender,right,190.0,,CMG Sports,https://img.a.transfermarkt.technology/portrait/header/31642-1646524546.png?lm=1,,,,https://www.transfermarkt.co.uk/geoff-cameron/profil/spieler/31642,GB1,Stoke City,150000.0,5000000.0
31645,,Anderson,Anderson,2014,985,anderson,Brazil,Porto Alegre  ,Brazil,1988-04-13 00:00:00,Central Midfield,Midfield,left,175.0,,MEC Management,https://img.a.transfermarkt.technology/portrait/header/31645-1447748712.jpg?lm=1,,,,https://www.transfermarkt.co.uk/anderson/profil/spieler/31645,GB1,Manchester United,300000.0,31500000.0
31720,Sebastian,Larsson,Sebastian Larsson,2016,289,sebastian-larsson,Sweden,Eskilstuna  ,Sweden,1985-06-06 00:00:00,Central Midfield,Midfield,right,178.0,,Nordic Sky,https://img.a.transfermarkt.technology/portrait/header/31720-1464870657.jpg?lm=1,,,,https://www.transfermarkt.co.uk/sebastian-larsson/profil/spieler/31720,GB1,Sunderland AFC,500000.0,8000000.0
31835,Mark,Noble,Mark Noble,2021,379,mark-noble,England,London  ,England,1987-05-08 00:00:00,Central Midfield,Midfield,right,180.0,,10Ten Football,https://img.a.transfermarkt.technology/portrait/header/31835-1470302562.jpg?lm=1,,,,https://www.transfermarkt.co.uk/mark-noble/profil/spieler/31835,GB1,West Ham United,1000000.0,8000000.0
31883,Hogan,Ephraim,Hogan Ephraim,2012,1039,hogan-ephraim,England,London  ,England,1988-03-31 00:00:00,Left Midfield,Midfield,left,175.0,,,https://img.a.transfermarkt.technology/portrait/header/s_31883_1039_2013_10_10_1.jpg?lm=1,,,,https://www.transfermarkt.co.uk/hogan-ephraim/profil/spieler/31883,GB1,Queens Park Rangers,100000.0,1500000.0
32217,Mike,Pollitt,Mike Pollitt,2012,1071,mike-pollitt,England,Farnworth  ,England,1972-02-29 00:00:00,Goalkeeper,Goalkeeper,right,193.0,,,https://img.a.transfermarkt.technology/portrait/header/s_32217_1071_2009_1.jpg?lm=1,,,,https://www.transfermarkt.co.uk/mike-pollitt/profil/spieler/32217,GB1,Wigan Athletic,250000.0,650000.0
32617,Micah,Richards,Micah Richards,2015,405,micah-richards,England,Birmingham  ,England,1988-06-24 00:00:00,Right-Back,Defender,right,180.0,,SEM Group plc.,https://img.a.transfermarkt.technology/portrait/header/32617-1409567817.jpg?lm=1,,,,https://www.transfermarkt.co.uk/micah-richards/profil/spieler/32617,GB1,Aston Villa,500000.0,18500000.0
33027,Tim,Krul,Tim Krul,2023,1031,tim-krul,Netherlands,Den Haag  ,Netherlands,1988-04-03 00:00:00,Goalkeeper,Goalkeeper,left,193.0,,FFP,https://img.a.transfermarkt.technology/portrait/header/33027-1700638443.jpg?lm=1,,,,https://www.transfermarkt.co.uk/tim-krul/profil/spieler/33027,GB1,Luton Town,500000.0,9000000.0
33046,,Cabral,Cabral,2014,289,cabral,Cape Verde,Praia  ,Switzerland,1988-10-22 00:00:00,Defensive Midfield,Midfield,right,180.0,,,https://img.a.transfermarkt.technology/portrait/header/s_33046_26_2012_3.jpg?lm=1,,,,https://www.transfermarkt.co.uk/cabral/profil/spieler/33046,GB1,Sunderland AFC,100000.0,1000000.0
33065,Dean,Hammond,Dean Hammond,2015,1003,dean-hammond,England,Hastings  ,England,1983-03-07 00:00:00,Central Midfield,Midfield,right,182.0,,,https://img.a.transfermarkt.technology/portrait/header/s_33065_180_2012_1.jpg?lm=1,,,,https://www.transfermarkt.co.uk/dean-hammond/profil/spieler/33065,GB1,Leicester City,500000.0,750000.0
33249,Owen,Garvan,Owen Garvan,2014,873,owen-garvan,Ireland,Dublin  ,Ireland,1988-01-29 00:00:00,Central Midfield,Midfield,left,183.0,,,https://img.a.transfermarkt.technology/portrait/header/s_33249_873_2013_09_26_1.jpg?lm=1,,,,https://www.transfermarkt.co.uk/owen-garvan/profil/spieler/33249,GB1,Crystal Palace,250000.0,2000000.0
33478,Cheik,Tioté,Cheik Tioté,2015,762,cheik-tiote,Cote d'Ivoire,Yamoussoukro  ,Cote d'Ivoire,1986-06-21 00:00:00,Defensive Midfield,Midfield,right,180.0,,,https://img.a.transfermarkt.technology/portrait/header/33478-1496677764.jpg?lm=1,,,,https://www.transfermarkt.co.uk/cheik-tiote/profil/spieler/33478,GB1,Newcastle United,3200000.0,12500000.0
33484,Leon,Barnett,Leon Barnett,2012,1123,leon-barnett,England,Luton  ,England,1985-11-30 00:00:00,Centre-Back,Defender,right,185.0,,CAA Base Ltd,https://img.a.transfermarkt.technology/portrait/header/s_33484_990_2009_1.jpg?lm=1,,,,https://www.transfermarkt.co.uk/leon-barnett/profil/spieler/33484,GB1,Norwich City,250000.0,4000000.0
33507,Lukas,Jutkiewicz,Lukas Jutkiewicz,2016,1132,lukas-jutkiewicz,England,Southampton  ,England,1989-03-28 00:00:00,Centre-Forward,Attack,left,185.0,2024-06-30 00:00:00,Pinnacle Sports,https://img.a.transfermarkt.technology/portrait/header/33507-1544622824.jpg?lm=1,,,,https://www.transfermarkt.co.uk/lukas-jutkiewicz/profil/spieler/33507,GB1,Burnley FC,450000.0,3000000.0
33544,Antonio,Valencia,Antonio Valencia,2018,985,antonio-valencia,Ecuador,Nueva Loja  ,Ecuador,1985-08-04 00:00:00,Right-Back,Defender,right,180.0,,JP PACHON SPORTS,https://img.a.transfermarkt.technology/portrait/header/33544-1484662583.jpg?lm=1,,,,https://www.transfermarkt.co.uk/antonio-valencia/profil/spieler/33544,GB1,Manchester United,1800000.0,27500000.0
33713,Theo,Walcott,Theo Walcott,2022,180,theo-walcott,England,London  ,England,1989-03-16 00:00:00,Right Winger,Attack,both,175.0,,Wasserman,https://img.a.transfermarkt.technology/portrait/header/33713-1685709936.jpg?lm=1,,,,https://www.transfermarkt.co.uk/theo-walcott/profil/spieler/33713,GB1,Southampton FC,1000000.0,28000000.0
33754,Alex,Smithies,Alex Smithies,2022,1003,alex-smithies,England,Huddersfield  ,England,1990-03-05 00:00:00,Goalkeeper,Goalkeeper,right,189.0,2024-06-30 00:00:00,World in Motion,https://img.a.transfermarkt.technology/portrait/header/33754-1467882120.jpg?lm=1,,,,https://www.transfermarkt.co.uk/alex-smithies/profil/spieler/33754,GB1,Leicester City,500000.0,3500000.0
33785,Ryan,Taylor,Ryan Taylor,2014,762,ryan-taylor,England,Liverpool  ,England,1984-08-19 00:00:00,Right-Back,Defender,right,179.0,,INS Management,https://img.a.transfermarkt.technology/portrait/header/s_33785_762_2013_08_07_1.jpg?lm=1,,,,https://www.transfermarkt.co.uk/ryan-taylor/profil/spieler/33785,GB1,Newcastle United,350000.0,4500000.0
33822,Jimmy,Kébé,Jimmy Kébé,2013,873,jimmy-kebe,France,Vitry-sur-Seine  ,Mali,1984-01-19 00:00:00,Right Winger,Attack,left,187.0,,,https://img.a.transfermarkt.technology/portrait/header/s_33822_1032_2012_1.jpg?lm=1,,,,https://www.transfermarkt.co.uk/jimmy-kebe/profil/spieler/33822,GB1,Crystal Palace,500000.0,2000000.0
33873,Asmir,Begovic,Asmir Begovic,2024,29,asmir-begovic,Jugoslawien (SFR),Trebinje  ,Bosnia-Herzegovina,1987-06-20 00:00:00,Goalkeeper,Goalkeeper,right,199.0,2026-06-30 00:00:00,,https://img.a.transfermarkt.technology/portrait/header/33873-1737919950.jpg?lm=1,63.0,0.0,,https://www.transfermarkt.co.uk/asmir-begovic/profil/spieler/33873,GB1,Everton FC,200000.0,13000000.0
33963,David,Nugent,David Nugent,2016,641,david-nugent,England,Huyton  ,England,1985-05-02 00:00:00,Centre-Forward,Attack,right,180.0,,,https://img.a.transfermarkt.technology/portrait/header/33963-1484036610.jpg?lm=1,,,,https://www.transfermarkt.co.uk/david-nugent/profil/spieler/33963,GB1,Middlesbrough FC,200000.0,9000000.0
34130,Tom,Heaton,Tom Heaton,2025,985,tom-heaton,England,Chester  ,England,1986-04-15 00:00:00,Goalkeeper,Goalkeeper,right,188.0,2027-06-30 00:00:00,,https://img.a.transfermarkt.technology/portrait/header/34130-1688121718.jpg?lm=1,3.0,0.0,,https://www.transfermarkt.co.uk/tom-heaton/profil/spieler/34130,GB1,Manchester United,100000.0,6000000.0
34349,Richard,Stearman,Richard Stearman,2019,350,richard-stearman,England,Wolverhampton  ,England,1987-08-19 00:00:00,Centre-Back,Defender,right,191.0,2023-06-30 00:00:00,Wasserman,https://img.a.transfermarkt.technology/portrait/header/34349-1564147365.jpg?lm=1,,,,https://www.transfermarkt.co.uk/richard-stearman/profil/spieler/34349,GB1,Sheffield United,75000.0,3500000.0
34409,Joe,Ledley,Joe Ledley,2016,873,joe-ledley,Wales,Cardiff  ,Wales,1987-01-23 00:00:00,Central Midfield,Midfield,left,183.0,,Avid Sports Group,https://img.a.transfermarkt.technology/portrait/header/34409-1456302444.jpg?lm=1,,,,https://www.transfermarkt.co.uk/joe-ledley/profil/spieler/34409,GB1,Crystal Palace,300000.0,5000000.0
34559,Matthew,Connolly,Matthew Connolly,2018,603,matthew-connolly,England,London  ,England,1987-09-24 00:00:00,Centre-Back,Defender,right,188.0,,CAA Stellar,https://img.a.transfermarkt.technology/portrait/header/s_34559_603_2013_04_17_1.jpg?lm=1,,,,https://www.transfermarkt.co.uk/matthew-connolly/profil/spieler/34559,GB1,Cardiff City,400000.0,2000000.0
34672,Joey,O'Brien,Joey O'Brien,2015,379,joey-obrien,Ireland,Dublin  ,Ireland,1986-02-17 00:00:00,Right-Back,Defender,right,180.0,,,https://img.a.transfermarkt.technology/portrait/header/34672-1487319045.jpg?lm=1,,,,https://www.transfermarkt.co.uk/joey-obrien/profil/spieler/34672,GB1,West Ham United,25000.0,3000000.0
34691,Stephen,Ward,Stephen Ward,2018,1132,stephen-ward,Ireland,Dublin  ,Ireland,1985-08-20 00:00:00,Left-Back,Defender,left,184.0,,,https://img.a.transfermarkt.technology/portrait/header/34691-1464868797.jpg?lm=1,,,,https://www.transfermarkt.co.uk/stephen-ward/profil/spieler/34691,GB1,Burnley FC,725000.0,4000000.0
34838,Stephen,Ireland,Stephen Ireland,2017,512,stephen-ireland,Ireland,Cobh  ,Ireland,1986-08-22 00:00:00,Attacking Midfield,Midfield,right,173.0,,,https://img.a.transfermarkt.technology/portrait/header/s_34838_405_2012_11_12_1.jpg?lm=1,,,,https://www.transfermarkt.co.uk/stephen-ireland/profil/spieler/34838,GB1,Stoke City,1000000.0,15000000.0
35035,Roland,Lamah,Roland Lamah,2013,2288,roland-lamah,Cote d'Ivoire,Abidjan  ,Belgium,1987-12-31 00:00:00,Left Winger,Attack,left,180.0,,,https://img.a.transfermarkt.technology/portrait/header/35035-1550078364.jpg?lm=1,,,,https://www.transfermarkt.co.uk/roland-lamah/profil/spieler/35035,GB1,Swansea City,150000.0,2500000.0
35193,Kevin,Doyle,Kevin Doyle,2014,873,kevin-doyle,Ireland,Adamstown  ,Ireland,1983-09-18 00:00:00,Centre-Forward,Attack,right,180.0,,,https://img.a.transfermarkt.technology/portrait/header/35193-1489695072.jpg?lm=1,,,,https://www.transfermarkt.co.uk/kevin-doyle/profil/spieler/35193,GB1,Crystal Palace,600000.0,6500000.0
35413,Lewis,Grabban,Lewis Grabban,2017,989,lewis-grabban,England,London  ,Jamaica,1988-01-12 00:00:00,Centre-Forward,Attack,right,183.0,,,https://img.a.transfermarkt.technology/portrait/header/35413-1541148569.JPG?lm=1,,,,https://www.transfermarkt.co.uk/lewis-grabban/profil/spieler/35413,GB1,AFC Bournemouth,250000.0,4500000.0
35416,David,McGoldrick,David McGoldrick,2020,350,david-mcgoldrick,England,Nottingham  ,Ireland,1987-11-29 00:00:00,Centre-Forward,Attack,right,184.0,2023-06-30 00:00:00,,https://img.a.transfermarkt.technology/portrait/header/s_35416_677_2013_10_18_1.jpg?lm=1,,,,https://www.transfermarkt.co.uk/david-mcgoldrick/profil/spieler/35416,GB1,Sheffield United,200000.0,2000000.0
35571,,José Enrique,José Enrique,2015,31,jose-enrique,Spain,Valencia  ,Spain,1986-01-23 00:00:00,Left-Back,Defender,left,184.0,,,https://img.a.transfermarkt.technology/portrait/header/35571-1459258303.jpg?lm=1,,,,https://www.transfermarkt.co.uk/jose-enrique/profil/spieler/35571,GB1,Liverpool FC,800000.0,14000000.0
35583,Daniel,Pudil,Daniel Pudil,2015,1010,daniel-pudil,CSSR,Praha  ,Czech Republic,1985-09-27 00:00:00,Left-Back,Defender,left,184.0,,CHOVANECSPORT,https://img.a.transfermarkt.technology/portrait/header/35583-1464947420.jpg?lm=1,,,,https://www.transfermarkt.co.uk/daniel-pudil/profil/spieler/35583,GB1,Watford FC,300000.0,2200000.0
36291,Gaëtan,Bong,Gaëtan Bong,2019,1237,gaetan-bong,Cameroon,Sakbayeme  ,Cameroon,1988-04-25 00:00:00,Left-Back,Defender,left,183.0,,Pinnacle Sports,https://img.a.transfermarkt.technology/portrait/header/36291-1547737704.jpg?lm=1,,,,https://www.transfermarkt.co.uk/gaetan-bong/profil/spieler/36291,GB1,Brighton & Hove Albion,150000.0,3000000.0
36814,Chris,Brunt,Chris Brunt,2017,984,chris-brunt,Northern Ireland,Belfast  ,Northern Ireland,1984-12-14 00:00:00,Central Midfield,Midfield,left,187.0,,Wasserman,https://img.a.transfermarkt.technology/portrait/header/36814-1469705754.jpg?lm=1,,,,https://www.transfermarkt.co.uk/chris-brunt/profil/spieler/36814,GB1,West Bromwich Albion,350000.0,7500000.0
36827,Branislav,Ivanovic,Branislav Ivanovic,2020,984,branislav-ivanovic,Jugoslawien (SFR),Sremska Mitrovica  ,Serbia,1984-02-22 00:00:00,Right-Back,Defender,right,185.0,,,https://img.a.transfermarkt.technology/portrait/header/36827-1572532635.png?lm=1,,,,https://www.transfermarkt.co.uk/branislav-ivanovic/profil/spieler/36827,GB1,West Bromwich Albion,500000.0,24000000.0
36859,Leon,Clarke,Leon Clarke,2019,350,leon-clarke,England,Wolverhampton  ,England,1985-02-10 00:00:00,Centre-Forward,Attack,right,188.0,2023-05-31 00:00:00,,https://img.a.transfermarkt.technology/portrait/header/s_36859_990_2013_09_23_1.jpg?lm=1,,,,https://www.transfermarkt.co.uk/leon-clarke/profil/spieler/36859,GB1,Sheffield United,50000.0,750000.0
36861,Damien,Delaney,Damien Delaney,2017,873,damien-delaney,Ireland,Cork  ,Ireland,1981-07-20 00:00:00,Centre-Back,Defender,left,190.0,,,https://img.a.transfermarkt.technology/portrait/header/36861-1518793608.jpg?lm=1,,,,https://www.transfermarkt.co.uk/damien-delaney/profil/spieler/36861,GB1,Crystal Palace,1000000.0,2000000.0
36866,Billy,Jones,Billy Jones,2016,289,billy-jones,England,Shrewsbury  ,England,1987-03-24 00:00:00,Right-Back,Defender,right,182.0,,,https://img.a.transfermarkt.technology/portrait/header/s_36866_984_2013_03_08_1.jpg?lm=1,,,,https://www.transfermarkt.co.uk/billy-jones/profil/spieler/36866,GB1,Sunderland AFC,250000.0,2500000.0
36939,Marc,Pugh,Marc Pugh,2018,989,marc-pugh,England,Bacup  ,England,1987-04-02 00:00:00,Left Winger,Attack,right,180.0,,GA SPORTS AGENCY,https://img.a.transfermarkt.technology/portrait/header/36939-1477038889.jpg?lm=1,,,,https://www.transfermarkt.co.uk/marc-pugh/profil/spieler/36939,GB1,AFC Bournemouth,800000.0,2000000.0
37011,Nathan,Dyer,Nathan Dyer,2017,2288,nathan-dyer,England,Trowbridge  ,England,1987-11-29 00:00:00,Right Winger,Attack,right,165.0,,CAA Stellar,https://img.a.transfermarkt.technology/portrait/header/s_37011_2288_2013_09_27_1.jpg?lm=1,,,,https://www.transfermarkt.co.uk/nathan-dyer/profil/spieler/37011,GB1,Swansea City,350000.0,5500000.0
37148,Gabriel,Agbonlahor,Gabriel Agbonlahor,2015,405,gabriel-agbonlahor,England,Birmingham  ,England,1986-10-13 00:00:00,Centre-Forward,Attack,right,183.0,,,https://img.a.transfermarkt.technology/portrait/header/37148-1410951010.jpg?lm=1,,,,https://www.transfermarkt.co.uk/gabriel-agbonlahor/profil/spieler/37148,GB1,Aston Villa,1000000.0,16500000.0
37152,Tommy,Elphick,Tommy Elphick,2015,989,tommy-elphick,England,Brighton  ,England,1987-09-07 00:00:00,Centre-Back,Defender,right,188.0,,Volenti,https://img.a.transfermarkt.technology/portrait/header/s_37152_989_2013_11_07_1.jpg?lm=1,,,,https://www.transfermarkt.co.uk/tommy-elphick/profil/spieler/37152,GB1,AFC Bournemouth,300000.0,3000000.0
37171,Craig,Gardner,Craig Gardner,2016,984,craig-gardner,England,Solihull  ,England,1986-11-25 00:00:00,Central Midfield,Midfield,right,176.0,,,https://img.a.transfermarkt.technology/portrait/header/s_37171_405_2009_1.jpg?lm=1,,,,https://www.transfermarkt.co.uk/craig-gardner/profil/spieler/37171,GB1,West Bromwich Albion,400000.0,7500000.0
37304,Shane,Long,Shane Long,2021,180,shane-long,Ireland,Gortnahoe  ,Ireland,1987-01-22 00:00:00,Centre-Forward,Attack,both,180.0,2023-06-30 00:00:00,ROOF,https://img.a.transfermarkt.technology/portrait/header/37304-1464869790.jpg?lm=1,,,,https://www.transfermarkt.co.uk/shane-long/profil/spieler/37304,GB1,Southampton FC,250000.0,10000000.0
37442,Danny,Simpson,Danny Simpson,2018,1003,danny-simpson,England,Eccles  ,England,1987-01-04 00:00:00,Right-Back,Defender,right,176.0,,,https://img.a.transfermarkt.technology/portrait/header/37442-1469615760.jpg?lm=1,,,,https://www.transfermarkt.co.uk/danny-simpson/profil/spieler/37442,GB1,Leicester City,300000.0,5500000.0
37526,Winston,Reid,Winston Reid,2020,379,winston-reid,New Zealand,Auckland  ,New Zealand,1988-07-03 00:00:00,Centre-Back,Defender,right,191.0,,Boutique Transfers,https://img.a.transfermarkt.technology/portrait/header/37526-1598780676.jpg?lm=1,,,,https://www.transfermarkt.co.uk/winston-reid/profil/spieler/37526,GB1,West Ham United,600000.0,10000000.0
37896,DJ,Campbell,DJ Campbell,2012,1039,dj-campbell,England,London  ,England,1981-11-12 00:00:00,Centre-Forward,Attack,right,178.0,,,https://img.a.transfermarkt.technology/portrait/header/s_37896_164_2013_12_09_1.jpg?lm=1,,,,https://www.transfermarkt.co.uk/dj-campbell/profil/spieler/37896,GB1,Queens Park Rangers,250000.0,3500000.0
37941,Camilo,Zúñiga,Camilo Zúñiga,2016,1010,camilo-zuniga,Colombia,Chigorodó  ,Colombia,1985-12-14 00:00:00,Right-Back,Defender,right,172.0,,Riccardo Calleri,https://img.a.transfermarkt.technology/portrait/header/37941-1418292035.jpg?lm=1,,,,https://www.transfermarkt.co.uk/camilo-zuniga/profil/spieler/37941,GB1,Watford FC,500000.0,13000000.0
38094,Lee,Peltier,Lee Peltier,2020,984,lee-peltier,England,Liverpool  ,England,1986-12-11 00:00:00,Right-Back,Defender,right,178.0,2023-06-30 00:00:00,Unique Sports Group,https://img.a.transfermarkt.technology/portrait/header/38094-1547736271.jpg?lm=1,,,,https://www.transfermarkt.co.uk/lee-peltier/profil/spieler/38094,GB1,West Bromwich Albion,200000.0,1500000.0
38145,Adrian,Mariappa,Adrian Mariappa,2019,1010,adrian-mariappa,England,London  ,Jamaica,1986-10-03 00:00:00,Centre-Back,Defender,right,179.0,2023-06-30 00:00:00,,https://img.a.transfermarkt.technology/portrait/header/38145-1520606805.jpg?lm=1,,,,https://www.transfermarkt.co.uk/adrian-mariappa/profil/spieler/38145,GB1,Watford FC,100000.0,4000000.0
38383,Danny,Williams,Danny Williams,2018,1110,danny-williams,Germany,Karlsruhe  ,United States,1989-03-08 00:00:00,Defensive Midfield,Midfield,right,182.0,,Unique Sports Group,https://img.a.transfermarkt.technology/portrait/header/38383-1520606519.jpg?lm=1,,,,https://www.transfermarkt.co.uk/danny-williams/profil/spieler/38383,GB1,Huddersfield Town,475000.0,2800000.0
39010,Jordi,Gómez,Jordi Gómez,2015,289,jordi-gomez,Spain,Barcelona  ,Spain,1985-05-24 00:00:00,Central Midfield,Midfield,left,178.0,2023-05-31 00:00:00,,https://img.a.transfermarkt.technology/portrait/header/39010-1658512364.png?lm=1,,,,https://www.transfermarkt.co.uk/jordi-gomez/profil/spieler/39010,GB1,Sunderland AFC,200000.0,3500000.0
39037,Rob,Elliot,Rob Elliot,2021,1010,rob-elliot,England,London  ,Ireland,1986-04-30 00:00:00,Goalkeeper,Goalkeeper,left,190.0,,,https://img.a.transfermarkt.technology/portrait/header/39037-1518793959.jpg?lm=1,,,,https://www.transfermarkt.co.uk/rob-elliot/profil/spieler/39037,GB1,Watford FC,200000.0,1500000.0
39372,Mario,Vrancic,Mario Vrancic,2019,1123,mario-vrancic,Jugoslawien (SFR),Slavonski Brod  ,Bosnia-Herzegovina,1989-05-23 00:00:00,Central Midfield,Midfield,left,187.0,2023-06-30 00:00:00,Soccertalk GmbH,https://img.a.transfermarkt.technology/portrait/header/39372-1471001017.jpg?lm=1,,,,https://www.transfermarkt.co.uk/mario-vrancic/profil/spieler/39372,GB1,Norwich City,300000.0,3500000.0
39378,Jozy,Altidore,Jozy Altidore,2014,289,jozy-altidore,United States,"Livingston, New Jersey  ",United States,1989-11-06 00:00:00,Centre-Forward,Attack,right,185.0,2024-12-31 00:00:00,,https://img.a.transfermarkt.technology/portrait/header/39378-1678479412.jpg?lm=1,,,,https://www.transfermarkt.co.uk/jozy-altidore/profil/spieler/39378,GB1,Sunderland AFC,300000.0,9000000.0
39471,Brad,Guzan,Brad Guzan,2016,641,brad-guzan,United States,"Evergreen Park, Illinois  ",United States,1984-09-09 00:00:00,Goalkeeper,Goalkeeper,left,193.0,2023-12-31 00:00:00,YMU Group,https://img.a.transfermarkt.technology/portrait/header/39471-1678216570.jpg?lm=1,,,,https://www.transfermarkt.co.uk/brad-guzan/profil/spieler/39471,GB1,Middlesbrough FC,100000.0,5000000.0
39518,Ben,Turner,Ben Turner,2013,603,ben-turner,England,Birmingham  ,England,1988-08-21 00:00:00,Centre-Back,Defender,left,193.0,,Distinct Football,https://img.a.transfermarkt.technology/portrait/header/s_39518_603_2013_04_17_1.jpg?lm=1,,,,https://www.transfermarkt.co.uk/ben-turner/profil/spieler/39518,GB1,Cardiff City,400000.0,2000000.0
39532,Victor,Anichebe,Victor Anichebe,2016,289,victor-anichebe,Nigeria,Lagos  ,Nigeria,1988-04-23 00:00:00,Centre-Forward,Attack,right,190.0,,,https://img.a.transfermarkt.technology/portrait/header/39532-1483518349.jpg?lm=1,,,,https://www.transfermarkt.co.uk/victor-anichebe/profil/spieler/39532,GB1,Sunderland AFC,1000000.0,6500000.0
39679,Marouane,Fellaini,Marouane Fellaini,2018,985,marouane-fellaini,Belgium,Etterbeek  ,Belgium,1987-11-22 00:00:00,Central Midfield,Midfield,right,194.0,2025-12-31 00:00:00,,https://img.a.transfermarkt.technology/portrait/header/39679-1549036391.jpg?lm=1,,,,https://www.transfermarkt.co.uk/marouane-fellaini/profil/spieler/39679,GB1,Manchester United,1000000.0,28000000.0
39700,Mark,Gower,Mark Gower,2012,2288,mark-gower,England,Edmonton  ,England,1978-10-05 00:00:00,Central Midfield,Midfield,both,180.0,,,https://img.a.transfermarkt.technology/portrait/header/s_39700_2288_2013_03_07_1.jpg?lm=1,,,,https://www.transfermarkt.co.uk/mark-gower/profil/spieler/39700,GB1,Swansea City,250000.0,750000.0
40043,Leon,Britton,Leon Britton,2017,2288,leon-britton,England,London  ,England,1982-09-16 00:00:00,Central Midfield,Midfield,right,167.0,,,https://img.a.transfermarkt.technology/portrait/header/40043-1483520021.jpg?lm=1,,,,https://www.transfermarkt.co.uk/leon-britton/profil/spieler/40043,GB1,Swansea City,1000000.0,4500000.0
40611,Ryan,Bertrand,Ryan Bertrand,2022,1003,ryan-bertrand,England,London  ,England,1989-08-05 00:00:00,Left-Back,Defender,left,179.0,,FA Sport,https://img.a.transfermarkt.technology/portrait/header/40611-1518794490.jpg?lm=1,,,,https://www.transfermarkt.co.uk/ryan-bertrand/profil/spieler/40611,GB1,Leicester City,500000.0,20000000.0
40612,Liam,Bridcutt,Liam Bridcutt,2015,289,liam-bridcutt,England,Reading  ,Scotland,1989-05-08 00:00:00,Defensive Midfield,Midfield,right,175.0,2023-06-30 00:00:00,CAA Base Ltd,https://img.a.transfermarkt.technology/portrait/header/40612-1541148960.JPG?lm=1,,,,https://www.transfermarkt.co.uk/liam-bridcutt/profil/spieler/40612,GB1,Sunderland AFC,200000.0,4500000.0
40613,Jack,Cork,Jack Cork,2023,1132,jack-cork,England,London  ,England,1989-06-25 00:00:00,Defensive Midfield,Midfield,right,185.0,,Wasserman,https://img.a.transfermarkt.technology/portrait/header/40613-1700672826.jpg?lm=1,,,,https://www.transfermarkt.co.uk/jack-cork/profil/spieler/40613,GB1,Burnley FC,800000.0,15000000.0
40614,Shaun,Cummings,Shaun Cummings,2012,1032,shaun-cummings,England,London  ,Jamaica,1989-02-25 00:00:00,Right-Back,Defender,right,183.0,,,https://img.a.transfermarkt.technology/portrait/header/s_40614_1032_2012_1.jpg?lm=1,,,,https://www.transfermarkt.co.uk/shaun-cummings/profil/spieler/40614,GB1,Reading FC,300000.0,1000000.0
41416,James,McArthur,James McArthur,2022,873,james-mcarthur,Scotland,Glasgow  ,Scotland,1987-10-07 00:00:00,Central Midfield,Midfield,both,178.0,,StormSportsX,https://img.a.transfermarkt.technology/portrait/header/41416-1520609216.jpg?lm=1,,,,https://www.transfermarkt.co.uk/james-mcarthur/profil/spieler/41416,GB1,Crystal Palace,400000.0,7000000.0
41665,Jonathan,Parr,Jonathan Parr,2013,873,jonathan-parr,Norway,Oslo  ,Norway,1988-10-21 00:00:00,Left-Back,Defender,both,182.0,,,https://img.a.transfermarkt.technology/portrait/header/s_41665_873_2013_09_26_1.jpg?lm=1,,,,https://www.transfermarkt.co.uk/jonathan-parr/profil/spieler/41665,GB1,Crystal Palace,100000.0,2000000.0
42198,Sone,Aluko,Sone Aluko,2014,3008,sone-aluko,England,London  ,Nigeria,1989-02-19 00:00:00,Right Winger,Attack,left,173.0,2023-06-30 00:00:00,Wasserman,https://img.a.transfermarkt.technology/portrait/header/42198-1473152500.jpg?lm=1,,,,https://www.transfermarkt.co.uk/sone-aluko/profil/spieler/42198,GB1,Hull City,150000.0,5000000.0
42284,Jay,Tabb,Jay Tabb,2012,1032,jay-tabb,England,Tooting  ,Ireland,1984-02-21 00:00:00,Left Midfield,Midfield,left,170.0,,,https://img.a.transfermarkt.technology/portrait/header/s_42284_1032_2012_1.jpg?lm=1,,,,https://www.transfermarkt.co.uk/jay-tabb/profil/spieler/42284,GB1,Reading FC,400000.0,1250000.0
42298,Rhoys,Wiggins,Rhoys Wiggins,2017,989,rhoys-wiggins,England,Uxbridge  ,Wales,1987-11-04 00:00:00,Left-Back,Defender,left,173.0,,,https://img.a.transfermarkt.technology/portrait/header/42298-1527261571.jpg?lm=1,,,,https://www.transfermarkt.co.uk/rhoys-wiggins/profil/spieler/42298,GB1,AFC Bournemouth,500000.0,750000.0
42411,Fraizer,Campbell,Fraizer Campbell,2016,873,fraizer-campbell,England,Huddersfield  ,England,1987-09-13 00:00:00,Centre-Forward,Attack,right,172.0,,CAA Base Ltd,https://img.a.transfermarkt.technology/portrait/header/s_42411_603_2013_10_18_1.jpg?lm=1,,,,https://www.transfermarkt.co.uk/fraizer-campbell/profil/spieler/42411,GB1,Crystal Palace,150000.0,4000000.0
42412,Jonny,Evans,Jonny Evans,2024,985,jonny-evans,Northern Ireland,Belfast  ,Northern Ireland,1988-01-03 00:00:00,Centre-Back,Defender,both,188.0,,,https://img.a.transfermarkt.technology/portrait/header/42412-1699471667.jpg?lm=1,107.0,6.0,,https://www.transfermarkt.co.uk/jonny-evans/profil/spieler/42412,GB1,Manchester United,2000000.0,15000000.0
42413,Darron,Gibson,Darron Gibson,2016,289,darron-gibson,Northern Ireland,Derry  ,Ireland,1987-10-25 00:00:00,Central Midfield,Midfield,right,183.0,,,https://img.a.transfermarkt.technology/portrait/header/42413-1485793578.jpg?lm=1,,,,https://www.transfermarkt.co.uk/darron-gibson/profil/spieler/42413,GB1,Sunderland AFC,600000.0,4000000.0
42513,Gary,Hooper,Gary Hooper,2015,1123,gary-hooper,England,Loughton  ,England,1988-01-26 00:00:00,Centre-Forward,Attack,right,177.0,,,https://img.a.transfermarkt.technology/portrait/header/s_42513_1123_2013_08_05_1.jpg?lm=1,,,,https://www.transfermarkt.co.uk/gary-hooper/profil/spieler/42513,GB1,Norwich City,300000.0,7000000.0
42751,Roger,Johnson,Roger Johnson,2013,379,roger-johnson,England,Ashford  ,England,1983-04-28 00:00:00,Centre-Back,Defender,right,191.0,,,https://img.a.transfermarkt.technology/portrait/header/s_42751_543_2013_05_22_1.jpg?lm=1,,,,https://www.transfermarkt.co.uk/roger-johnson/profil/spieler/42751,GB1,West Ham United,250000.0,7000000.0
43084,Gaetano,Berardi,Gaetano Berardi,2020,399,gaetano-berardi,Switzerland,Sorengo  ,Switzerland,1988-08-21 00:00:00,Right-Back,Defender,right,179.0,2023-06-30 00:00:00,Azar Sport,https://img.a.transfermarkt.technology/portrait/header/43084-1482246006.jpg?lm=1,,,,https://www.transfermarkt.co.uk/gaetano-berardi/profil/spieler/43084,GB1,Leeds United,50000.0,1400000.0
43193,Elliott,Bennett,Elliott Bennett,2015,1123,elliott-bennett,England,Telford  ,Jamaica,1988-12-18 00:00:00,Right Midfield,Midfield,right,179.0,2023-06-30 00:00:00,Unique Sports Group,https://img.a.transfermarkt.technology/portrait/header/s_43193_1123_2013_03_06_1.jpg?lm=1,,,,https://www.transfermarkt.co.uk/elliott-bennett/profil/spieler/43193,GB1,Norwich City,150000.0,3000000.0
43266,Stephen,Quinn,Stephen Quinn,2014,3008,stephen-quinn,Ireland,Clondalkin  ,Ireland,1986-04-01 00:00:00,Central Midfield,Midfield,left,168.0,2023-06-30 00:00:00,,https://img.a.transfermarkt.technology/portrait/header/43266-1464869635.jpg?lm=1,,,,https://www.transfermarkt.co.uk/stephen-quinn/profil/spieler/43266,GB1,Hull City,75000.0,2500000.0
43530,Adam,Lallana,Adam Lallana,2024,180,adam-lallana,England,St Albans  ,England,1988-05-10 00:00:00,Attacking Midfield,Midfield,both,172.0,,CAA Stellar,https://img.a.transfermarkt.technology/portrait/header/43530-1662663337.jpg?lm=1,34.0,3.0,,https://www.transfermarkt.co.uk/adam-lallana/profil/spieler/43530,GB1,Southampton FC,750000.0,25000000.0
43763,Erik,Pieters,Erik Pieters,2021,1132,erik-pieters,Netherlands,Tiel  ,Netherlands,1988-08-07 00:00:00,Centre-Back,Defender,left,183.0,2023-06-30 00:00:00,Unique Sports Group,https://img.a.transfermarkt.technology/portrait/header/43763-1467639125.jpg?lm=1,,,,https://www.transfermarkt.co.uk/erik-pieters/profil/spieler/43763,GB1,Burnley FC,350000.0,7000000.0
43853,Chris,Gunter,Chris Gunter,2012,1032,chris-gunter,Wales,Newport  ,Wales,1989-07-21 00:00:00,Right-Back,Defender,right,180.0,,,https://img.a.transfermarkt.technology/portrait/header/43853-1629186591.jpg?lm=1,,,,https://www.transfermarkt.co.uk/chris-gunter/profil/spieler/43853,GB1,Reading FC,200000.0,4200000.0
44675,Bojan,Krkic,Bojan Krkic,2017,512,bojan-krkic,Spain,Liñola  ,Spain,1990-08-28 00:00:00,Second Striker,Attack,right,173.0,,Darren Dein,https://img.a.transfermarkt.technology/portrait/header/44675-1583613429.jpg?lm=1,,,,https://www.transfermarkt.co.uk/bojan-krkic/profil/spieler/44675,GB1,Stoke City,500000.0,15000000.0
44741,Beram,Kayal,Beram Kayal,2019,1237,beram-kayal,Israel,Jadeidi  ,Israel,1988-05-02 00:00:00,Central Midfield,Midfield,right,178.0,2023-06-30 00:00:00,,https://img.a.transfermarkt.technology/portrait/header/44741-1547737465.jpg?lm=1,,,,https://www.transfermarkt.co.uk/beram-kayal/profil/spieler/44741,GB1,Brighton & Hove Albion,300000.0,4500000.0
44779,Diego,Costa,Diego Costa,2022,543,diego-costa,Brazil,Lagarto  ,Spain,1988-10-07 00:00:00,Centre-Forward,Attack,right,186.0,,A10 PRO,https://img.a.transfermarkt.technology/portrait/header/44779-1453805669.jpg?lm=1,,,,https://www.transfermarkt.co.uk/diego-costa/profil/spieler/44779,GB1,Wolverhampton Wanderers,2000000.0,60000000.0
44792,Kieran,Gibbs,Kieran Gibbs,2020,984,kieran-gibbs,England,London  ,England,1989-09-26 00:00:00,Left-Back,Defender,left,181.0,,GROW,https://img.a.transfermarkt.technology/portrait/header/44792-1678565593.jpg?lm=1,,,,https://www.transfermarkt.co.uk/kieran-gibbs/profil/spieler/44792,GB1,West Bromwich Albion,500000.0,14000000.0
44794,Henri,Lansbury,Henri Lansbury,2020,405,henri-lansbury,England,London  ,England,1990-10-12 00:00:00,Central Midfield,Midfield,right,183.0,,,https://img.a.transfermarkt.technology/portrait/header/44794-1407411971.jpg?lm=1,,,,https://www.transfermarkt.co.uk/henri-lansbury/profil/spieler/44794,GB1,Aston Villa,300000.0,3000000.0
44983,Dan,Gosling,Dan Gosling,2021,1010,dan-gosling,England,Brixham  ,England,1990-02-01 00:00:00,Central Midfield,Midfield,right,180.0,2023-06-30 00:00:00,Kick & Law,https://img.a.transfermarkt.technology/portrait/header/44983-1518794379.jpg?lm=1,,,,https://www.transfermarkt.co.uk/dan-gosling/profil/spieler/44983,GB1,Watford FC,250000.0,3500000.0
45330,Claudio,Yacob,Claudio Yacob,2017,984,claudio-yacob,Argentina,Carcarañá  ,Argentina,1987-07-18 00:00:00,Defensive Midfield,Midfield,right,182.0,,CAPITAL GROUP SM,https://img.a.transfermarkt.technology/portrait/header/45330-1541149012.JPG?lm=1,,,,https://www.transfermarkt.co.uk/claudio-yacob/profil/spieler/45330,GB1,West Bromwich Albion,150000.0,6500000.0
45395,Jonathan,Howson,Jonathan Howson,2015,1123,jonathan-howson,England,Morley  ,England,1988-05-21 00:00:00,Central Midfield,Midfield,right,180.0,2024-06-30 00:00:00,CAA Stellar,https://img.a.transfermarkt.technology/portrait/header/s_45395_1123_2013_03_06_1.jpg?lm=1,,,,https://www.transfermarkt.co.uk/jonathan-howson/profil/spieler/45395,GB1,Norwich City,250000.0,5000000.0
45494,Wayne,Hennessey,Wayne Hennessey,2024,703,wayne-hennessey,Wales,Beaumaris  ,Wales,1987-01-24 00:00:00,Goalkeeper,Goalkeeper,right,198.0,,CAA Stellar,https://img.a.transfermarkt.technology/portrait/header/45494-1668070425.jpg?lm=1,109.0,0.0,,https://www.transfermarkt.co.uk/wayne-hennessey/profil/spieler/45494,GB1,Nottingham Forest,150000.0,5500000.0
45623,George,Boyd,George Boyd,2016,1132,george-boyd,England,Chatham  ,Scotland,1985-10-02 00:00:00,Left Winger,Attack,left,186.0,,,https://img.a.transfermarkt.technology/portrait/header/45623-1604497815.jpg?lm=1,,,,https://www.transfermarkt.co.uk/george-boyd/profil/spieler/45623,GB1,Burnley FC,1200000.0,4000000.0
45631,Aaron,McLean,Aaron McLean,2013,3008,aaron-mclean,England,London  ,England,1983-05-25 00:00:00,Centre-Forward,Attack,right,171.0,,Pro Sport Connect,https://img.a.transfermarkt.technology/portrait/header/s_45631_3008_2013_09_27_1.jpg?lm=1,,,,https://www.transfermarkt.co.uk/aaron-mclean/profil/spieler/45631,GB1,Hull City,400000.0,1250000.0
45693,Glenn,Murray,Glenn Murray,2019,1237,glenn-murray,England,Maryport  ,England,1983-09-25 00:00:00,Centre-Forward,Attack,right,186.0,,Unique Sports Group,https://img.a.transfermarkt.technology/portrait/header/45693-1520605455.jpg?lm=1,,,,https://www.transfermarkt.co.uk/glenn-murray/profil/spieler/45693,GB1,Brighton & Hove Albion,300000.0,4000000.0
45760,Marco,Stiepermann,Marco Stiepermann,2019,1123,marco-stiepermann,Germany,Dortmund  ,Germany,1991-02-09 00:00:00,Attacking Midfield,Midfield,left,190.0,2023-06-30 00:00:00,ROOF,https://img.a.transfermarkt.technology/portrait/header/45760-1499938001.jpg?lm=1,,,,https://www.transfermarkt.co.uk/marco-stiepermann/profil/spieler/45760,GB1,Norwich City,250000.0,4000000.0
45861,Ryan,Shawcross,Ryan Shawcross,2017,512,ryan-shawcross,England,Chester  ,England,1987-10-04 00:00:00,Centre-Back,Defender,right,191.0,,,https://img.a.transfermarkt.technology/portrait/header/45861-1630760277.png?lm=1,,,,https://www.transfermarkt.co.uk/ryan-shawcross/profil/spieler/45861,GB1,Stoke City,500000.0,11000000.0
45882,,Fabri,Fabri,2020,931,fabri,Spain,Vecindario  ,Spain,1987-12-31 00:00:00,Goalkeeper,Goalkeeper,,184.0,2023-06-30 00:00:00,JP PACHON SPORTS,https://img.a.transfermarkt.technology/portrait/header/45882-1503060569.jpg?lm=1,,,,https://www.transfermarkt.co.uk/fabri/profil/spieler/45882,GB1,Fulham FC,100000.0,5000000.0
45921,Luke,Daniels,Luke Daniels,2014,984,luke-daniels,England,Bolton  ,England,1988-01-05 00:00:00,Goalkeeper,Goalkeeper,right,195.0,2023-06-30 00:00:00,,https://img.a.transfermarkt.technology/portrait/header/45921-1538465142.jpg?lm=1,,,,https://www.transfermarkt.co.uk/luke-daniels/profil/spieler/45921,GB1,West Bromwich Albion,150000.0,400000.0
46154,Chris,Martin,Chris Martin,2012,1123,chris-martin,England,Beccles  ,Scotland,1988-11-04 00:00:00,Centre-Forward,Attack,right,184.0,2023-12-31 00:00:00,,https://img.a.transfermarkt.technology/portrait/header/46154-1473151837.jpg?lm=1,,,,https://www.transfermarkt.co.uk/chris-martin/profil/spieler/46154,GB1,Norwich City,300000.0,4500000.0
46220,Pablo,Hernández,Pablo Hernández,2020,399,pablo-hernandez,Spain,Castellón  ,Spain,1985-04-11 00:00:00,Attacking Midfield,Midfield,right,173.0,2024-06-30 00:00:00,,https://img.a.transfermarkt.technology/portrait/header/46220-1515756050.jpg?lm=1,,,,https://www.transfermarkt.co.uk/pablo-hernandez/profil/spieler/46220,GB1,Leeds United,100000.0,16000000.0
46831,Modibo,Maïga,Modibo Maïga,2015,379,modibo-maiga,Mali,Bamako  ,Mali,1987-09-03 00:00:00,Centre-Forward,Attack,left,185.0,2023-06-30 00:00:00,,https://img.a.transfermarkt.technology/portrait/header/s_46831_379_2013_04_09_1.jpg?lm=1,,,,https://www.transfermarkt.co.uk/modibo-maiga/profil/spieler/46831,GB1,West Ham United,300000.0,6000000.0
47768,Alex,Pearce,Alex Pearce,2012,1032,alex-pearce,England,Oxford  ,Ireland,1988-11-09 00:00:00,Centre-Back,Defender,right,188.0,2024-06-30 00:00:00,,https://img.a.transfermarkt.technology/portrait/header/s_47768_1032_2013_03_07_1.jpg?lm=1,,,,https://www.transfermarkt.co.uk/alex-pearce/profil/spieler/47768,GB1,Reading FC,50000.0,2000000.0
47995,Jason,Puncheon,Jason Puncheon,2018,1110,jason-puncheon,England,London  ,England,1986-06-18 00:00:00,Central Midfield,Midfield,left,173.0,,Wasserman,https://img.a.transfermarkt.technology/portrait/header/47995-1543493752.jpg?lm=1,,,,https://www.transfermarkt.co.uk/jason-puncheon/profil/spieler/47995,GB1,Huddersfield Town,300000.0,5500000.0
48002,Angelo,Ogbonna,Angelo Ogbonna,2023,379,angelo-ogbonna,Italy,Cassino  ,Italy,1988-05-23 00:00:00,Centre-Back,Defender,left,191.0,2025-06-30 00:00:00,,https://img.a.transfermarkt.technology/portrait/header/48002-1636457151.jpg?lm=1,,,,https://www.transfermarkt.co.uk/angelo-ogbonna/profil/spieler/48002,GB1,West Ham United,700000.0,13000000.0
48066,Andy,Carroll,Andy Carroll,2020,762,andy-carroll,England,Gateshead  ,England,1989-01-06 00:00:00,Centre-Forward,Attack,left,193.0,2024-06-30 00:00:00,CAA Stellar,https://img.a.transfermarkt.technology/portrait/header/48066-1488467838.jpg?lm=1,,,,https://www.transfermarkt.co.uk/andy-carroll/profil/spieler/48066,GB1,Newcastle United,300000.0,20000000.0
48078,Sam,Vokes,Sam Vokes,2018,1132,sam-vokes,England,Southampton  ,Wales,1989-10-21 00:00:00,Centre-Forward,Attack,right,186.0,2024-06-30 00:00:00,Wasserman,https://img.a.transfermarkt.technology/portrait/header/48078-1464944301.jpg?lm=1,,,,https://www.transfermarkt.co.uk/sam-vokes/profil/spieler/48078,GB1,Burnley FC,275000.0,6000000.0
48411,Zoumana,Bakayogo,Zoumana Bakayogo,2014,1003,zoumana-bakayogo,France,Paris  ,Cote d'Ivoire,1986-08-17 00:00:00,Left-Back,Defender,left,175.0,,366 Group,https://img.a.transfermarkt.technology/portrait/header/default.jpg?lm=1,,,,https://www.transfermarkt.co.uk/zoumana-bakayogo/profil/spieler/48411,GB1,Leicester City,200000.0,250000.0
48950,Jordan,Rhodes,Jordan Rhodes,2016,641,jordan-rhodes,England,Oldham  ,Scotland,1990-02-05 00:00:00,Centre-Forward,Attack,right,185.0,2024-06-30 00:00:00,YMU Group,https://img.a.transfermarkt.technology/portrait/header/48950-1656928631.jpg?lm=1,,,,https://www.transfermarkt.co.uk/jordan-rhodes/profil/spieler/48950,GB1,Middlesbrough FC,300000.0,10000000.0
49101,Gary,Taylor-Fletcher,Gary Taylor-Fletcher,2014,1003,gary-taylor-fletcher,England,Liverpool  ,England,1981-06-04 00:00:00,Right Winger,Attack,right,183.0,,,https://img.a.transfermarkt.technology/portrait/header/49101-1424171973.jpg?lm=1,,,,https://www.transfermarkt.co.uk/gary-taylor-fletcher/profil/spieler/49101,GB1,Leicester City,500000.0,2000000.0
49319,Mark,Bunn,Mark Bunn,2015,405,mark-bunn,England,London  ,England,1984-11-16 00:00:00,Goalkeeper,Goalkeeper,right,183.0,,,https://img.a.transfermarkt.technology/portrait/header/s_49319_350_2009_1.jpg?lm=1,,,,https://www.transfermarkt.co.uk/mark-bunn/profil/spieler/49319,GB1,Aston Villa,250000.0,2000000.0
49327,Bradley,Johnson,Bradley Johnson,2015,1123,bradley-johnson,England,London  ,England,1987-04-28 00:00:00,Central Midfield,Midfield,left,183.0,,Wasserman,https://img.a.transfermarkt.technology/portrait/header/49327-1645697051.jpg?lm=1,,,,https://www.transfermarkt.co.uk/bradley-johnson/profil/spieler/49327,GB1,Norwich City,100000.0,6000000.0
49409,James,Perch,James Perch,2012,762,james-perch,England,Mansfield  ,England,1985-09-28 00:00:00,Defensive Midfield,Midfield,right,180.0,2024-06-30 00:00:00,,https://img.a.transfermarkt.technology/portrait/header/s_49409_1071_2013_09_26_1.jpg?lm=1,,,,https://www.transfermarkt.co.uk/james-perch/profil/spieler/49409,GB1,Newcastle United,75000.0,4000000.0
49501,Elias,Kachunga,Elias Kachunga,2018,1110,elias-kachunga,Germany,Köln  ,DR Congo,1992-04-22 00:00:00,Centre-Forward,Attack,right,178.0,2023-06-30 00:00:00,Unique Sports Group,https://img.a.transfermarkt.technology/portrait/header/49501-1660232659.jpg?lm=1,,,,https://www.transfermarkt.co.uk/elias-kachunga/profil/spieler/49501,GB1,Huddersfield Town,300000.0,3500000.0
49542,Billy,Sharp,Billy Sharp,2020,350,billy-sharp,England,Sheffield  ,England,1986-02-05 00:00:00,Centre-Forward,Attack,right,175.0,2023-06-30 00:00:00,,https://img.a.transfermarkt.technology/portrait/header/49542-1520421005.jpg?lm=1,,,,https://www.transfermarkt.co.uk/billy-sharp/profil/spieler/49542,GB1,Sheffield United,200000.0,4500000.0
49655,Rickie,Lambert,Rickie Lambert,2016,984,rickie-lambert,England,Kirkby  ,England,1982-02-16 00:00:00,Centre-Forward,Attack,right,187.0,,,https://img.a.transfermarkt.technology/portrait/header/s_49655_180_2012_1.jpg?lm=1,,,,https://www.transfermarkt.co.uk/rickie-lambert/profil/spieler/49655,GB1,West Bromwich Albion,1500000.0,5000000.0
49734,Jan,Kirchhoff,Jan Kirchhoff,2016,289,jan-kirchhoff,Germany,Frankfurt am Main  ,Germany,1990-10-01 00:00:00,Centre-Back,Defender,right,195.0,,ROGON,https://img.a.transfermarkt.technology/portrait/header/49734-1437471228.jpg?lm=1,,,,https://www.transfermarkt.co.uk/jan-kirchhoff/profil/spieler/49734,GB1,Sunderland AFC,275000.0,4000000.0
49755,Dale,Stephens,Dale Stephens,2021,1132,dale-stephens,England,Bolton  ,England,1989-06-12 00:00:00,Central Midfield,Midfield,right,185.0,,Unique Sports Group,https://img.a.transfermarkt.technology/portrait/header/49755-1473150552.jpg?lm=1,,,,https://www.transfermarkt.co.uk/dale-stephens/profil/spieler/49755,GB1,Burnley FC,600000.0,6000000.0
50174,Danny,Rose,Danny Rose,2021,1010,danny-rose,England,Doncaster  ,England,1990-07-02 00:00:00,Left-Back,Defender,left,173.0,,Gea World,https://img.a.transfermarkt.technology/portrait/header/50174-1518794758.jpg?lm=1,,,,https://www.transfermarkt.co.uk/danny-rose/profil/spieler/50174,GB1,Watford FC,500000.0,30000000.0
50362,Fabian,Delph,Fabian Delph,2021,29,fabian-delph,England,Bradford  ,England,1989-11-21 00:00:00,Central Midfield,Midfield,left,174.0,,Wasserman,https://img.a.transfermarkt.technology/portrait/header/50362-1583252426.jpg?lm=1,,,,https://www.transfermarkt.co.uk/fabian-delph/profil/spieler/50362,GB1,Everton FC,1800000.0,15000000.0
50552,Dimitrios,Konstantopoulos,Dimitrios Konstantopoulos,2016,641,dimitrios-konstantopoulos,Greece,Thessaloniki  ,Greece,1978-11-29 00:00:00,Goalkeeper,Goalkeeper,left,193.0,,,https://img.a.transfermarkt.technology/portrait/header/s_50552_641_2013_11_07_1.jpg?lm=1,,,,https://www.transfermarkt.co.uk/dimitrios-konstantopoulos/profil/spieler/50552,GB1,Middlesbrough FC,100000.0,1000000.0
51088,Ignacio,Scocco,Ignacio Scocco,2013,289,ignacio-scocco,Argentina,Hughes  ,Argentina,1985-05-29 00:00:00,Centre-Forward,Attack,right,176.0,,,https://img.a.transfermarkt.technology/portrait/header/51088-1635921817.JPG?lm=1,,,,https://www.transfermarkt.co.uk/ignacio-scocco/profil/spieler/51088,GB1,Sunderland AFC,700000.0,6000000.0
51226,Carlos,Sánchez,Carlos Sánchez,2019,379,carlos-sanchez,Colombia,Quibdó  ,Colombia,1986-02-06 00:00:00,Defensive Midfield,Midfield,left,182.0,2023-12-31 00:00:00,firsteleven ISM,https://img.a.transfermarkt.technology/portrait/header/51226-1491464026.jpg?lm=1,,,,https://www.transfermarkt.co.uk/carlos-sanchez/profil/spieler/51226,GB1,West Ham United,250000.0,6000000.0
51321,Darren,Randolph,Darren Randolph,2023,989,darren-randolph,Ireland,Bray  ,Ireland,1987-05-12 00:00:00,Goalkeeper,Goalkeeper,right,187.0,,Unique Sports Group,https://img.a.transfermarkt.technology/portrait/header/51321-1667549274.jpg?lm=1,,,,https://www.transfermarkt.co.uk/darren-randolph/profil/spieler/51321,GB1,AFC Bournemouth,300000.0,4500000.0
51471,Mateo,Kovacic,Mateo Kovacic,2025,281,mateo-kovacic,Austria,Linz  ,Croatia,1994-05-06 00:00:00,Central Midfield,Midfield,right,178.0,2027-06-30 00:00:00,,https://img.a.transfermarkt.technology/portrait/header/51471-1682668192.jpg?lm=1,117.0,5.0,,https://www.transfermarkt.co.uk/mateo-kovacic/profil/spieler/51471,GB1,Manchester City,10000000.0,45000000.0
51528,Bruno,Saltor,Bruno Saltor,2018,1237,bruno-saltor,Spain,El Masnou  ,Spain,1980-10-01 00:00:00,Right-Back,Defender,right,180.0,,,https://img.a.transfermarkt.technology/portrait/header/51528-1492678063.jpg?lm=1,,,,https://www.transfermarkt.co.uk/bruno-saltor/profil/spieler/51528,GB1,Brighton & Hove Albion,750000.0,6000000.0
51536,Albert,Crusat,Albert Crusat,2012,1071,albert-crusat,Spain,Barcelona  ,Spain,1982-05-13 00:00:00,Left Winger,Attack,left,160.0,,,https://img.a.transfermarkt.technology/portrait/header/s_51536_1071_2013_02_18_1.jpg?lm=1,,,,https://www.transfermarkt.co.uk/albert-crusat/profil/spieler/51536,GB1,Wigan Athletic,750000.0,6000000.0
51540,Henri,Saivet,Henri Saivet,2020,762,henri-saivet,Senegal,Dakar  ,Senegal,1990-10-26 00:00:00,Attacking Midfield,Midfield,right,175.0,2024-06-30 00:00:00,,https://img.a.transfermarkt.technology/portrait/header/51540-1448525183.jpg?lm=1,,,,https://www.transfermarkt.co.uk/henri-saivet/profil/spieler/51540,GB1,Newcastle United,500000.0,5000000.0
51716,,Wellington Paulista,Wellington Paulista,2012,379,wellington-paulista,Brazil,São Paulo  ,Brazil,1983-04-22 00:00:00,Centre-Forward,Attack,right,180.0,2023-12-31 00:00:00,,https://img.a.transfermarkt.technology/portrait/header/51716-1543929199.jpg?lm=1,,,,https://www.transfermarkt.co.uk/wellington-paulista/profil/spieler/51716,GB1,West Ham United,150000.0,3000000.0
52111,Jay,Spearing,Jay Spearing,2012,31,jay-spearing,England,Wallasey  ,England,1988-11-25 00:00:00,Defensive Midfield,Midfield,right,168.0,,,https://img.a.transfermarkt.technology/portrait/header/52111-1475577728.jpg?lm=1,,,,https://www.transfermarkt.co.uk/jay-spearing/profil/spieler/52111,GB1,Liverpool FC,600000.0,3000000.0
52191,Stephen,Henderson,Stephen Henderson,2020,873,stephen-henderson,Ireland,Dublin  ,Ireland,1988-05-02 00:00:00,Goalkeeper,Goalkeeper,right,188.0,,,https://img.a.transfermarkt.technology/portrait/header/s_52191_379_2013_04_09_1.jpg?lm=1,,,,https://www.transfermarkt.co.uk/stephen-henderson/profil/spieler/52191,GB1,Crystal Palace,300000.0,1500000.0
52432,,Felipe Mattioni,Felipe Mattioni,2015,29,felipe-mattioni,Brazil,Ijuí  ,Brazil,1988-10-15 00:00:00,Right-Back,Defender,right,177.0,,,https://img.a.transfermarkt.technology/portrait/header/s_52432_714_2012_2.jpg?lm=1,,,,https://www.transfermarkt.co.uk/felipe-mattioni/profil/spieler/52432,GB1,Everton FC,500000.0,3500000.0
52495,Chris,Basham,Chris Basham,2023,350,chris-basham,England,Hebburn  ,England,1988-07-20 00:00:00,Centre-Back,Defender,right,190.0,,OmniSports,https://img.a.transfermarkt.technology/portrait/header/s_52495_355_2009_1.jpg?lm=1,,,,https://www.transfermarkt.co.uk/chris-basham/profil/spieler/52495,GB1,Sheffield United,300000.0,3000000.0
52570,Fraser,Forster,Fraser Forster,2025,989,fraser-forster,England,Hexham  ,England,1988-03-17 00:00:00,Goalkeeper,Goalkeeper,right,201.0,2027-06-30 00:00:00,CAA Stellar,https://img.a.transfermarkt.technology/portrait/header/52570-1676412801.jpg?lm=1,6.0,0.0,,https://www.transfermarkt.co.uk/fraser-forster/profil/spieler/52570,GB1,AFC Bournemouth,400000.0,15000000.0
53231,,Diego Cavalieri,Diego Cavalieri,2017,873,diego-cavalieri,Brazil,São Paulo  ,Brazil,1982-12-01 00:00:00,Goalkeeper,Goalkeeper,left,189.0,,,https://img.a.transfermarkt.technology/portrait/header/53231-1520609565.jpg?lm=1,,,,https://www.transfermarkt.co.uk/diego-cavalieri/profil/spieler/53231,GB1,Crystal Palace,200000.0,3000000.0
53360,Jay,Rodríguez,Jay Rodríguez,2023,1132,jay-rodriguez,England,Burnley  ,England,1989-07-29 00:00:00,Centre-Forward,Attack,right,185.0,2025-06-30 00:00:00,Beswicks Sports Ltd,https://img.a.transfermarkt.technology/portrait/header/53360-1700672990.jpg?lm=1,,,,https://www.transfermarkt.co.uk/jay-rodriguez/profil/spieler/53360,GB1,Burnley FC,1000000.0,13000000.0
53622,İlkay,Gündoğan,İlkay Gündoğan,2025,281,ilkay-gundogan,Germany,Gelsenkirchen  ,Germany,1990-10-24 00:00:00,Central Midfield,Midfield,right,180.0,2027-06-30 00:00:00,ROOF,https://img.a.transfermarkt.technology/portrait/header/53622-1756980813.png?lm=1,82.0,19.0,,https://www.transfermarkt.co.uk/ilkay-gundogan/profil/spieler/53622,GB1,Manchester City,2000000.0,50000000.0
54170,,Ramires,Ramires,2015,631,ramires,Brazil,Barra do Piraí  ,Brazil,1987-03-24 00:00:00,Central Midfield,Midfield,right,179.0,,,https://img.a.transfermarkt.technology/portrait/header/54170-1513586143.jpg?lm=1,,,,https://www.transfermarkt.co.uk/ramires/profil/spieler/54170,GB1,Chelsea FC,300000.0,30000000.0
54275,André,Santos,André Santos,2012,11,andre-santos,Brazil,São Paulo  ,Brazil,1983-03-08 00:00:00,Left-Back,Defender,left,180.0,,,https://img.a.transfermarkt.technology/portrait/header/54275-1506028490.jpg?lm=1,,,,https://www.transfermarkt.co.uk/andre-santos/profil/spieler/54275,GB1,Arsenal FC,100000.0,8500000.0
54383,John,Fleck,John Fleck,2023,350,john-fleck,Scotland,Glasgow  ,Scotland,1991-08-24 00:00:00,Central Midfield,Midfield,left,169.0,,,https://img.a.transfermarkt.technology/portrait/header/54383-1564147661.jpg?lm=1,,,,https://www.transfermarkt.co.uk/john-fleck/profil/spieler/54383,GB1,Sheffield United,900000.0,8000000.0
54576,Sebastián,Blanco,Sebastián Blanco,2014,984,sebastian-blanco,Argentina,Buenos Aires  ,Argentina,1988-03-15 00:00:00,Attacking Midfield,Midfield,both,168.0,2023-12-31 00:00:00,,https://img.a.transfermarkt.technology/portrait/header/54576-1678461887.jpg?lm=1,,,,https://www.transfermarkt.co.uk/sebastian-blanco/profil/spieler/54576,GB1,West Bromwich Albion,600000.0,6000000.0
54890,Leonardo,Ulloa,Leonardo Ulloa,2018,1003,leonardo-ulloa,Argentina,General Roca  ,Argentina,1986-07-26 00:00:00,Centre-Forward,Attack,right,188.0,,CAPITAL GROUP SM,https://img.a.transfermarkt.technology/portrait/header/54890-1456593762.jpg?lm=1,,,,https://www.transfermarkt.co.uk/leonardo-ulloa/profil/spieler/54890,GB1,Leicester City,200000.0,8500000.0
55125,Chris,Löwe,Chris Löwe,2018,1110,chris-lowe,East Germany (GDR),Plauen  ,Germany,1989-04-16 00:00:00,Left-Back,Defender,left,173.0,2024-06-30 00:00:00,Unique Sports Group,https://img.a.transfermarkt.technology/portrait/header/55125-1672747507.png?lm=1,,,,https://www.transfermarkt.co.uk/chris-lowe/profil/spieler/55125,GB1,Huddersfield Town,150000.0,2000000.0
55709,Emmanuel,Mayuka,Emmanuel Mayuka,2014,180,emmanuel-mayuka,Zambia,Kabwe  ,Zambia,1990-11-21 00:00:00,Centre-Forward,Attack,right,178.0,,,https://img.a.transfermarkt.technology/portrait/header/55709-1497271753.jpg?lm=1,,,,https://www.transfermarkt.co.uk/emmanuel-mayuka/profil/spieler/55709,GB1,Southampton FC,325000.0,6500000.0
55742,Harry,Arter,Harry Arter,2023,703,harry-arter,England,London  ,Ireland,1989-12-28 00:00:00,Central Midfield,Midfield,left,177.0,,,https://img.a.transfermarkt.technology/portrait/header/55742-1700648169.jpg?lm=1,,,,https://www.transfermarkt.co.uk/harry-arter/profil/spieler/55742,GB1,Nottingham Forest,400000.0,7000000.0
56785,Elliot,Grandin,Elliot Grandin,2013,873,elliot-grandin,France,Caen  ,France,1987-10-17 00:00:00,Attacking Midfield,Midfield,right,180.0,,,https://img.a.transfermarkt.technology/portrait/header/s_56785_873_2013_09_26_1.jpg?lm=1,,,,https://www.transfermarkt.co.uk/elliot-grandin/profil/spieler/56785,GB1,Crystal Palace,150000.0,2000000.0
56829,Stéphane,Zubar,Stéphane Zubar,2015,989,stephane-zubar,Guadeloupe,Pointe-à-Pitre  ,Guadeloupe,1986-10-09 00:00:00,Centre-Back,Defender,right,187.0,,,https://img.a.transfermarkt.technology/portrait/header/default.jpg?lm=1,,,,https://www.transfermarkt.co.uk/stephane-zubar/profil/spieler/56829,GB1,AFC Bournemouth,250000.0,1100000.0
57079,Jack,Rodwell,Jack Rodwell,2020,350,jack-rodwell,England,Southport  ,England,1991-03-11 00:00:00,Defensive Midfield,Midfield,right,188.0,2024-06-30 00:00:00,RMG,https://img.a.transfermarkt.technology/portrait/header/57079-1407251908.jpg?lm=1,,,,https://www.transfermarkt.co.uk/jack-rodwell/profil/spieler/57079,GB1,Sheffield United,350000.0,16000000.0
57207,Jordon,Mutch,Jordon Mutch,2017,873,jordon-mutch,England,Alvaston  ,England,1991-12-02 00:00:00,Central Midfield,Midfield,right,184.0,2023-06-30 00:00:00,,https://img.a.transfermarkt.technology/portrait/header/57207-1521278841.jpg?lm=1,,,,https://www.transfermarkt.co.uk/jordon-mutch/profil/spieler/57207,GB1,Crystal Palace,175000.0,6000000.0
57410,Yann,Kermorgant,Yann Kermorgant,2015,989,yann-kermorgant,France,Vannes  ,France,1981-11-08 00:00:00,Centre-Forward,Attack,right,184.0,,,https://img.a.transfermarkt.technology/portrait/header/57410-1494968995.jpg?lm=1,,,,https://www.transfermarkt.co.uk/yann-kermorgant/profil/spieler/57410,GB1,AFC Bournemouth,400000.0,900000.0
57423,Florin,Gardos,Florin Gardos,2016,180,florin-gardos,Romania,Satu Mare  ,Romania,1988-10-29 00:00:00,Centre-Back,Defender,right,193.0,,,https://img.a.transfermarkt.technology/portrait/header/57423-1677507571.png?lm=1,,,,https://www.transfermarkt.co.uk/florin-gardos/profil/spieler/57423,GB1,Southampton FC,350000.0,6000000.0
57488,Simon,Dawkins,Simon Dawkins,2012,405,simon-dawkins,England,Edgware  ,Jamaica,1987-12-01 00:00:00,Left Winger,Attack,right,177.0,2023-11-30 00:00:00,,https://img.a.transfermarkt.technology/portrait/header/57488-1648840726.jpg?lm=1,,,,https://www.transfermarkt.co.uk/simon-dawkins/profil/spieler/57488,GB1,Aston Villa,75000.0,1000000.0
57842,Christopher,Schindler,Christopher Schindler,2018,1110,christopher-schindler,Germany,München  ,Germany,1990-04-29 00:00:00,Centre-Back,Defender,right,188.0,2024-06-30 00:00:00,PRO Profil GmbH,https://img.a.transfermarkt.technology/portrait/header/57842-1659622486.jpg?lm=1,,,,https://www.transfermarkt.co.uk/christopher-schindler/profil/spieler/57842,GB1,Huddersfield Town,500000.0,7000000.0
58361,Wilson,Palacios,Wilson Palacios,2014,512,wilson-palacios,Honduras,La Ceiba  ,Honduras,1984-07-29 00:00:00,Defensive Midfield,Midfield,right,181.0,,,https://img.a.transfermarkt.technology/portrait/header/s_58361_512_2013_03_08_1.jpg?lm=1,,,,https://www.transfermarkt.co.uk/wilson-palacios/profil/spieler/58361,GB1,Stoke City,750000.0,16000000.0
59558,Emilio,Nsue,Emilio Nsue,2016,641,emilio-nsue,Spain,Palma de Mallorca  ,Equatorial Guinea,1989-09-30 00:00:00,Right-Back,Defender,right,181.0,2023-06-30 00:00:00,,https://img.a.transfermarkt.technology/portrait/header/59558-1515424223.jpg?lm=1,,,,https://www.transfermarkt.co.uk/emilio-nsue/profil/spieler/59558,GB1,Middlesbrough FC,250000.0,3500000.0
59606,Craig,Cathcart,Craig Cathcart,2021,1010,craig-cathcart,Northern Ireland,Belfast  ,Northern Ireland,1989-02-06 00:00:00,Centre-Back,Defender,right,189.0,2023-06-30 00:00:00,,https://img.a.transfermarkt.technology/portrait/header/59606-1452002771.jpg?lm=1,,,,https://www.transfermarkt.co.uk/craig-cathcart/profil/spieler/59606,GB1,Watford FC,600000.0,5000000.0
60444,Thiago,Alcántara,Thiago Alcántara,2023,31,thiago-alcantara,Italy,San Pietro Vernotico  ,Spain,1991-04-11 00:00:00,Central Midfield,Midfield,right,174.0,,Unique Sports Group,https://img.a.transfermarkt.technology/portrait/header/60444-1694703091.jpg?lm=1,,,,https://www.transfermarkt.co.uk/thiago-alcantara/profil/spieler/60444,GB1,Liverpool FC,10000000.0,70000000.0
60591,Yannick,Sagbo,Yannick Sagbo,2014,3008,yannick-sagbo,France,Marseille  ,Cote d'Ivoire,1988-04-12 00:00:00,Centre-Forward,Attack,right,183.0,,FAME US Sport Agency,https://img.a.transfermarkt.technology/portrait/header/s_60591_3008_2013_09_27_1.jpg?lm=1,,,,https://www.transfermarkt.co.uk/yannick-sagbo/profil/spieler/60591,GB1,Hull City,150000.0,3000000.0
61549,Sean,Scannell,Sean Scannell,2017,1110,sean-scannell,England,London  ,Ireland,1990-09-17 00:00:00,Right Winger,Attack,right,176.0,2023-06-30 00:00:00,,https://img.a.transfermarkt.technology/portrait/header/s_61549_1110_2012_1.jpg?lm=1,,,,https://www.transfermarkt.co.uk/sean-scannell/profil/spieler/61549,GB1,Huddersfield Town,75000.0,1000000.0
61559,Hope,Akpan,Hope Akpan,2012,1032,hope-akpan,England,Liverpool  ,Nigeria,1991-08-14 00:00:00,Central Midfield,Midfield,right,185.0,,GP,https://img.a.transfermarkt.technology/portrait/header/s_61559_1032_2013_03_07_1.jpg?lm=1,,,,https://www.transfermarkt.co.uk/hope-akpan/profil/spieler/61559,GB1,Reading FC,300000.0,500000.0
61560,Marc,Albrighton,Marc Albrighton,2022,1003,marc-albrighton,,Tamworth  ,,1989-11-18 00:00:00,Right Midfield,Midfield,right,175.0,2024-06-30 00:00:00,,https://img.a.transfermarkt.technology/portrait/header/61560-1520608424.jpg?lm=1,,,,https://www.transfermarkt.co.uk/marc-albrighton/profil/spieler/61560,GB1,Leicester City,1000000.0,10000000.0
61561,Barry,Bannan,Barry Bannan,2014,873,barry-bannan,Scotland,Airdrie  ,Scotland,1989-12-01 00:00:00,Central Midfield,Midfield,left,169.0,2024-06-30 00:00:00,,https://img.a.transfermarkt.technology/portrait/header/s_61561_405_2012_11_12_1.jpg?lm=1,,,,https://www.transfermarkt.co.uk/barry-bannan/profil/spieler/61561,GB1,Crystal Palace,300000.0,5500000.0
61568,Jack,Collison,Jack Collison,2013,379,jack-collison,England,Watford  ,Wales,1988-10-02 00:00:00,Central Midfield,Midfield,right,183.0,,,https://img.a.transfermarkt.technology/portrait/header/s_61568_379_2009_1.jpg?lm=1,,,,https://www.transfermarkt.co.uk/jack-collison/profil/spieler/61568,GB1,West Ham United,500000.0,4000000.0
61572,Chris,Herd,Chris Herd,2014,405,chris-herd,Australia,Melbourne  ,Australia,1989-04-04 00:00:00,Defensive Midfield,Midfield,right,188.0,,,https://img.a.transfermarkt.technology/portrait/header/61572-1462193736.jpg?lm=1,,,,https://www.transfermarkt.co.uk/chris-herd/profil/spieler/61572,GB1,Aston Villa,200000.0,2500000.0
61573,Jonathan,Hogg,Jonathan Hogg,2018,1110,jonathan-hogg,England,Middlesbrough  ,England,1988-12-06 00:00:00,Central Midfield,Midfield,right,176.0,2024-06-30 00:00:00,YMU Group,https://img.a.transfermarkt.technology/portrait/header/61573-1473932435.jpg?lm=1,,,,https://www.transfermarkt.co.uk/jonathan-hogg/profil/spieler/61573,GB1,Huddersfield Town,250000.0,3500000.0
61583,Eunan,O'Kane,Eunan O'Kane,2020,399,eunan-okane,Northern Ireland,Derry  ,Ireland,1990-07-10 00:00:00,Central Midfield,Midfield,right,168.0,,,https://img.a.transfermarkt.technology/portrait/header/s_61583_989_2013_11_07_1.jpg?lm=1,,,,https://www.transfermarkt.co.uk/eunan-okane/profil/spieler/61583,GB1,Leeds United,200000.0,1500000.0
61592,James,Tomkins,James Tomkins,2023,873,james-tomkins,England,Basildon  ,England,1989-03-29 00:00:00,Centre-Back,Defender,right,192.0,,Capella Sport,https://img.a.transfermarkt.technology/portrait/header/61592-1700671047.jpg?lm=1,,,,https://www.transfermarkt.co.uk/james-tomkins/profil/spieler/61592,GB1,Crystal Palace,700000.0,8000000.0
61644,Jack,Colback,Jack Colback,2022,703,jack-colback,England,Killingworth  ,England,1989-10-24 00:00:00,Defensive Midfield,Midfield,left,177.0,,Wasserman,https://img.a.transfermarkt.technology/portrait/header/61644-1684239669.jpg?lm=1,,,,https://www.transfermarkt.co.uk/jack-colback/profil/spieler/61644,GB1,Nottingham Forest,600000.0,7500000.0
61651,Jordan,Henderson,Jordan Henderson,2025,1148,jordan-henderson,England,Sunderland  ,England,1990-06-17 00:00:00,Defensive Midfield,Midfield,right,182.0,2027-06-30 00:00:00,Gersh,https://img.a.transfermarkt.technology/portrait/header/61651-1662621084.jpg?lm=1,90.0,3.0,,https://www.transfermarkt.co.uk/jordan-henderson/profil/spieler/61651,GB1,Brentford FC,1200000.0,35000000.0
61653,Conor,Hourihane,Conor Hourihane,2021,405,conor-hourihane,Ireland,Cork  ,Ireland,1991-02-02 00:00:00,Central Midfield,Midfield,left,181.0,2024-06-30 00:00:00,,https://img.a.transfermarkt.technology/portrait/header/61653-1471862452.jpg?lm=1,,,,https://www.transfermarkt.co.uk/conor-hourihane/profil/spieler/61653,GB1,Aston Villa,450000.0,7500000.0
61694,Neil,Etheridge,Neil Etheridge,2018,603,neil-etheridge,England,London  ,Philippines,1990-02-07 00:00:00,Goalkeeper,Goalkeeper,right,188.0,2024-06-30 00:00:00,OmniSports,https://img.a.transfermarkt.technology/portrait/header/61694-1553588839.jpg?lm=1,,,,https://www.transfermarkt.co.uk/neil-etheridge/profil/spieler/61694,GB1,Cardiff City,500000.0,8000000.0
61697,Wes,Foderingham,Wes Foderingham,2025,379,wes-foderingham,England,London  ,England,1991-01-14 00:00:00,Goalkeeper,Goalkeeper,left,185.0,2027-05-31 00:00:00,CAA Stellar,https://img.a.transfermarkt.technology/portrait/header/61697-1762899359.png?lm=1,3.0,0.0,,https://www.transfermarkt.co.uk/wes-foderingham/profil/spieler/61697,GB1,West Ham United,450000.0,900000.0
61711,Callum,McManaman,Callum McManaman,2016,984,callum-mcmanaman,England,Huyton  ,England,1991-04-25 00:00:00,Right Winger,Attack,right,174.0,,,https://img.a.transfermarkt.technology/portrait/header/61711-1558623368.jpg?lm=1,,,,https://www.transfermarkt.co.uk/callum-mcmanaman/profil/spieler/61711,GB1,West Bromwich Albion,300000.0,5000000.0
61814,David,Button,David Button,2020,984,david-button,England,Stevenage  ,England,1989-02-27 00:00:00,Goalkeeper,Goalkeeper,right,191.0,2024-06-30 00:00:00,Wasserman,https://img.a.transfermarkt.technology/portrait/header/61814-1473151573.jpg?lm=1,,,,https://www.transfermarkt.co.uk/david-button/profil/spieler/61814,GB1,West Bromwich Albion,250000.0,2000000.0
61819,Charlie,Daniels,Charlie Daniels,2019,989,charlie-daniels,England,Harlow  ,England,1986-09-07 00:00:00,Left-Back,Defender,left,178.0,,Volenti,https://img.a.transfermarkt.technology/portrait/header/61819-1445429234.jpg?lm=1,,,,https://www.transfermarkt.co.uk/charlie-daniels/profil/spieler/61819,GB1,AFC Bournemouth,1600000.0,3500000.0
61823,Tommy,Forecast,Tommy Forecast,2012,180,tommy-forecast,England,London  ,England,1986-10-15 00:00:00,Goalkeeper,Goalkeeper,,198.0,,,https://img.a.transfermarkt.technology/portrait/header/default.jpg?lm=1,,,,https://www.transfermarkt.co.uk/tommy-forecast/profil/spieler/61823,GB1,Southampton FC,50000.0,50000.0
61832,Jake,Livermore,Jake Livermore,2020,984,jake-livermore,England,London  ,England,1989-11-14 00:00:00,Defensive Midfield,Midfield,right,180.0,2023-06-30 00:00:00,,https://img.a.transfermarkt.technology/portrait/header/61832-1490364126.jpg?lm=1,,,,https://www.transfermarkt.co.uk/jake-livermore/profil/spieler/61832,GB1,West Bromwich Albion,500000.0,9000000.0
61834,Ryan,Mason,Ryan Mason,2016,3008,ryan-mason,England,London  ,England,1991-06-13 00:00:00,Central Midfield,Midfield,right,175.0,,Wasserman,https://img.a.transfermarkt.technology/portrait/header/s_61834_352_2013_09_23_1.jpg?lm=1,,,,https://www.transfermarkt.co.uk/ryan-mason/profil/spieler/61834,GB1,Hull City,7000000.0,8500000.0
61841,Adam,Smith,Adam Smith,2025,989,adam-smith,England,London  ,England,1991-04-29 00:00:00,Right-Back,Defender,right,174.0,2027-06-30 00:00:00,CAA Stellar,https://img.a.transfermarkt.technology/portrait/header/61841-1737920848.jpg?lm=1,12.0,0.0,,https://www.transfermarkt.co.uk/adam-smith/profil/spieler/61841,GB1,AFC Bournemouth,300000.0,9000000.0
62008,Stefan,Johansen,Stefan Johansen,2020,931,stefan-johansen,Norway,Vardø  ,Norway,1991-01-08 00:00:00,Central Midfield,Midfield,left,182.0,2024-06-30 00:00:00,TPSportManagement,https://img.a.transfermarkt.technology/portrait/header/62008-1546605424.jpg?lm=1,,,,https://www.transfermarkt.co.uk/stefan-johansen/profil/spieler/62008,GB1,Fulham FC,600000.0,4500000.0
62052,Shane,Ferguson,Shane Ferguson,2014,762,shane-ferguson,Northern Ireland,Derry  ,Northern Ireland,1991-07-12 00:00:00,Left Midfield,Midfield,left,175.0,2023-06-30 00:00:00,,https://img.a.transfermarkt.technology/portrait/header/62052-1594966887.jpg?lm=1,,,,https://www.transfermarkt.co.uk/shane-ferguson/profil/spieler/62052,GB1,Newcastle United,300000.0,1500000.0
62054,Vegard,Forren,Vegard Forren,2012,180,vegard-forren,Norway,Kyrksæterøra  ,Norway,1988-02-16 00:00:00,Centre-Back,Defender,left,186.0,2023-12-31 00:00:00,SMA,https://img.a.transfermarkt.technology/portrait/header/s_62054_180_2013_02_11_1.jpg?lm=1,,,,https://www.transfermarkt.co.uk/vegard-forren/profil/spieler/62054,GB1,Southampton FC,25000.0,4500000.0
62240,Maynor,Figueroa,Maynor Figueroa,2014,3008,maynor-figueroa,Honduras,Jutiapa  ,Honduras,1983-05-02 00:00:00,Left-Back,Defender,left,182.0,,,https://img.a.transfermarkt.technology/portrait/header/62240-1618676444.jpg?lm=1,,,,https://www.transfermarkt.co.uk/maynor-figueroa/profil/spieler/62240,GB1,Hull City,100000.0,5500000.0
62638,Nathan,Baker,Nathan Baker,2015,405,nathan-baker,England,Worcester  ,England,1991-04-23 00:00:00,Centre-Back,Defender,left,189.0,,,https://img.a.transfermarkt.technology/portrait/header/62638-1410950146.jpg?lm=1,,,,https://www.transfermarkt.co.uk/nathan-baker/profil/spieler/62638,GB1,Aston Villa,1500000.0,4000000.0
62642,Nathan,Delfouneso,Nathan Delfouneso,2012,405,nathan-delfouneso,England,Birmingham  ,England,1991-02-02 00:00:00,Centre-Forward,Attack,right,186.0,,,https://img.a.transfermarkt.technology/portrait/header/62642-1643291665.jpg?lm=1,,,,https://www.transfermarkt.co.uk/nathan-delfouneso/profil/spieler/62642,GB1,Aston Villa,250000.0,3500000.0
62688,Scott,Dann,Scott Dann,2020,873,scott-dann,England,Liverpool  ,England,1987-02-14 00:00:00,Centre-Back,Defender,right,194.0,2023-06-30 00:00:00,SM Sport Assist,https://img.a.transfermarkt.technology/portrait/header/62688-1547722565.jpg?lm=1,,,,https://www.transfermarkt.co.uk/scott-dann/profil/spieler/62688,GB1,Crystal Palace,200000.0,5000000.0
62947,Tomás,Mejías,Tomás Mejías,2016,641,tomas-mejias,Spain,Madrid  ,Spain,1989-01-30 00:00:00,Goalkeeper,Goalkeeper,right,195.0,2023-06-30 00:00:00,Asmantra Sports,https://img.a.transfermarkt.technology/portrait/header/62947-1611412998.jpeg?lm=1,,,,https://www.transfermarkt.co.uk/tomas-mejias/profil/spieler/62947,GB1,Middlesbrough FC,150000.0,800000.0
63200,Ashley,Barnes,Ashley Barnes,2025,1132,ashley-barnes,England,Dunkerton  ,England,1989-10-30 00:00:00,Centre-Forward,Attack,right,185.0,,CAA Base Ltd,https://img.a.transfermarkt.technology/portrait/header/63200-1730035902.jpg?lm=1,1.0,0.0,,https://www.transfermarkt.co.uk/ashley-barnes/profil/spieler/63200,GB1,Burnley FC,150000.0,10000000.0
63285,Kagisho,Dikgacoi,Kagisho Dikgacoi,2013,873,kagisho-dikgacoi,South Africa,"Brandfort, Free State  ",South Africa,1984-11-24 00:00:00,Central Midfield,Midfield,right,183.0,,,https://img.a.transfermarkt.technology/portrait/header/63285-1531926975.jpg?lm=1,,,,https://www.transfermarkt.co.uk/kagisho-dikgacoi/profil/spieler/63285,GB1,Crystal Palace,850000.0,2000000.0
63824,Libor,Kozak,Libor Kozak,2015,405,libor-kozak,CSSR,Brumov-Bylnice  ,Czech Republic,1989-05-30 00:00:00,Centre-Forward,Attack,right,193.0,,Sergio Berti,https://img.a.transfermarkt.technology/portrait/header/63824-1538488890.jpg?lm=1,,,,https://www.transfermarkt.co.uk/libor-kozak/profil/spieler/63824,GB1,Aston Villa,275000.0,6000000.0
65255,Timm,Klose,Timm Klose,2019,1123,timm-klose,Germany,Frankfurt am Main  ,Switzerland,1988-05-09 00:00:00,Centre-Back,Defender,right,195.0,,Giallanza Sport,https://img.a.transfermarkt.technology/portrait/header/65255-1483534556.jpg?lm=1,,,,https://www.transfermarkt.co.uk/timm-klose/profil/spieler/65255,GB1,Norwich City,300000.0,5500000.0
65477,Troy,Deeney,Troy Deeney,2021,1010,troy-deeney,England,Birmingham  ,England,1988-06-29 00:00:00,Centre-Forward,Attack,right,184.0,2023-06-30 00:00:00,Pinnacle Sports,https://img.a.transfermarkt.technology/portrait/header/65477-1467382766.jpg?lm=1,,,,https://www.transfermarkt.co.uk/troy-deeney/profil/spieler/65477,GB1,Watford FC,400000.0,11000000.0
65976,Hal,Robson-Kanu,Hal Robson-Kanu,2020,984,hal-robson-kanu,England,London  ,Wales,1989-05-21 00:00:00,Centre-Forward,Attack,left,183.0,,,https://img.a.transfermarkt.technology/portrait/header/65976-1464944267.jpg?lm=1,,,,https://www.transfermarkt.co.uk/hal-robson-kanu/profil/spieler/65976,GB1,West Bromwich Albion,1500000.0,3000000.0
66219,Kyle,Naughton,Kyle Naughton,2017,2288,kyle-naughton,England,Sheffield  ,England,1988-11-17 00:00:00,Right-Back,Defender,right,181.0,2023-06-30 00:00:00,CAA Base Ltd,https://img.a.transfermarkt.technology/portrait/header/s_66219_148_2012_1.jpg?lm=1,,,,https://www.transfermarkt.co.uk/kyle-naughton/profil/spieler/66219,GB1,Swansea City,300000.0,6000000.0
66333,Ahmed,Elmohamady,Ahmed Elmohamady,2020,405,ahmed-elmohamady,Egypt,Basyoun  ,Egypt,1987-09-09 00:00:00,Right-Back,Defender,right,182.0,,,https://img.a.transfermarkt.technology/portrait/header/66333-1548677869.jpg?lm=1,,,,https://www.transfermarkt.co.uk/ahmed-elmohamady/profil/spieler/66333,GB1,Aston Villa,1500000.0,5500000.0
66518,Rene,Gilmartin,Rene Gilmartin,2016,1010,rene-gilmartin,Ireland,Dublin  ,Ireland,1987-05-31 00:00:00,Goalkeeper,Goalkeeper,,197.0,,,https://img.a.transfermarkt.technology/portrait/header/default.jpg?lm=1,,,,https://www.transfermarkt.co.uk/rene-gilmartin/profil/spieler/66518,GB1,Watford FC,100000.0,250000.0
66550,Ángel,Rangel,Ángel Rangel,2017,2288,angel-rangel,Spain,Sant Carles de la Ràpita  ,Spain,1982-11-28 00:00:00,Right-Back,Defender,right,188.0,,CAA Base Ltd,https://img.a.transfermarkt.technology/portrait/header/s_66550_2288_2013_09_27_1.jpg?lm=1,,,,https://www.transfermarkt.co.uk/angel-rangel/profil/spieler/66550,GB1,Swansea City,300000.0,3500000.0
66923,Luke,Freeman,Luke Freeman,2020,350,luke-freeman,England,Dartford  ,England,1992-03-22 00:00:00,Attacking Midfield,Midfield,left,176.0,,,https://img.a.transfermarkt.technology/portrait/header/66923-1485791187.jpg?lm=1,,,,https://www.transfermarkt.co.uk/luke-freeman/profil/spieler/66923,GB1,Sheffield United,500000.0,5000000.0
66934,Cheikhou,Kouyaté,Cheikhou Kouyaté,2023,703,cheikhou-kouyate,Senegal,Dakar  ,Senegal,1989-12-21 00:00:00,Defensive Midfield,Midfield,right,189.0,,,https://img.a.transfermarkt.technology/portrait/header/66934-1700739079.jpg?lm=1,,,,https://www.transfermarkt.co.uk/cheikhou-kouyate/profil/spieler/66934,GB1,Nottingham Forest,1000000.0,12000000.0
66994,Gary,Madine,Gary Madine,2018,603,gary-madine,England,Gateshead  ,England,1990-08-24 00:00:00,Centre-Forward,Attack,right,191.0,2023-06-30 00:00:00,CAA Stellar,https://img.a.transfermarkt.technology/portrait/header/66994-1475578497.jpg?lm=1,,,,https://www.transfermarkt.co.uk/gary-madine/profil/spieler/66994,GB1,Cardiff City,250000.0,5000000.0
67063,Danny,Welbeck,Danny Welbeck,2025,1237,danny-welbeck,England,Manchester  ,England,1990-11-26 00:00:00,Centre-Forward,Attack,right,185.0,2027-06-30 00:00:00,Prodigy Sports Group,https://img.a.transfermarkt.technology/portrait/header/67063-1746437656.jpg?lm=1,42.0,16.0,,https://www.transfermarkt.co.uk/danny-welbeck/profil/spieler/67063,GB1,Brighton & Hove Albion,3000000.0,18000000.0
67202,Aaron,Wilbraham,Aaron Wilbraham,2013,873,aaron-wilbraham,England,Knutsford  ,England,1979-10-21 00:00:00,Centre-Forward,Attack,right,191.0,,Unique Sports Group,https://img.a.transfermarkt.technology/portrait/header/s_67202_873_2013_09_26_1.jpg?lm=1,,,,https://www.transfermarkt.co.uk/aaron-wilbraham/profil/spieler/67202,GB1,Crystal Palace,100000.0,500000.0
67211,Sam,Baldock,Sam Baldock,2017,1237,sam-baldock,England,Buckingham  ,England,1989-03-15 00:00:00,Centre-Forward,Attack,right,170.0,2024-06-30 00:00:00,Wasserman,https://img.a.transfermarkt.technology/portrait/header/67211-1544623122.jpg?lm=1,,,,https://www.transfermarkt.co.uk/sam-baldock/profil/spieler/67211,GB1,Brighton & Hove Albion,100000.0,3000000.0
67232,Mark,Oxley,Mark Oxley,2014,3008,mark-oxley,England,Sheffield  ,England,1990-09-28 00:00:00,Goalkeeper,Goalkeeper,right,190.0,2025-06-30 00:00:00,,https://img.a.transfermarkt.technology/portrait/header/67232-1520516410.jpg?lm=1,,,,https://www.transfermarkt.co.uk/mark-oxley/profil/spieler/67232,GB1,Hull City,150000.0,250000.0
67252,Ryan,Bennett,Ryan Bennett,2019,1003,ryan-bennett,England,Orsett  ,England,1990-03-06 00:00:00,Centre-Back,Defender,right,188.0,2023-06-30 00:00:00,World in Motion,https://img.a.transfermarkt.technology/portrait/header/67252-1544607300.jpg?lm=1,,,,https://www.transfermarkt.co.uk/ryan-bennett/profil/spieler/67252,GB1,Leicester City,250000.0,7000000.0
67283,Ben,Hamer,Ben Hamer,2018,1110,ben-hamer,England,Taunton  ,England,1987-11-20 00:00:00,Goalkeeper,Goalkeeper,right,193.0,2024-06-30 00:00:00,,https://img.a.transfermarkt.technology/portrait/header/67283-1407315672.jpg?lm=1,,,,https://www.transfermarkt.co.uk/ben-hamer/profil/spieler/67283,GB1,Huddersfield Town,200000.0,750000.0
67322,Anthony,Pilkington,Anthony Pilkington,2013,1123,anthony-pilkington,England,Blackburn  ,Ireland,1988-06-06 00:00:00,Left Winger,Attack,both,181.0,,Unique Sports Group,https://img.a.transfermarkt.technology/portrait/header/s_67322_1123_2013_03_06_1.jpg?lm=1,,,,https://www.transfermarkt.co.uk/anthony-pilkington/profil/spieler/67322,GB1,Norwich City,250000.0,5000000.0
67339,David,Stockdale,David Stockdale,2013,931,david-stockdale,England,Leeds  ,England,1985-09-20 00:00:00,Goalkeeper,Goalkeeper,right,190.0,2025-06-30 00:00:00,Unique Sports Group,https://img.a.transfermarkt.technology/portrait/header/s_67339_931_2013_10_18_1.jpg?lm=1,,,,https://www.transfermarkt.co.uk/david-stockdale/profil/spieler/67339,GB1,Fulham FC,100000.0,3500000.0
67346,Marc,Tierney,Marc Tierney,2012,1123,marc-tierney,England,Prestwich  ,England,1985-08-23 00:00:00,Left-Back,Defender,left,183.0,,,https://img.a.transfermarkt.technology/portrait/header/s_67346_1123_2013_03_06_1.jpg?lm=1,,,,https://www.transfermarkt.co.uk/marc-tierney/profil/spieler/67346,GB1,Norwich City,400000.0,2000000.0
67355,Ashley,Williams,Ashley Williams,2018,29,ashley-williams,England,Wolverhampton  ,Wales,1984-08-23 00:00:00,Centre-Back,Defender,right,183.0,,,https://img.a.transfermarkt.technology/portrait/header/67355-1456301949.jpg?lm=1,,,,https://www.transfermarkt.co.uk/ashley-williams/profil/spieler/67355,GB1,Everton FC,800000.0,8500000.0
67369,Nick,Blackman,Nick Blackman,2012,1032,nick-blackman,England,Bury  ,Barbados,1989-11-11 00:00:00,Centre-Forward,Attack,left,188.0,,Wasserman,https://img.a.transfermarkt.technology/portrait/header/s_67369_1032_2013_03_07_1.jpg?lm=1,,,,https://www.transfermarkt.co.uk/nick-blackman/profil/spieler/67369,GB1,Reading FC,300000.0,2500000.0
67416,Neil,Taylor,Neil Taylor,2020,405,neil-taylor,Wales,St Asaph  ,Wales,1989-02-07 00:00:00,Left-Back,Defender,left,176.0,,,https://img.a.transfermarkt.technology/portrait/header/67416-1456302530.jpg?lm=1,,,,https://www.transfermarkt.co.uk/neil-taylor/profil/spieler/67416,GB1,Aston Villa,500000.0,6000000.0
67420,Luke,Ayling,Luke Ayling,2022,399,luke-ayling,,London  ,,1991-08-25 00:00:00,Right-Back,Defender,right,183.0,2024-06-30 00:00:00,CAA Stellar,https://img.a.transfermarkt.technology/portrait/header/s_67420_972_2013_10_18_1.jpg?lm=1,,,,https://www.transfermarkt.co.uk/luke-ayling/profil/spieler/67420,GB1,Leeds United,1800000.0,5000000.0
67421,Kyle,Bartley,Kyle Bartley,2020,984,kyle-bartley,England,Stockport  ,England,1991-05-22 00:00:00,Centre-Back,Defender,right,194.0,2023-06-30 00:00:00,CAA Stellar,https://img.a.transfermarkt.technology/portrait/header/67421-1518793816.jpg?lm=1,,,,https://www.transfermarkt.co.uk/kyle-bartley/profil/spieler/67421,GB1,West Bromwich Albion,600000.0,4000000.0
67431,Michal,Zyro,Michal Zyro,2018,543,michal-zyro,Poland,Warszawa  ,Poland,1992-09-20 00:00:00,Centre-Forward,Attack,left,189.0,2024-06-30 00:00:00,,https://img.a.transfermarkt.technology/portrait/header/67431-1670965041.png?lm=1,,,,https://www.transfermarkt.co.uk/michal-zyro/profil/spieler/67431,GB1,Wolverhampton Wanderers,100000.0,2500000.0
68183,David,Meyler,David Meyler,2016,3008,david-meyler,Ireland,Cork  ,Ireland,1989-05-29 00:00:00,Central Midfield,Midfield,right,189.0,,,https://img.a.transfermarkt.technology/portrait/header/68183-1464869149.jpg?lm=1,,,,https://www.transfermarkt.co.uk/david-meyler/profil/spieler/68183,GB1,Hull City,1000000.0,3000000.0
68390,Séamus,Coleman,Séamus Coleman,2025,29,seamus-coleman,Ireland,Donegal  ,Ireland,1988-10-11 00:00:00,Right-Back,Defender,right,177.0,,,https://img.a.transfermarkt.technology/portrait/header/68390-1774469102.jpg?lm=1,81.0,1.0,,https://www.transfermarkt.co.uk/seamus-coleman/profil/spieler/68390,GB1,Everton FC,200000.0,19000000.0
69001,Giedrius,Arlauskis,Giedrius Arlauskis,2016,1010,giedrius-arlauskis,UdSSR,Telšiai  ,Lithuania,1987-12-01 00:00:00,Goalkeeper,Goalkeeper,left,191.0,,TG World,https://img.a.transfermarkt.technology/portrait/header/69001-1676880471.png?lm=1,,,,https://www.transfermarkt.co.uk/giedrius-arlauskis/profil/spieler/69001,GB1,Watford FC,200000.0,2500000.0
69653,Garath,McCleary,Garath McCleary,2012,1032,garath-mccleary,England,Oxford  ,Jamaica,1987-05-15 00:00:00,Right Winger,Attack,right,187.0,,SBM,https://img.a.transfermarkt.technology/portrait/header/69653-1596528340.jpg?lm=1,,,,https://www.transfermarkt.co.uk/garath-mccleary/profil/spieler/69653,GB1,Reading FC,125000.0,1500000.0
69912,Joel,Ekstrand,Joel Ekstrand,2015,1010,joel-ekstrand,Sweden,Lund  ,Sweden,1989-02-04 00:00:00,Centre-Back,Defender,right,188.0,,MD Management,https://img.a.transfermarkt.technology/portrait/header/69912-1486027474.jpg?lm=1,,,,https://www.transfermarkt.co.uk/joel-ekstrand/profil/spieler/69912,GB1,Watford FC,100000.0,1500000.0
70950,Mohamed,Diamé,Mohamed Diamé,2018,762,mohamed-diame,France,Créteil  ,Senegal,1987-06-14 00:00:00,Central Midfield,Midfield,right,184.0,,M&D Sport Managment,https://img.a.transfermarkt.technology/portrait/header/70950-1547722322.jpg?lm=1,,,,https://www.transfermarkt.co.uk/mohamed-diame/profil/spieler/70950,GB1,Newcastle United,200000.0,7500000.0
71020,Luciano,Becchio,Luciano Becchio,2013,1123,luciano-becchio,Argentina,Córdoba  ,Argentina,1983-12-28 00:00:00,Centre-Forward,Attack,left,187.0,,,https://img.a.transfermarkt.technology/portrait/header/71020-1484578640.png?lm=1,,,,https://www.transfermarkt.co.uk/luciano-becchio/profil/spieler/71020,GB1,Norwich City,250000.0,2500000.0
71096,Róger,Espinoza,Róger Espinoza,2012,1071,roger-espinoza,Honduras,Puerto Cortés  ,Honduras,1986-10-25 00:00:00,Central Midfield,Midfield,left,178.0,2023-12-31 00:00:00,PROSPORT Management,https://img.a.transfermarkt.technology/portrait/header/71096-1678213427.jpg?lm=1,,,,https://www.transfermarkt.co.uk/roger-espinoza/profil/spieler/71096,GB1,Wigan Athletic,150000.0,1500000.0
71107,Brek,Shea,Brek Shea,2013,512,brek-shea,United States,"College Station, Texas  ",United States,1990-02-28 00:00:00,Left Midfield,Midfield,left,190.0,,Wasserman,https://img.a.transfermarkt.technology/portrait/header/71107-1618682266.jpg?lm=1,,,,https://www.transfermarkt.co.uk/brek-shea/profil/spieler/71107,GB1,Stoke City,300000.0,3000000.0
72476,Bernd,Leno,Bernd Leno,2025,931,bernd-leno,Germany,Bietigheim-Bissingen  ,Germany,1992-03-04 00:00:00,Goalkeeper,Goalkeeper,right,190.0,2027-06-30 00:00:00,fair-sport GmbH,https://img.a.transfermarkt.technology/portrait/header/72476-1774470314.jpg?lm=1,9.0,0.0,,https://www.transfermarkt.co.uk/bernd-leno/profil/spieler/72476,GB1,Fulham FC,6000000.0,35000000.0
73067,Adam,Clayton,Adam Clayton,2016,641,adam-clayton,England,Manchester  ,England,1989-01-14 00:00:00,Central Midfield,Midfield,right,175.0,2023-06-30 00:00:00,YMU Group,https://img.a.transfermarkt.technology/portrait/header/73067-1469715796.jpg?lm=1,,,,https://www.transfermarkt.co.uk/adam-clayton/profil/spieler/73067,GB1,Middlesbrough FC,175000.0,3500000.0
73472,Ben,Amos,Ben Amos,2014,985,ben-amos,England,Macclesfield  ,England,1990-04-10 00:00:00,Goalkeeper,Goalkeeper,right,193.0,2023-06-30 00:00:00,OmniSports,https://img.a.transfermarkt.technology/portrait/header/s_73472_985_2013_10_18_1.jpg?lm=1,,,,https://www.transfermarkt.co.uk/ben-amos/profil/spieler/73472,GB1,Manchester United,300000.0,1000000.0
73482,James,Chester,James Chester,2019,405,james-chester,England,Warrington  ,Wales,1989-01-23 00:00:00,Centre-Back,Defender,right,177.0,2023-06-30 00:00:00,YMU Group,https://img.a.transfermarkt.technology/portrait/header/73482-1456301871.jpg?lm=1,,,,https://www.transfermarkt.co.uk/james-chester/profil/spieler/73482,GB1,Aston Villa,100000.0,8000000.0
73484,Tom,Cleverley,Tom Cleverley,2021,1010,tom-cleverley,England,Basingstoke  ,England,1989-08-12 00:00:00,Central Midfield,Midfield,right,175.0,2023-06-30 00:00:00,Pinnacle Sports,https://img.a.transfermarkt.technology/portrait/header/73484-1410950625.jpg?lm=1,,,,https://www.transfermarkt.co.uk/tom-cleverley/profil/spieler/73484,GB1,Watford FC,400000.0,14000000.0
73491,Danny,Drinkwater,Danny Drinkwater,2021,631,danny-drinkwater,England,Manchester  ,England,1990-03-05 00:00:00,Central Midfield,Midfield,right,178.0,,,https://img.a.transfermarkt.technology/portrait/header/73491-1632290404.jpg?lm=1,,,,https://www.transfermarkt.co.uk/danny-drinkwater/profil/spieler/73491,GB1,Chelsea FC,400000.0,20000000.0
73492,Joe,Dudgeon,Joe Dudgeon,2014,3008,joe-dudgeon,England,Leeds  ,Northern Ireland,1990-11-26 00:00:00,Left-Back,Defender,left,178.0,,,https://img.a.transfermarkt.technology/portrait/header/s_73492_3008_2013_08_16_1.jpg?lm=1,,,,https://www.transfermarkt.co.uk/joe-dudgeon/profil/spieler/73492,GB1,Hull City,500000.0,500000.0
73522,Matty,James,Matty James,2020,1003,matty-james,England,Bacup  ,England,1991-07-22 00:00:00,Central Midfield,Midfield,right,181.0,2024-06-30 00:00:00,Wasserman,https://img.a.transfermarkt.technology/portrait/header/73522-1406794767.jpg?lm=1,,,,https://www.transfermarkt.co.uk/matty-james/profil/spieler/73522,GB1,Leicester City,800000.0,2500000.0
73547,Oliver,Norwood,Oliver Norwood,2023,350,oliver-norwood,England,Burnley  ,Northern Ireland,1991-04-12 00:00:00,Central Midfield,Midfield,right,175.0,2027-06-30 00:00:00,Unique Sports Group,https://img.a.transfermarkt.technology/portrait/header/73547-1700670741.jpg?lm=1,,,,https://www.transfermarkt.co.uk/oliver-norwood/profil/spieler/73547,GB1,Sheffield United,1000000.0,9000000.0
73564,Jason,Steele,Jason Steele,2025,1237,jason-steele,England,Newton Aycliffe  ,England,1990-08-18 00:00:00,Goalkeeper,Goalkeeper,right,188.0,2027-06-30 00:00:00,Murdock Sports Group,https://img.a.transfermarkt.technology/portrait/header/73564-1681383960.jpg?lm=1,0.0,0.0,,https://www.transfermarkt.co.uk/jason-steele/profil/spieler/73564,GB1,Brighton & Hove Albion,500000.0,4000000.0
73566,Cameron,Stewart,Cameron Stewart,2013,3008,cameron-stewart,England,Manchester  ,England,1991-04-08 00:00:00,Left Winger,Attack,right,172.0,,,https://img.a.transfermarkt.technology/portrait/header/s_73566_3008_2013_08_16_1.jpg?lm=1,,,,https://www.transfermarkt.co.uk/cameron-stewart/profil/spieler/73566,GB1,Hull City,250000.0,750000.0
74088,Declan,Rudd,Declan Rudd,2015,1123,declan-rudd,England,Diss  ,England,1991-01-16 00:00:00,Goalkeeper,Goalkeeper,right,191.0,,World in Motion,https://img.a.transfermarkt.technology/portrait/header/s_74088_1123_2013_06_10_1.jpg?lm=1,,,,https://www.transfermarkt.co.uk/declan-rudd/profil/spieler/74088,GB1,Norwich City,800000.0,2000000.0
74230,Pablo,Sarabia,Pablo Sarabia,2024,543,pablo-sarabia,Spain,Madrid  ,Spain,1992-05-11 00:00:00,Attacking Midfield,Midfield,left,174.0,2027-06-30 00:00:00,Pablo Barquero,https://img.a.transfermarkt.technology/portrait/header/74230-1762258624.jpg?lm=1,27.0,9.0,,https://www.transfermarkt.co.uk/pablo-sarabia/profil/spieler/74230,GB1,Wolverhampton Wanderers,4000000.0,40000000.0
74300,Luka,Milivojevic,Luka Milivojevic,2022,873,luka-milivojevic,Jugoslawien (SFR),Kragujevac  ,Serbia,1991-04-07 00:00:00,Defensive Midfield,Midfield,right,186.0,,,https://img.a.transfermarkt.technology/portrait/header/74300-1479730704.jpg?lm=1,,,,https://www.transfermarkt.co.uk/luka-milivojevic/profil/spieler/74300,GB1,Crystal Palace,2000000.0,25000000.0
74768,Adlène,Guédioura,Adlène Guédioura,2016,641,adlene-guedioura,France,La Roche-sur-Yon  ,Algeria,1985-11-12 00:00:00,Central Midfield,Midfield,right,178.0,,On Fire,https://img.a.transfermarkt.technology/portrait/header/74768-1541149217.JPG?lm=1,,,,https://www.transfermarkt.co.uk/adlene-guedioura/profil/spieler/74768,GB1,Middlesbrough FC,100000.0,3000000.0
74810,Ben,Mee,Ben Mee,2024,1148,ben-mee,England,Sale  ,England,1989-09-21 00:00:00,Centre-Back,Defender,left,180.0,2026-06-30 00:00:00,,https://img.a.transfermarkt.technology/portrait/header/74810-1700647998.jpg?lm=1,2.0,0.0,,https://www.transfermarkt.co.uk/ben-mee/profil/spieler/74810,GB1,Brentford FC,1000000.0,10000000.0
74943,Juraj,Kucka,Juraj Kucka,2021,1010,juraj-kucka,CSSR,Bojnice  ,Slovakia,1987-02-26 00:00:00,Central Midfield,Midfield,right,186.0,2024-06-30 00:00:00,Stars & Friends,https://img.a.transfermarkt.technology/portrait/header/74943-1534677079.png?lm=1,,,,https://www.transfermarkt.co.uk/juraj-kucka/profil/spieler/74943,GB1,Watford FC,1200000.0,9000000.0
74960,Martin,Dúbravka,Martin Dúbravka,2025,1132,martin-dubravka,CSSR,Žilina  ,Slovakia,1989-01-15 00:00:00,Goalkeeper,Goalkeeper,right,191.0,2027-06-30 00:00:00,1863,https://img.a.transfermarkt.technology/portrait/header/74960-1700237195.jpg?lm=1,60.0,0.0,,https://www.transfermarkt.co.uk/martin-dubravka/profil/spieler/74960,GB1,Burnley FC,500000.0,7500000.0
75067,Liam,Cooper,Liam Cooper,2022,399,liam-cooper,England,Kingston upon Hull  ,Scotland,1991-08-30 00:00:00,Centre-Back,Defender,left,186.0,2024-06-30 00:00:00,,https://img.a.transfermarkt.technology/portrait/header/s_75067_1219_2013_09_26_1.jpg?lm=1,,,,https://www.transfermarkt.co.uk/liam-cooper/profil/spieler/75067,GB1,Leeds United,1800000.0,7000000.0
75489,Niclas,Füllkrug,Niclas Füllkrug,2025,379,niclas-fullkrug,Germany,Hannover  ,Germany,1993-02-09 00:00:00,Centre-Forward,Attack,right,189.0,2028-06-30 00:00:00,ROOF,https://img.a.transfermarkt.technology/portrait/header/75489-1768815337.jpg?lm=1,24.0,14.0,,https://www.transfermarkt.co.uk/niclas-fullkrug/profil/spieler/75489,GB1,West Ham United,3500000.0,15000000.0
76799,Miguel,Britos,Miguel Britos,2018,1010,miguel-britos,Uruguay,Maldonado  ,Uruguay,1985-07-17 00:00:00,Centre-Back,Defender,left,189.0,,Focus Soccer Agency,https://img.a.transfermarkt.technology/portrait/header/76799-1408609079.jpg?lm=1,,,,https://www.transfermarkt.co.uk/miguel-britos/profil/spieler/76799,GB1,Watford FC,2000000.0,7000000.0
77274,Matt,Phillips,Matt Phillips,2020,984,matt-phillips,England,Aylesbury  ,Scotland,1991-03-13 00:00:00,Right Winger,Attack,right,183.0,2024-06-30 00:00:00,CAA Base Ltd,https://img.a.transfermarkt.technology/portrait/header/77274-1520417459.jpg?lm=1,,,,https://www.transfermarkt.co.uk/matt-phillips/profil/spieler/77274,GB1,West Bromwich Albion,800000.0,9000000.0
77329,Will,Buckley,Will Buckley,2016,289,will-buckley,England,Oldham  ,England,1989-11-21 00:00:00,Right Winger,Attack,,183.0,,,https://img.a.transfermarkt.technology/portrait/header/s_77329_1237_2013_09_26_1.jpg?lm=1,,,,https://www.transfermarkt.co.uk/will-buckley/profil/spieler/77329,GB1,Sunderland AFC,800000.0,3000000.0
77544,George,Friend,George Friend,2016,641,george-friend,England,Barnstaple  ,England,1987-10-19 00:00:00,Left-Back,Defender,left,188.0,2023-06-30 00:00:00,Midas Sports,https://img.a.transfermarkt.technology/portrait/header/77544-1467378568.jpg?lm=1,,,,https://www.transfermarkt.co.uk/george-friend/profil/spieler/77544,GB1,Middlesbrough FC,150000.0,1500000.0
77559,Dean,Moxey,Dean Moxey,2013,873,dean-moxey,England,Exeter  ,England,1986-01-14 00:00:00,Left-Back,Defender,left,180.0,2024-06-30 00:00:00,,https://img.a.transfermarkt.technology/portrait/header/77559-1475571731.jpg?lm=1,,,,https://www.transfermarkt.co.uk/dean-moxey/profil/spieler/77559,GB1,Crystal Palace,400000.0,1000000.0
77757,Thomas,Kaminski,Thomas Kaminski,2023,1031,thomas-kaminski,Belgium,Dendermonde  ,Belgium,1992-10-23 00:00:00,Goalkeeper,Goalkeeper,,190.0,,SEG,https://img.a.transfermarkt.technology/portrait/header/77757-1546948273.jpg?lm=1,,,,https://www.transfermarkt.co.uk/thomas-kaminski/profil/spieler/77757,GB1,Luton Town,3000000.0,3000000.0
77760,Victor,Wanyama,Victor Wanyama,2019,148,victor-wanyama,Kenya,Nairobi  ,Kenya,1991-06-25 00:00:00,Defensive Midfield,Midfield,right,184.0,2024-12-31 00:00:00,CCC,https://img.a.transfermarkt.technology/portrait/header/77760-1678564856.jpg?lm=1,,,,https://www.transfermarkt.co.uk/victor-wanyama/profil/spieler/77760,GB1,Tottenham Hotspur,2500000.0,30000000.0
78959,Martin,Kelly,Martin Kelly,2021,873,martin-kelly,England,Whiston  ,England,1990-04-27 00:00:00,Right-Back,Defender,right,191.0,2023-05-31 00:00:00,OmniSports,https://img.a.transfermarkt.technology/portrait/header/78959-1475584700.jpg?lm=1,,,,https://www.transfermarkt.co.uk/martin-kelly/profil/spieler/78959,GB1,Crystal Palace,300000.0,5000000.0
78966,Daniel,Ayala,Daniel Ayala,2016,641,daniel-ayala,Spain,El Saucejo  ,Spain,1990-11-07 00:00:00,Centre-Back,Defender,right,190.0,2023-06-30 00:00:00,,https://img.a.transfermarkt.technology/portrait/header/s_78966_703_2013_07_08_1.jpg?lm=1,,,,https://www.transfermarkt.co.uk/daniel-ayala/profil/spieler/78966,GB1,Middlesbrough FC,450000.0,4000000.0
79723,Sean,Morrison,Sean Morrison,2018,603,sean-morrison,England,Plymouth  ,England,1991-01-08 00:00:00,Centre-Back,Defender,right,194.0,2023-06-30 00:00:00,Unique Sports Group,https://img.a.transfermarkt.technology/portrait/header/79723-1547732654.jpg?lm=1,,,,https://www.transfermarkt.co.uk/sean-morrison/profil/spieler/79723,GB1,Cardiff City,900000.0,5000000.0
80435,Korey,Smith,Korey Smith,2012,1123,korey-smith,England,Hatfield  ,England,1991-01-31 00:00:00,Central Midfield,Midfield,right,183.0,2024-06-30 00:00:00,CAA Base Ltd,https://img.a.transfermarkt.technology/portrait/header/80435-1547132820.jpg?lm=1,,,,https://www.transfermarkt.co.uk/korey-smith/profil/spieler/80435,GB1,Norwich City,400000.0,1000000.0
81202,Craig,Noone,Craig Noone,2013,603,craig-noone,England,Liverpool  ,England,1987-11-17 00:00:00,Right Winger,Attack,left,173.0,,,https://img.a.transfermarkt.technology/portrait/header/s_81202_603_2013_04_17_1.jpg?lm=1,,,,https://www.transfermarkt.co.uk/craig-noone/profil/spieler/81202,GB1,Cardiff City,300000.0,2500000.0
81793,Tadanari,Lee,Tadanari Lee,2013,180,tadanari-lee,Japan,"Tanashi, Tokyo  ",Japan,1985-12-19 00:00:00,Centre-Forward,Attack,left,182.0,2023-12-31 00:00:00,,https://img.a.transfermarkt.technology/portrait/header/81793-1683619910.jpg?lm=1,,,,https://www.transfermarkt.co.uk/tadanari-lee/profil/spieler/81793,GB1,Southampton FC,150000.0,2000000.0
81876,Joseph,Mills,Joseph Mills,2012,1032,joseph-mills,England,Swindon  ,England,1989-10-30 00:00:00,Left-Back,Defender,left,175.0,,,https://img.a.transfermarkt.technology/portrait/header/default.jpg?lm=1,,,,https://www.transfermarkt.co.uk/joseph-mills/profil/spieler/81876,GB1,Reading FC,300000.0,500000.0
82105,Joel,Matip,Joel Matip,2023,31,joel-matip,Germany,Bochum  ,Cameroon,1991-08-08 00:00:00,Centre-Back,Defender,right,195.0,,ASBW Sport Marketing,https://img.a.transfermarkt.technology/portrait/header/82105-1702049783.jpg?lm=1,,,,https://www.transfermarkt.co.uk/joel-matip/profil/spieler/82105,GB1,Liverpool FC,8000000.0,40000000.0
82215,Bongani,Khumalo,Bongani Khumalo,2014,148,bongani-khumalo,Swaziland,Manzini  ,South Africa,1987-01-06 00:00:00,Centre-Back,Defender,right,189.0,,FOOTBOOK,https://img.a.transfermarkt.technology/portrait/header/82215-1617212285.png?lm=1,,,,https://www.transfermarkt.co.uk/bongani-khumalo/profil/spieler/82215,GB1,Tottenham Hotspur,300000.0,1000000.0
82243,Moritz,Leitner,Moritz Leitner,2019,1123,moritz-leitner,Germany,München  ,Germany,1992-12-08 00:00:00,Central Midfield,Midfield,right,178.0,,feel soccer GmbH,https://img.a.transfermarkt.technology/portrait/header/82243-1647955890.jpg?lm=1,,,,https://www.transfermarkt.co.uk/moritz-leitner/profil/spieler/82243,GB1,Norwich City,200000.0,5000000.0
83430,Albert,Adomah,Albert Adomah,2016,641,albert-adomah,England,London  ,Ghana,1987-12-13 00:00:00,Right Winger,Attack,right,185.0,2024-06-30 00:00:00,,https://img.a.transfermarkt.technology/portrait/header/s_83430_641_2013_11_07_1.jpg?lm=1,,,,https://www.transfermarkt.co.uk/albert-adomah/profil/spieler/83430,GB1,Middlesbrough FC,250000.0,5000000.0
85177,Nathaniel,Clyne,Nathaniel Clyne,2025,873,nathaniel-clyne,England,London  ,England,1991-04-05 00:00:00,Right-Back,Defender,right,175.0,2026-06-30 00:00:00,ROOF,https://img.a.transfermarkt.technology/portrait/header/85177-1700648209.jpg?lm=1,14.0,0.0,,https://www.transfermarkt.co.uk/nathaniel-clyne/profil/spieler/85177,GB1,Crystal Palace,300000.0,21000000.0
85475,Federico,Fernández,Federico Fernández,2022,762,federico-fernandez,Argentina,Tres Algarrobos  ,Argentina,1989-02-21 00:00:00,Centre-Back,Defender,right,190.0,,Universal Twenty Two,https://img.a.transfermarkt.technology/portrait/header/85475-1520418021.jpg?lm=1,,,,https://www.transfermarkt.co.uk/federico-fernandez/profil/spieler/85475,GB1,Newcastle United,500000.0,9000000.0
85706,Enda,Stevens,Enda Stevens,2020,350,enda-stevens,Ireland,Dublin  ,Ireland,1990-07-09 00:00:00,Left-Back,Defender,left,183.0,2023-06-30 00:00:00,,https://img.a.transfermarkt.technology/portrait/header/85706-1410950431.jpg?lm=1,,,,https://www.transfermarkt.co.uk/enda-stevens/profil/spieler/85706,GB1,Sheffield United,600000.0,7000000.0
85864,Loris,Karius,Loris Karius,2023,762,loris-karius,Germany,Biberach an der Riß  ,Germany,1993-06-22 00:00:00,Goalkeeper,Goalkeeper,right,191.0,,ROGON,https://img.a.transfermarkt.technology/portrait/header/85864-1674210397.jpg?lm=1,,,,https://www.transfermarkt.co.uk/loris-karius/profil/spieler/85864,GB1,Newcastle United,1000000.0,12000000.0
85928,Danny,Lafferty,Danny Lafferty,2016,1132,danny-lafferty,Northern Ireland,Derry  ,Northern Ireland,1989-05-18 00:00:00,Left-Back,Defender,left,182.0,2023-11-30 00:00:00,Platinum One Group,https://img.a.transfermarkt.technology/portrait/header/s_85928_1132_2013_08_06_1.jpg?lm=1,,,,https://www.transfermarkt.co.uk/danny-lafferty/profil/spieler/85928,GB1,Burnley FC,50000.0,600000.0
85935,James,McClean,James McClean,2017,984,james-mcclean,Northern Ireland,Derry  ,Ireland,1989-04-22 00:00:00,Left Midfield,Midfield,left,180.0,2023-06-30 00:00:00,Platinum One Group,https://img.a.transfermarkt.technology/portrait/header/85935-1464869838.jpg?lm=1,,,,https://www.transfermarkt.co.uk/james-mcclean/profil/spieler/85935,GB1,West Bromwich Albion,500000.0,6000000.0
85941,Stefan,Ortega,Stefan Ortega,2025,281,stefan-ortega,Germany,Hofgeismar  ,Germany,1992-11-06 00:00:00,Goalkeeper,Goalkeeper,right,185.0,,,https://img.a.transfermarkt.technology/portrait/header/85941-1668065114.jpg?lm=1,0.0,0.0,,https://www.transfermarkt.co.uk/stefan-ortega/profil/spieler/85941,GB1,Manchester City,4000000.0,9000000.0
86643,Thomas,Eisfeld,Thomas Eisfeld,2013,11,thomas-eisfeld,Germany,Finsterwalde  ,Germany,1993-01-18 00:00:00,Central Midfield,Midfield,right,177.0,2024-06-30 00:00:00,EMG Mundial,https://img.a.transfermarkt.technology/portrait/header/86643-1690608413.jpg?lm=1,,,,https://www.transfermarkt.co.uk/thomas-eisfeld/profil/spieler/86643,GB1,Arsenal FC,250000.0,750000.0
87422,Valentin,Roberge,Valentin Roberge,2015,289,valentin-roberge,France,Montreuil  ,Cyprus,1987-06-09 00:00:00,Centre-Back,Defender,left,189.0,2023-05-31 00:00:00,Maodo-Demba Deme,https://img.a.transfermarkt.technology/portrait/header/s_87422_289_2013_10_18_1.jpg?lm=1,,,,https://www.transfermarkt.co.uk/valentin-roberge/profil/spieler/87422,GB1,Sunderland AFC,300000.0,3100000.0
87672,Junior,Stanislas,Junior Stanislas,2022,989,junior-stanislas,England,London  ,England,1989-11-26 00:00:00,Left Winger,Attack,right,183.0,,ROOF,https://img.a.transfermarkt.technology/portrait/header/87672-1685710096.jpg?lm=1,,,,https://www.transfermarkt.co.uk/junior-stanislas/profil/spieler/87672,GB1,AFC Bournemouth,500000.0,4500000.0
88067,Alejandro,Faurlín,Alejandro Faurlín,2014,1039,alejandro-faurlin,Argentina,Rosario  ,Argentina,1986-08-09 00:00:00,Central Midfield,Midfield,left,185.0,,,https://img.a.transfermarkt.technology/portrait/header/88067-1507737831.jpg?lm=1,,,,https://www.transfermarkt.co.uk/alejandro-faurlin/profil/spieler/88067,GB1,Queens Park Rangers,50000.0,4500000.0
88709,Luca,Scapuzzi,Luca Scapuzzi,2012,281,luca-scapuzzi,Italy,Milano  ,Italy,1991-04-15 00:00:00,Left Winger,Attack,right,182.0,,Start Group,https://img.a.transfermarkt.technology/portrait/header/88709-1665737295.jpg?lm=1,,,,https://www.transfermarkt.co.uk/luca-scapuzzi/profil/spieler/88709,GB1,Manchester City,175000.0,225000.0
88750,Nile,Ranger,Nile Ranger,2012,762,nile-ranger,England,London  ,England,1991-04-11 00:00:00,Centre-Forward,Attack,right,188.0,,,https://img.a.transfermarkt.technology/portrait/header/s_88750_762_2012_1.jpg?lm=1,,,,https://www.transfermarkt.co.uk/nile-ranger/profil/spieler/88750,GB1,Newcastle United,250000.0,1500000.0
88971,Jonathan,Kodjia,Jonathan Kodjia,2019,405,jonathan-kodjia,France,Saint-Denis  ,Cote d'Ivoire,1989-10-22 00:00:00,Centre-Forward,Attack,right,189.0,,AMS CONSULTING,https://img.a.transfermarkt.technology/portrait/header/88971-1472568724.jpg?lm=1,,,,https://www.transfermarkt.co.uk/jonathan-kodjia/profil/spieler/88971,GB1,Aston Villa,400000.0,10000000.0
89648,David,Cornell,David Cornell,2014,2288,david-cornell,Wales,Waunarlwydd  ,Wales,1991-03-28 00:00:00,Goalkeeper,Goalkeeper,right,186.0,2024-06-30 00:00:00,,https://img.a.transfermarkt.technology/portrait/header/89648-1669625706.jpg?lm=1,,,,https://www.transfermarkt.co.uk/david-cornell/profil/spieler/89648,GB1,Swansea City,250000.0,500000.0
90273,Román,Golobart,Román Golobart,2012,1071,roman-golobart,Spain,Barcelona  ,Spain,1992-03-21 00:00:00,Centre-Back,Defender,right,193.0,,,https://img.a.transfermarkt.technology/portrait/header/90273-1406672282.jpg?lm=1,,,,https://www.transfermarkt.co.uk/roman-golobart/profil/spieler/90273,GB1,Wigan Athletic,100000.0,400000.0
90836,Steve,Cook,Steve Cook,2022,703,steve-cook,England,Hastings  ,England,1991-04-19 00:00:00,Centre-Back,Defender,right,185.0,2024-06-30 00:00:00,Unique Sports Group,https://img.a.transfermarkt.technology/portrait/header/90836-1445428686.jpg?lm=1,,,,https://www.transfermarkt.co.uk/steve-cook/profil/spieler/90836,GB1,Nottingham Forest,1800000.0,12000000.0
90964,Joe,Bennett,Joe Bennett,2018,603,joe-bennett,England,Rochdale  ,England,1990-03-28 00:00:00,Left-Back,Defender,left,178.0,2023-06-30 00:00:00,OmniSports,https://img.a.transfermarkt.technology/portrait/header/90964-1547732511.jpg?lm=1,,,,https://www.transfermarkt.co.uk/joe-bennett/profil/spieler/90964,GB1,Cardiff City,300000.0,3000000.0
91286,John,Brayford,John Brayford,2013,603,john-brayford,England,Stoke-on-Trent  ,England,1987-12-29 00:00:00,Right-Back,Defender,right,173.0,2024-06-30 00:00:00,,https://img.a.transfermarkt.technology/portrait/header/s_91286_603_2013_09_26_1.jpg?lm=1,,,,https://www.transfermarkt.co.uk/john-brayford/profil/spieler/91286,GB1,Cardiff City,100000.0,2500000.0
91330,Conor,Henderson,Conor Henderson,2013,3008,conor-henderson,England,London  ,Ireland,1991-09-08 00:00:00,Defensive Midfield,Midfield,left,183.0,,,https://img.a.transfermarkt.technology/portrait/header/91330-1618489071.png?lm=1,,,,https://www.transfermarkt.co.uk/conor-henderson/profil/spieler/91330,GB1,Hull City,150000.0,300000.0
91340,James,Shea,James Shea,2023,1031,james-shea,England,London  ,England,1991-06-16 00:00:00,Goalkeeper,Goalkeeper,,185.0,2025-06-30 00:00:00,World in Motion,https://img.a.transfermarkt.technology/portrait/header/s_91340_25745_2013_11_07_1.jpg?lm=1,,,,https://www.transfermarkt.co.uk/james-shea/profil/spieler/91340,GB1,Luton Town,200000.0,300000.0
92109,Ryan,Shotton,Ryan Shotton,2013,512,ryan-shotton,England,Fenton  ,England,1988-09-30 00:00:00,Centre-Back,Defender,right,189.0,,,https://img.a.transfermarkt.technology/portrait/header/s_92109_512_2013_03_08_1.jpg?lm=1,,,,https://www.transfermarkt.co.uk/ryan-shotton/profil/spieler/92109,GB1,Stoke City,400000.0,3500000.0
92381,Sammy,Ameobi,Sammy Ameobi,2015,762,sammy-ameobi,England,Newcastle upon Tyne  ,England,1992-05-01 00:00:00,Left Winger,Attack,left,190.0,,Wasserman,https://img.a.transfermarkt.technology/portrait/header/92381-1475846378.jpg?lm=1,,,,https://www.transfermarkt.co.uk/sammy-ameobi/profil/spieler/92381,GB1,Newcastle United,250000.0,5000000.0
92469,Matt,Ritchie,Matt Ritchie,2023,762,matt-ritchie,England,Gosport  ,Scotland,1989-09-10 00:00:00,Right Midfield,Midfield,left,173.0,2026-06-30 00:00:00,,https://img.a.transfermarkt.technology/portrait/header/92469-1688388791.jpg?lm=1,,,,https://www.transfermarkt.co.uk/matt-ritchie/profil/spieler/92469,GB1,Newcastle United,1000000.0,12000000.0
92571,Aaron,Cresswell,Aaron Cresswell,2024,379,aaron-cresswell,England,Liverpool  ,England,1989-12-15 00:00:00,Left-Back,Defender,left,170.0,2026-06-30 00:00:00,Unique Sports Group,https://img.a.transfermarkt.technology/portrait/header/92571-1700670925.jpg?lm=1,3.0,0.0,,https://www.transfermarkt.co.uk/aaron-cresswell/profil/spieler/92571,GB1,West Ham United,450000.0,12000000.0
92572,Joel,Ward,Joel Ward,2024,873,joel-ward,England,Emsworth  ,England,1989-10-29 00:00:00,Right-Back,Defender,right,186.0,2026-06-30 00:00:00,Avid Sports Group,https://img.a.transfermarkt.technology/portrait/header/92572-1760435739.jpeg?lm=1,,,,https://www.transfermarkt.co.uk/joel-ward/profil/spieler/92572,GB1,Crystal Palace,300000.0,5000000.0
93145,Adama,Diomande,Adama Diomande,2016,3008,adama-diomande,Norway,Oslo  ,Norway,1990-02-14 00:00:00,Centre-Forward,Attack,right,183.0,2024-12-31 00:00:00,,https://img.a.transfermarkt.technology/portrait/header/93145-1678202650.jpg?lm=1,,,,https://www.transfermarkt.co.uk/adama-diomande/profil/spieler/93145,GB1,Hull City,200000.0,2500000.0
93626,Stuart,O'Keefe,Stuart O'Keefe,2018,603,stuart-okeefe,England,Eye  ,England,1991-03-04 00:00:00,Central Midfield,Midfield,right,173.0,2023-06-30 00:00:00,,https://img.a.transfermarkt.technology/portrait/header/s_93626_873_2013_09_26_1.jpg?lm=1,,,,https://www.transfermarkt.co.uk/stuart-okeefe/profil/spieler/93626,GB1,Cardiff City,100000.0,1000000.0
94655,Jordan,Bowery,Jordan Bowery,2013,405,jordan-bowery,England,Nottingham  ,England,1991-07-02 00:00:00,Centre-Forward,Attack,right,185.0,2024-06-30 00:00:00,,https://img.a.transfermarkt.technology/portrait/header/s_94655_405_2012_1.jpg?lm=1,,,,https://www.transfermarkt.co.uk/jordan-bowery/profil/spieler/94655,GB1,Aston Villa,175000.0,1000000.0
95424,Kyle,Walker,Kyle Walker,2025,1132,kyle-walker,England,Sheffield  ,England,1990-05-28 00:00:00,Right-Back,Defender,right,183.0,2027-06-30 00:00:00,CAA Base Ltd,https://img.a.transfermarkt.technology/portrait/header/95424-1668090663.jpg?lm=1,96.0,1.0,3299.0,https://www.transfermarkt.co.uk/kyle-walker/profil/spieler/95424,GB1,Burnley FC,1500000.0,50000000.0
95435,Connor,Wickham,Connor Wickham,2020,873,connor-wickham,England,Hereford  ,England,1993-03-31 00:00:00,Centre-Forward,Attack,right,189.0,2023-06-30 00:00:00,CAA Stellar,https://img.a.transfermarkt.technology/portrait/header/95435-1547722855.jpg?lm=1,,,,https://www.transfermarkt.co.uk/connor-wickham/profil/spieler/95435,GB1,Crystal Palace,400000.0,9000000.0
95795,Václav,Hladký,Václav Hladký,2025,1132,vaclav-hladky,CSSR,Brno  ,Czech Republic,1990-11-14 00:00:00,Goalkeeper,Goalkeeper,right,192.0,,V&M agency,https://img.a.transfermarkt.technology/portrait/header/95795-1774469384.jpg?lm=1,1.0,0.0,,https://www.transfermarkt.co.uk/vaclav-hladky/profil/spieler/95795,GB1,Burnley FC,150000.0,500000.0
95810,Kieran,Trippier,Kieran Trippier,2025,762,kieran-trippier,England,Bury  ,England,1990-09-19 00:00:00,Right-Back,Defender,right,173.0,2028-06-30 00:00:00,CAA Base Ltd,https://img.a.transfermarkt.technology/portrait/header/95810-1696454076.jpg?lm=1,54.0,1.0,,https://www.transfermarkt.co.uk/kieran-trippier/profil/spieler/95810,GB1,Newcastle United,1500000.0,35000000.0
95976,Alex,McCarthy,Alex McCarthy,2024,180,alex-mccarthy,England,Guildford  ,England,1989-12-03 00:00:00,Goalkeeper,Goalkeeper,right,193.0,2026-06-30 00:00:00,SBM,https://img.a.transfermarkt.technology/portrait/header/95976-1737919833.jpg?lm=1,1.0,0.0,,https://www.transfermarkt.co.uk/alex-mccarthy/profil/spieler/95976,GB1,Southampton FC,300000.0,6500000.0
98240,Ciaran,Clark,Ciaran Clark,2022,762,ciaran-clark,England,London  ,Ireland,1989-09-26 00:00:00,Centre-Back,Defender,left,185.0,,CAA Stellar,https://img.a.transfermarkt.technology/portrait/header/98240-1659355441.jpg?lm=1,,,,https://www.transfermarkt.co.uk/ciaran-clark/profil/spieler/98240,GB1,Newcastle United,600000.0,6000000.0
99331,Jannik,Vestergaard,Jannik Vestergaard,2025,1003,jannik-vestergaard,Denmark,Hvidovre  ,Denmark,1992-08-03 00:00:00,Centre-Back,Defender,both,199.0,2027-06-30 00:00:00,Unique Sports Group,https://img.a.transfermarkt.technology/portrait/header/99331-1701083132.jpg?lm=1,59.0,3.0,3436.0,https://www.transfermarkt.co.uk/jannik-vestergaard/profil/spieler/99331,GB1,Leicester City,1000000.0,20000000.0
99397,Karl,Darlow,Karl Darlow,2025,399,karl-darlow,England,Northampton  ,Wales,1990-10-08 00:00:00,Goalkeeper,Goalkeeper,right,190.0,,Unique Sports Group,https://img.a.transfermarkt.technology/portrait/header/99397-1724939153.jpg?lm=1,15.0,0.0,,https://www.transfermarkt.co.uk/karl-darlow/profil/spieler/99397,GB1,Leeds United,200000.0,4500000.0
101682,Scott,Malone,Scott Malone,2017,1110,scott-malone,England,Rowley Regis  ,England,1991-03-25 00:00:00,Left-Back,Defender,left,189.0,2023-06-30 00:00:00,Wasserman,https://img.a.transfermarkt.technology/portrait/header/101682-1473234858.jpg?lm=1,,,,https://www.transfermarkt.co.uk/scott-malone/profil/spieler/101682,GB1,Huddersfield Town,700000.0,3500000.0
102258,Matthew,Lowton,Matthew Lowton,2021,1132,matthew-lowton,England,Chesterfield  ,England,1989-06-09 00:00:00,Right-Back,Defender,right,180.0,2023-05-31 00:00:00,,https://img.a.transfermarkt.technology/portrait/header/102258-1410951299.jpg?lm=1,,,,https://www.transfermarkt.co.uk/matthew-lowton/profil/spieler/102258,GB1,Burnley FC,250000.0,5000000.0
102382,Michael,Hefele,Michael Hefele,2017,1110,michael-hefele,Germany,Pfaffenhofen  ,Germany,1990-09-01 00:00:00,Centre-Back,Defender,right,192.0,,,https://img.a.transfermarkt.technology/portrait/header/102382-1541148732.JPG?lm=1,,,,https://www.transfermarkt.co.uk/michael-hefele/profil/spieler/102382,GB1,Huddersfield Town,300000.0,1500000.0
103261,Jérémy,Hélan,Jérémy Hélan,2012,281,jeremy-helan,France,Clichy-la-Garenne  ,France,1992-05-09 00:00:00,Left Midfield,Midfield,left,181.0,,,https://img.a.transfermarkt.technology/portrait/header/default.jpg?lm=1,,,,https://www.transfermarkt.co.uk/jeremy-helan/profil/spieler/103261,GB1,Manchester City,500000.0,600000.0
103487,Dean,Parrett,Dean Parrett,2012,148,dean-parrett,England,London  ,England,1991-11-16 00:00:00,Central Midfield,Midfield,right,175.0,,,https://img.a.transfermarkt.technology/portrait/header/default.jpg?lm=1,,,,https://www.transfermarkt.co.uk/dean-parrett/profil/spieler/103487,GB1,Tottenham Hotspur,50000.0,200000.0
104495,Lyle,Taylor,Lyle Taylor,2022,703,lyle-taylor,England,London  ,Montserrat,1990-03-29 00:00:00,Centre-Forward,Attack,right,188.0,,,https://img.a.transfermarkt.technology/portrait/header/104495-1556522831.jpg?lm=1,,,,https://www.transfermarkt.co.uk/lyle-taylor/profil/spieler/104495,GB1,Nottingham Forest,300000.0,1800000.0
104586,Lee,Tomlin,Lee Tomlin,2018,603,lee-tomlin,England,Leicester  ,England,1989-01-12 00:00:00,Second Striker,Attack,right,180.0,,Unique Sports Group,https://img.a.transfermarkt.technology/portrait/header/104586-1439882843.jpg?lm=1,,,,https://www.transfermarkt.co.uk/lee-tomlin/profil/spieler/104586,GB1,Cardiff City,350000.0,3500000.0
104725,Steve,Morison,Steve Morison,2012,1123,steve-morison,England,London  ,Wales,1983-08-29 00:00:00,Centre-Forward,Attack,right,188.0,,10Ten Football,https://img.a.transfermarkt.technology/portrait/header/s_104725_1028_2013_09_24_1.jpg?lm=1,,,,https://www.transfermarkt.co.uk/steve-morison/profil/spieler/104725,GB1,Norwich City,250000.0,3500000.0
104941,,Gedo,Gedo,2013,3008,gedo,Egypt,Damanhour  ,Egypt,1984-10-30 00:00:00,Centre-Forward,Attack,right,184.0,,Starr & Int.,https://img.a.transfermarkt.technology/portrait/header/104941-1619018189.jpg?lm=1,,,,https://www.transfermarkt.co.uk/gedo/profil/spieler/104941,GB1,Hull City,150000.0,2000000.0
104962,Filip,Orsula,Filip Orsula,2012,1071,filip-orsula,Slovakia,Sebedražie  ,Slovakia,1993-02-25 00:00:00,Right-Back,Defender,right,183.0,,CSM Agency,https://img.a.transfermarkt.technology/portrait/header/104962-1520622246.png?lm=1,,,,https://www.transfermarkt.co.uk/filip-orsula/profil/spieler/104962,GB1,Wigan Athletic,100000.0,300000.0
105470,,Alisson,Alisson,2025,31,alisson,Brazil,Novo Hamburgo  ,Brazil,1992-10-02 00:00:00,Goalkeeper,Goalkeeper,right,193.0,2027-06-30 00:00:00,,https://img.a.transfermarkt.technology/portrait/header/105470-1780389358.jpg?lm=1,83.0,0.0,,https://www.transfermarkt.co.uk/alisson/profil/spieler/105470,GB1,Liverpool FC,15000000.0,90000000.0
107350,Fraser,Fyvie,Fraser Fyvie,2012,1071,fraser-fyvie,Scotland,Aberdeen  ,Scotland,1993-03-27 00:00:00,Central Midfield,Midfield,right,172.0,2024-05-31 00:00:00,,https://img.a.transfermarkt.technology/portrait/header/s_107350_972_2013_10_18_1.jpg?lm=1,,,,https://www.transfermarkt.co.uk/fraser-fyvie/profil/spieler/107350,GB1,Wigan Athletic,200000.0,1000000.0
107427,Ikechi,Anya,Ikechi Anya,2016,1010,ikechi-anya,Scotland,Glasgow  ,Scotland,1988-01-03 00:00:00,Left Midfield,Midfield,both,166.0,,,https://img.a.transfermarkt.technology/portrait/header/s_107427_1010_2013_08_06_1.jpg?lm=1,,,,https://www.transfermarkt.co.uk/ikechi-anya/profil/spieler/107427,GB1,Watford FC,300000.0,4000000.0
107617,,Dionatan Teixeira,Dionatan Teixeira,2015,512,dionatan-teixeira,Brazil,Londrina  ,Slovakia,1992-07-24 00:00:00,Centre-Back,Defender,left,193.0,,,https://img.a.transfermarkt.technology/portrait/header/107617-1510681996.jpg?lm=1,,,,https://www.transfermarkt.co.uk/dionatan-teixeira/profil/spieler/107617,GB1,Stoke City,500000.0,500000.0
108354,Jordan,Ayew,Jordan Ayew,2025,1003,jordan-ayew,France,Marseille  ,Ghana,1991-09-11 00:00:00,Centre-Forward,Attack,right,182.0,2026-06-30 00:00:00,THE·TEAM,https://img.a.transfermarkt.technology/portrait/header/108354-1668429913.jpg?lm=1,119.0,33.0,3441.0,https://www.transfermarkt.co.uk/jordan-ayew/profil/spieler/108354,GB1,Leicester City,1800000.0,10000000.0
108471,Csaba,Somogyi,Csaba Somogyi,2012,931,csaba-somogyi,Hungary,Dunaújváros  ,Hungary,1985-04-07 00:00:00,Goalkeeper,Goalkeeper,right,190.0,,,https://img.a.transfermarkt.technology/portrait/header/108471-1474226749.jpg?lm=1,,,,https://www.transfermarkt.co.uk/csaba-somogyi/profil/spieler/108471,GB1,Fulham FC,50000.0,250000.0
108725,Chris,Wood,Chris Wood,2025,703,chris-wood,New Zealand,Auckland  ,New Zealand,1991-12-07 00:00:00,Centre-Forward,Attack,right,191.0,2027-06-30 00:00:00,CAA Base Ltd,https://img.a.transfermarkt.technology/portrait/header/108725-1740646786.jpg?lm=1,93.0,45.0,,https://www.transfermarkt.co.uk/chris-wood/profil/spieler/108725,GB1,Nottingham Forest,5000000.0,18000000.0
108878,Adam,Matthews,Adam Matthews,2016,289,adam-matthews,Wales,Swansea  ,Wales,1992-01-13 00:00:00,Right-Back,Defender,right,178.0,2024-05-31 00:00:00,Wasserman,https://img.a.transfermarkt.technology/portrait/header/108878-1629186722.jpg?lm=1,,,,https://www.transfermarkt.co.uk/adam-matthews/profil/spieler/108878,GB1,Sunderland AFC,400000.0,3000000.0
109751,Onel,Hernández,Onel Hernández,2021,1123,onel-hernandez,Cuba,Morón  ,Cuba,1993-02-01 00:00:00,Left Winger,Attack,right,172.0,2025-06-30 00:00:00,G1,https://img.a.transfermarkt.technology/portrait/header/109751-1499183922.jpg?lm=1,,,,https://www.transfermarkt.co.uk/onel-hernandez/profil/spieler/109751,GB1,Norwich City,1000000.0,4000000.0
110670,Florent,Cuvelier,Florent Cuvelier,2012,512,florent-cuvelier,Belgium,Brussel  ,Belgium,1992-09-12 00:00:00,Central Midfield,Midfield,,175.0,,,https://img.a.transfermarkt.technology/portrait/header/default.jpg?lm=1,,,,https://www.transfermarkt.co.uk/florent-cuvelier/profil/spieler/110670,GB1,Stoke City,150000.0,200000.0
110798,Marnick,Vermijl,Marnick Vermijl,2014,985,marnick-vermijl,Belgium,Peer  ,Belgium,1992-01-13 00:00:00,Left-Back,Defender,right,180.0,2023-06-30 00:00:00,SportPlus,https://img.a.transfermarkt.technology/portrait/header/110798-1565336364.jpg?lm=1,,,,https://www.transfermarkt.co.uk/marnick-vermijl/profil/spieler/110798,GB1,Manchester United,375000.0,650000.0
110860,Luke,Garbutt,Luke Garbutt,2019,29,luke-garbutt,England,Harrogate  ,England,1993-05-21 00:00:00,Left-Back,Defender,left,180.0,2023-06-30 00:00:00,Wasserman,https://img.a.transfermarkt.technology/portrait/header/s_110860_9261_2013_06_18_1.jpg?lm=1,,,,https://www.transfermarkt.co.uk/luke-garbutt/profil/spieler/110860,GB1,Everton FC,300000.0,2000000.0
110861,Gary,Gardner,Gary Gardner,2015,405,gary-gardner,England,Solihull  ,England,1992-06-29 00:00:00,Central Midfield,Midfield,right,186.0,2024-06-30 00:00:00,,https://img.a.transfermarkt.technology/portrait/header/s_110861_405_2012_1.jpg?lm=1,,,,https://www.transfermarkt.co.uk/gary-gardner/profil/spieler/110861,GB1,Aston Villa,600000.0,2000000.0
110863,James,Hurst,James Hurst,2012,984,james-hurst,England,Sutton Coldfield  ,England,1992-01-31 00:00:00,Centre-Back,Defender,right,183.0,,,https://img.a.transfermarkt.technology/portrait/header/default.jpg?lm=1,,,,https://www.transfermarkt.co.uk/james-hurst/profil/spieler/110863,GB1,West Bromwich Albion,75000.0,75000.0
110864,Sam,Johnstone,Sam Johnstone,2025,543,sam-johnstone,England,Preston  ,England,1993-03-25 00:00:00,Goalkeeper,Goalkeeper,right,193.0,2028-06-30 00:00:00,Unique Sports Group,https://img.a.transfermarkt.technology/portrait/header/110864-1672915792.jpg?lm=1,4.0,0.0,,https://www.transfermarkt.co.uk/sam-johnstone/profil/spieler/110864,GB1,Wolverhampton Wanderers,2000000.0,12000000.0
110867,Jed,Steer,Jed Steer,2022,405,jed-steer,England,Norwich  ,England,1992-09-23 00:00:00,Goalkeeper,Goalkeeper,left,183.0,,CAA Stellar,https://img.a.transfermarkt.technology/portrait/header/s_110867_405_2012_1.jpg?lm=1,,,,https://www.transfermarkt.co.uk/jed-steer/profil/spieler/110867,GB1,Aston Villa,400000.0,2000000.0
111051,Nampalys,Mendy,Nampalys Mendy,2025,1010,nampalys-mendy,France,La Seyne-sur-Mer  ,Senegal,1992-06-23 00:00:00,Defensive Midfield,Midfield,right,168.0,2026-06-30 00:00:00,,https://img.a.transfermarkt.technology/portrait/header/111051-1756666510.jpg?lm=1,35.0,0.0,3499.0,https://www.transfermarkt.co.uk/nampalys-mendy/profil/spieler/111051,GB1,Watford FC,700000.0,12000000.0
111059,Darnel,Situ,Darnel Situ,2012,2288,darnel-situ,France,Rouen  ,France,1992-03-18 00:00:00,Centre-Back,Defender,right,187.0,,,https://img.a.transfermarkt.technology/portrait/header/s_111059_826_2010_1.jpg?lm=1,,,,https://www.transfermarkt.co.uk/darnel-situ/profil/spieler/111059,GB1,Swansea City,50000.0,250000.0
111073,Ryan,Allsop,Ryan Allsop,2017,989,ryan-allsop,England,Birmingham  ,England,1992-06-17 00:00:00,Goalkeeper,Goalkeeper,right,189.0,2024-06-30 00:00:00,Unique Sports Group,https://img.a.transfermarkt.technology/portrait/header/111073-1553697530.jpg?lm=1,,,,https://www.transfermarkt.co.uk/ryan-allsop/profil/spieler/111073,GB1,AFC Bournemouth,900000.0,900000.0
111114,Kevin,Long,Kevin Long,2021,1132,kevin-long,Ireland,Cork  ,Ireland,1990-08-18 00:00:00,Centre-Back,Defender,right,188.0,2023-06-30 00:00:00,,https://img.a.transfermarkt.technology/portrait/header/111114-1543493940.jpg?lm=1,,,,https://www.transfermarkt.co.uk/kevin-long/profil/spieler/111114,GB1,Burnley FC,500000.0,2500000.0
111195,Joël,Veltman,Joël Veltman,2025,1237,joel-veltman,Netherlands,Velsen  ,Netherlands,1992-01-15 00:00:00,Right-Back,Defender,right,184.0,,SEG,https://img.a.transfermarkt.technology/portrait/header/111195-1700650522.jpg?lm=1,28.0,2.0,,https://www.transfermarkt.co.uk/joel-veltman/profil/spieler/111195,GB1,Brighton & Hove Albion,1500000.0,10000000.0
111419,Sead,Hajrovic,Sead Hajrovic,2012,11,sead-hajrovic,Switzerland,Brugg  ,Bosnia-Herzegovina,1993-06-04 00:00:00,Centre-Back,Defender,right,184.0,2024-06-30 00:00:00,BDreamz,https://img.a.transfermarkt.technology/portrait/header/111419-1600236233.jpg?lm=1,,,,https://www.transfermarkt.co.uk/sead-hajrovic/profil/spieler/111419,GB1,Arsenal FC,250000.0,400000.0
111422,Neeskens,Kebano,Neeskens Kebano,2022,931,neeskens-kebano,France,Montereau  ,DR Congo,1992-03-10 00:00:00,Left Winger,Attack,right,170.0,,CSM,https://img.a.transfermarkt.technology/portrait/header/111422-1628697566.jpg?lm=1,,,,https://www.transfermarkt.co.uk/neeskens-kebano/profil/spieler/111422,GB1,Fulham FC,2000000.0,5000000.0
111455,Granit,Xhaka,Granit Xhaka,2025,289,granit-xhaka,Switzerland,Basel  ,Switzerland,1992-09-27 00:00:00,Defensive Midfield,Midfield,left,183.0,2028-06-30 00:00:00,Signature - ISCM AG,https://img.a.transfermarkt.technology/portrait/header/111455-1689711080.jpg?lm=1,151.0,18.0,,https://www.transfermarkt.co.uk/granit-xhaka/profil/spieler/111455,GB1,Sunderland AFC,8000000.0,50000000.0
111873,Emiliano,Martínez,Emiliano Martínez,2025,405,emiliano-martinez,Argentina,Mar del Plata  ,Argentina,1992-09-02 00:00:00,Goalkeeper,Goalkeeper,right,195.0,2029-06-30 00:00:00,Universal Twenty Two,https://img.a.transfermarkt.technology/portrait/header/111873-1668180824.jpg?lm=1,64.0,0.0,,https://www.transfermarkt.co.uk/emiliano-martinez/profil/spieler/111873,GB1,Aston Villa,12000000.0,35000000.0
112617,Philip,Heise,Philip Heise,2019,1123,philip-heise,Germany,Düsseldorf  ,Germany,1991-06-20 00:00:00,Left-Back,Defender,left,184.0,2024-06-30 00:00:00,Careerkick,https://img.a.transfermarkt.technology/portrait/header/112617-1657894547.jpg?lm=1,,,,https://www.transfermarkt.co.uk/philip-heise/profil/spieler/112617,GB1,Norwich City,600000.0,1250000.0
112668,Tomer,Hemed,Tomer Hemed,2018,1237,tomer-hemed,Israel,Kiryat Tiv'on  ,Israel,1987-05-02 00:00:00,Centre-Forward,Attack,right,182.0,2024-06-30 00:00:00,,https://img.a.transfermarkt.technology/portrait/header/112668-1510913861.jpg?lm=1,,,,https://www.transfermarkt.co.uk/tomer-hemed/profil/spieler/112668,GB1,Brighton & Hove Albion,200000.0,3500000.0
113036,Romaine,Sawyers,Romaine Sawyers,2020,984,romaine-sawyers,England,Birmingham  ,St. Kitts & Nevis,1991-11-02 00:00:00,Attacking Midfield,Midfield,right,175.0,2024-06-30 00:00:00,,https://img.a.transfermarkt.technology/portrait/header/113036-1538466674.jpg?lm=1,,,,https://www.transfermarkt.co.uk/romaine-sawyers/profil/spieler/113036,GB1,West Bromwich Albion,1000000.0,4000000.0
114093,Greg,Cunningham,Greg Cunningham,2018,603,greg-cunningham,Ireland,Carnmore  ,Ireland,1991-01-31 00:00:00,Left-Back,Defender,left,183.0,2023-06-30 00:00:00,,https://img.a.transfermarkt.technology/portrait/header/114093-1547736897.jpg?lm=1,,,,https://www.transfermarkt.co.uk/greg-cunningham/profil/spieler/114093,GB1,Cardiff City,300000.0,4000000.0
114116,Richie,Towell,Richie Towell,2018,1237,richie-towell,Ireland,Dublin  ,Ireland,1991-07-17 00:00:00,Central Midfield,Midfield,right,179.0,2024-11-30 00:00:00,Platinum One Group,https://img.a.transfermarkt.technology/portrait/header/114116-1662372371.png?lm=1,,,,https://www.transfermarkt.co.uk/richie-towell/profil/spieler/114116,GB1,Brighton & Hove Albion,200000.0,250000.0
116648,Marcus,Bettinelli,Marcus Bettinelli,2025,281,marcus-bettinelli,England,London  ,England,1992-05-24 00:00:00,Goalkeeper,Goalkeeper,right,193.0,2027-06-30 00:00:00,,https://img.a.transfermarkt.technology/portrait/header/116648-1700671752.jpg?lm=1,0.0,0.0,,https://www.transfermarkt.co.uk/marcus-bettinelli/profil/spieler/116648,GB1,Manchester City,300000.0,4000000.0
116655,Alex,Smith,Alex Smith,2012,931,alex-smith,England,London  ,England,1991-10-31 00:00:00,Central Midfield,Midfield,left,177.0,,,https://img.a.transfermarkt.technology/portrait/header/default.jpg?lm=1,,,,https://www.transfermarkt.co.uk/alex-smith/profil/spieler/116655,GB1,Fulham FC,50000.0,75000.0
117996,Phil,Jones,Phil Jones,2022,985,phil-jones,England,Preston  ,England,1992-02-21 00:00:00,Centre-Back,Defender,right,185.0,,Wasserman,https://img.a.transfermarkt.technology/portrait/header/117996-1469631370.jpg?lm=1,,,,https://www.transfermarkt.co.uk/phil-jones/profil/spieler/117996,GB1,Manchester United,1000000.0,20000000.0
118534,Michael,Keane,Michael Keane,2025,29,michael-keane,England,Stockport  ,England,1993-01-11 00:00:00,Centre-Back,Defender,right,188.0,2027-06-30 00:00:00,,https://img.a.transfermarkt.technology/portrait/header/118534-1687967021.jpg?lm=1,12.0,1.0,,https://www.transfermarkt.co.uk/michael-keane/profil/spieler/118534,GB1,Everton FC,3000000.0,30000000.0
118535,Will,Keane,Will Keane,2016,3008,will-keane,England,Stockport  ,Ireland,1993-01-11 00:00:00,Centre-Forward,Attack,right,188.0,2023-06-30 00:00:00,,https://img.a.transfermarkt.technology/portrait/header/118535-1452000653.jpg?lm=1,,,,https://www.transfermarkt.co.uk/will-keane/profil/spieler/118535,GB1,Hull City,1000000.0,1500000.0
119164,Ezequiel,Schelotto,Ezequiel Schelotto,2019,1237,ezequiel-schelotto,Argentina,Buenos Aires  ,Italy,1989-05-23 00:00:00,Right-Back,Defender,right,187.0,2023-12-31 00:00:00,,https://img.a.transfermarkt.technology/portrait/header/119164-1478085509.jpg?lm=1,,,,https://www.transfermarkt.co.uk/ezequiel-schelotto/profil/spieler/119164,GB1,Brighton & Hove Albion,50000.0,6500000.0
119269,Shane,Duffy,Shane Duffy,2022,931,shane-duffy,Northern Ireland,Derry  ,Ireland,1992-01-01 00:00:00,Centre-Back,Defender,right,193.0,2026-06-30 00:00:00,CAA Base Ltd,https://img.a.transfermarkt.technology/portrait/header/119269-1660565353.jpg?lm=1,,,,https://www.transfermarkt.co.uk/shane-duffy/profil/spieler/119269,GB1,Fulham FC,2000000.0,12000000.0
119553,Jack,Grimmer,Jack Grimmer,2012,931,jack-grimmer,Scotland,Westhill  ,Scotland,1994-01-25 00:00:00,Right-Back,Defender,right,184.0,2024-06-30 00:00:00,JM Sports,https://img.a.transfermarkt.technology/portrait/header/s_119553_9262_2014_04_09_1.jpg?lm=1,,,,https://www.transfermarkt.co.uk/jack-grimmer/profil/spieler/119553,GB1,Fulham FC,300000.0,400000.0
120186,Daniel,Bachmann,Daniel Bachmann,2021,1010,daniel-bachmann,Austria,Wiener Neustadt  ,Austria,1994-07-09 00:00:00,Goalkeeper,Goalkeeper,right,191.0,2024-06-30 00:00:00,Triple S Sports,https://img.a.transfermarkt.technology/portrait/header/120186-1681399443.jpg?lm=1,,,,https://www.transfermarkt.co.uk/daniel-bachmann/profil/spieler/120186,GB1,Watford FC,3000000.0,3000000.0
120241,Jazz,Richards,Jazz Richards,2018,603,jazz-richards,Wales,Swansea  ,Wales,1991-04-12 00:00:00,Right-Back,Defender,right,174.0,2024-06-30 00:00:00,,https://img.a.transfermarkt.technology/portrait/header/120241-1464943111.jpg?lm=1,,,,https://www.transfermarkt.co.uk/jazz-richards/profil/spieler/120241,GB1,Cardiff City,50000.0,1500000.0
120629,Alphonse,Areola,Alphonse Areola,2025,379,alphonse-areola,France,Paris  ,France,1993-02-27 00:00:00,Goalkeeper,Goalkeeper,right,195.0,2027-06-30 00:00:00,Rafaela Pimenta,https://img.a.transfermarkt.technology/portrait/header/120629-1663243036.jpg?lm=1,5.0,0.0,,https://www.transfermarkt.co.uk/alphonse-areola/profil/spieler/120629,GB1,West Ham United,4000000.0,17500000.0
120706,Joe,Mason,Joe Mason,2013,603,joe-mason,England,Plymouth  ,Ireland,1991-05-13 00:00:00,Centre-Forward,Attack,right,178.0,,CAA Base Ltd,https://img.a.transfermarkt.technology/portrait/header/120706-1683315665.jpg?lm=1,,,,https://www.transfermarkt.co.uk/joe-mason/profil/spieler/120706,GB1,Cardiff City,150000.0,3000000.0
121223,Kwesi,Appiah,Kwesi Appiah,2016,873,kwesi-appiah,England,London  ,Ghana,1990-08-12 00:00:00,Centre-Forward,Attack,right,180.0,2023-05-31 00:00:00,Wonder Sports,https://img.a.transfermarkt.technology/portrait/header/121223-1605974746.png?lm=1,,,,https://www.transfermarkt.co.uk/kwesi-appiah/profil/spieler/121223,GB1,Crystal Palace,100000.0,250000.0
121232,Callum,Driver,Callum Driver,2013,379,callum-driver,England,London  ,England,1992-10-23 00:00:00,Right-Back,Defender,right,173.0,,,https://img.a.transfermarkt.technology/portrait/header/default.jpg?lm=1,,,,https://www.transfermarkt.co.uk/callum-driver/profil/spieler/121232,GB1,West Ham United,,
121236,Rob,Hall,Rob Hall,2012,379,rob-hall,England,Aylesbury  ,England,1993-10-20 00:00:00,Right Winger,Attack,left,173.0,,Unique Sports Group,https://img.a.transfermarkt.technology/portrait/header/default.jpg?lm=1,,,,https://www.transfermarkt.co.uk/rob-hall/profil/spieler/121236,GB1,West Ham United,325000.0,1000000.0
121254,Adam,Davies,Adam Davies,2025,350,adam-davies,Germany,Rinteln  ,Wales,1992-07-17 00:00:00,Goalkeeper,Goalkeeper,right,185.0,2027-06-30 00:00:00,,https://img.a.transfermarkt.technology/portrait/header/121254-1668519546.jpg?lm=1,6.0,0.0,3864.0,https://www.transfermarkt.co.uk/adam-davies/profil/spieler/121254,GB1,Sheffield United,200000.0,750000.0
121257,Adam,Forshaw,Adam Forshaw,2022,399,adam-forshaw,England,Liverpool  ,England,1991-10-08 00:00:00,Central Midfield,Midfield,right,175.0,,Wasserman,https://img.a.transfermarkt.technology/portrait/header/s_121257_1148_2013_09_24_2.jpg?lm=1,,,,https://www.transfermarkt.co.uk/adam-forshaw/profil/spieler/121257,GB1,Leeds United,1200000.0,5000000.0
121269,Ryan,Watson,Ryan Watson,2014,1003,ryan-watson,England,Crewe  ,England,1993-07-07 00:00:00,Defensive Midfield,Midfield,right,185.0,2023-06-30 00:00:00,LPM Football Agents,https://img.a.transfermarkt.technology/portrait/header/121269-1611910463.jpg?lm=1,,,,https://www.transfermarkt.co.uk/ryan-watson/profil/spieler/121269,GB1,Leicester City,150000.0,150000.0
121279,Tom,Carroll,Tom Carroll,2017,2288,tom-carroll,England,Watford  ,England,1992-05-28 00:00:00,Central Midfield,Midfield,left,177.0,,,https://img.a.transfermarkt.technology/portrait/header/121279-1484671611.jpg?lm=1,,,,https://www.transfermarkt.co.uk/tom-carroll/profil/spieler/121279,GB1,Swansea City,1000000.0,7000000.0
121324,John,Egan,John Egan,2025,3008,john-egan,Ireland,Cork  ,Ireland,1992-10-20 00:00:00,Centre-Back,Defender,right,185.0,2027-06-30 00:00:00,Team SHM,https://img.a.transfermarkt.technology/portrait/header/121324-1700673210.jpg?lm=1,38.0,3.0,3509.0,https://www.transfermarkt.co.uk/john-egan/profil/spieler/121324,GB1,Hull City,1000000.0,13000000.0
121327,Matthew,Fletcher,Matthew Fletcher,2013,3008,matthew-fletcher,Australia,Sydney  ,Australia,1992-06-01 00:00:00,Centre-Forward,Attack,both,181.0,,,https://img.a.transfermarkt.technology/portrait/header/default.jpg?lm=1,,,,https://www.transfermarkt.co.uk/matthew-fletcher/profil/spieler/121327,GB1,Hull City,150000.0,150000.0
121335,Liam,Marrs,Liam Marrs,2013,289,liam-marrs,England,Cramlington  ,England,1992-11-26 00:00:00,Right-Back,Defender,right,175.0,,,https://img.a.transfermarkt.technology/portrait/header/default.jpg?lm=1,,,,https://www.transfermarkt.co.uk/liam-marrs/profil/spieler/121335,GB1,Sunderland AFC,250000.0,250000.0
121388,Jake,Kean,Jake Kean,2015,1123,jake-kean,England,Derby  ,England,1991-02-04 00:00:00,Goalkeeper,Goalkeeper,,193.0,,,https://img.a.transfermarkt.technology/portrait/header/s_121388_164_2013_08_06_1.jpg?lm=1,,,,https://www.transfermarkt.co.uk/jake-kean/profil/spieler/121388,GB1,Norwich City,400000.0,1000000.0
121398,Tommy,Smith,Tommy Smith,2018,1110,tommy-smith,England,Warrington  ,England,1992-04-14 00:00:00,Right-Back,Defender,right,185.0,2025-06-30 00:00:00,,https://img.a.transfermarkt.technology/portrait/header/121398-1473932335.jpg?lm=1,,,,https://www.transfermarkt.co.uk/tommy-smith/profil/spieler/121398,GB1,Huddersfield Town,700000.0,3000000.0
121410,Alex,Nimely,Alex Nimely,2012,281,alex-nimely,Liberia,Monrovia  ,Liberia,1991-05-11 00:00:00,Centre-Forward,Attack,right,180.0,,,https://img.a.transfermarkt.technology/portrait/header/default.jpg?lm=1,,,,https://www.transfermarkt.co.uk/alex-nimely/profil/spieler/121410,GB1,Manchester City,50000.0,400000.0
121474,Emyr,Huws,Emyr Huws,2013,281,emyr-huws,Wales,Llanelli  ,Wales,1993-09-30 00:00:00,Defensive Midfield,Midfield,left,185.0,,YMU Management Ltd.,https://img.a.transfermarkt.technology/portrait/header/s_121474_9265_2013_09_24_2.jpg?lm=1,,,,https://www.transfermarkt.co.uk/emyr-huws/profil/spieler/121474,GB1,Manchester City,150000.0,2000000.0
121477,Craig,Dawson,Craig Dawson,2024,543,craig-dawson,England,Rochdale  ,England,1990-05-06 00:00:00,Centre-Back,Defender,right,188.0,,Unique Sports Group,https://img.a.transfermarkt.technology/portrait/header/121477-1700673087.jpg?lm=1,16.0,6.0,,https://www.transfermarkt.co.uk/craig-dawson/profil/spieler/121477,GB1,Wolverhampton Wanderers,900000.0,8000000.0
121990,,Wellington Silva,Wellington Silva,2015,11,wellington-silva,Brazil,Rio de Janeiro  ,Brazil,1993-01-06 00:00:00,Right Winger,Attack,right,170.0,2023-12-31 00:00:00,Velop4 Sports Ltd.,https://img.a.transfermarkt.technology/portrait/header/121990-1610006397.jpg?lm=1,,,,https://www.transfermarkt.co.uk/wellington-silva/profil/spieler/121990,GB1,Arsenal FC,450000.0,2000000.0
122011,Markus,Henriksen,Markus Henriksen,2016,3008,markus-henriksen,Norway,Trondheim  ,Norway,1992-07-25 00:00:00,Centre-Back,Defender,right,187.0,2024-12-31 00:00:00,,https://img.a.transfermarkt.technology/portrait/header/122011-1418854427.jpg?lm=1,,,,https://www.transfermarkt.co.uk/markus-henriksen/profil/spieler/122011,GB1,Hull City,800000.0,5000000.0
122223,Sam,Clucas,Sam Clucas,2017,2288,sam-clucas,England,Lincoln  ,England,1990-09-25 00:00:00,Central Midfield,Midfield,left,178.0,2023-06-30 00:00:00,Unique Sports Group,https://img.a.transfermarkt.technology/portrait/header/122223-1520417888.jpg?lm=1,,,,https://www.transfermarkt.co.uk/sam-clucas/profil/spieler/122223,GB1,Swansea City,400000.0,8000000.0
122704,Zak,Ansah,Zak Ansah,2012,11,zak-ansah,England,London  ,Ghana,1994-05-04 00:00:00,Centre-Forward,Attack,,179.0,,,https://img.a.transfermarkt.technology/portrait/header/default.jpg?lm=1,,,,https://www.transfermarkt.co.uk/zak-ansah/profil/spieler/122704,GB1,Arsenal FC,50000.0,50000.0
122721,Nico,Yennaris,Nico Yennaris,2013,11,nico-yennaris,England,London  ,China,1993-05-24 00:00:00,Defensive Midfield,Midfield,right,171.0,2023-12-31 00:00:00,ARETÉ,https://img.a.transfermarkt.technology/portrait/header/122721-1538466385.jpg?lm=1,,,,https://www.transfermarkt.co.uk/nico-yennaris/profil/spieler/122721,GB1,Arsenal FC,250000.0,3000000.0
122980,Ali,Gabr,Ali Gabr,2017,984,ali-gabr,Egypt,Alexandria  ,Egypt,1989-01-10 00:00:00,Centre-Back,Defender,right,193.0,2024-06-30 00:00:00,Sport Yard,https://img.a.transfermarkt.technology/portrait/header/122980-1517238468.jpg?lm=1,,,,https://www.transfermarkt.co.uk/ali-gabr/profil/spieler/122980,GB1,West Bromwich Albion,700000.0,1500000.0
123275,Tom,Cairney,Tom Cairney,2025,931,tom-cairney,England,Nottingham  ,Scotland,1991-01-20 00:00:00,Central Midfield,Midfield,left,185.0,2027-06-30 00:00:00,Unique Sports Group,https://img.a.transfermarkt.technology/portrait/header/123275-1651652849.jpg?lm=1,2.0,0.0,,https://www.transfermarkt.co.uk/tom-cairney/profil/spieler/123275,GB1,Fulham FC,500000.0,18000000.0
123536,Simon,Moore,Simon Moore,2025,289,simon-moore,England,Sandown  ,England,1990-05-19 00:00:00,Goalkeeper,Goalkeeper,right,191.0,2027-06-30 00:00:00,THE·TEAM,https://img.a.transfermarkt.technology/portrait/header/123536-1663853542.jpg?lm=1,,,,https://www.transfermarkt.co.uk/simon-moore/profil/spieler/123536,GB1,Sunderland AFC,75000.0,500000.0
123551,Sam,Morsy,Sam Morsy,2024,677,sam-morsy,England,Wolverhampton  ,Egypt,1991-09-10 00:00:00,Central Midfield,Midfield,right,175.0,2026-06-30 00:00:00,Wasserman,https://img.a.transfermarkt.technology/portrait/header/123551-1658821486.jpg?lm=1,9.0,0.0,,https://www.transfermarkt.co.uk/sam-morsy/profil/spieler/123551,GB1,Ipswich Town,400000.0,1500000.0
123682,Callum,Wilson,Callum Wilson,2025,379,callum-wilson,England,Coventry  ,England,1992-02-27 00:00:00,Centre-Forward,Attack,right,180.0,2027-06-30 00:00:00,Unique Sports Group,https://img.a.transfermarkt.technology/portrait/header/123682-1668090039.jpg?lm=1,9.0,2.0,,https://www.transfermarkt.co.uk/callum-wilson/profil/spieler/123682,GB1,West Ham United,4000000.0,30000000.0
124172,Danny,Ward,Danny Ward,2018,603,danny-ward,England,Bradford  ,England,1990-12-09 00:00:00,Centre-Forward,Attack,left,180.0,2023-06-30 00:00:00,World in Motion,https://img.a.transfermarkt.technology/portrait/header/124172-1560935844.jpg?lm=1,,,,https://www.transfermarkt.co.uk/danny-ward/profil/spieler/124172,GB1,Cardiff City,700000.0,1750000.0
124845,Grant,Hall,Grant Hall,2014,148,grant-hall,England,Brighton  ,England,1991-10-29 00:00:00,Centre-Back,Defender,right,192.0,2023-05-31 00:00:00,,https://img.a.transfermarkt.technology/portrait/header/124845-1407314899.jpg?lm=1,,,,https://www.transfermarkt.co.uk/grant-hall/profil/spieler/124845,GB1,Tottenham Hotspur,500000.0,1500000.0
124884,Marco,Bizot,Marco Bizot,2025,405,marco-bizot,Netherlands,Hoorn  ,Netherlands,1991-03-10 00:00:00,Goalkeeper,Goalkeeper,right,193.0,2027-06-30 00:00:00,Key United,https://img.a.transfermarkt.technology/portrait/header/124884-1707302509.jpg?lm=1,1.0,0.0,,https://www.transfermarkt.co.uk/marco-bizot/profil/spieler/124884,GB1,Aston Villa,1500000.0,7000000.0
125685,Luke,Berry,Luke Berry,2023,1031,luke-berry,England,Bassingbourn  ,England,1992-07-12 00:00:00,Central Midfield,Midfield,right,177.0,2026-06-30 00:00:00,World in Motion,https://img.a.transfermarkt.technology/portrait/header/125685-1632910021.png?lm=1,,,,https://www.transfermarkt.co.uk/luke-berry/profil/spieler/125685,GB1,Luton Town,400000.0,800000.0
126195,Jernade,Meade,Jernade Meade,2012,11,jernade-meade,England,Luton  ,Montserrat,1992-10-25 00:00:00,Left-Back,Defender,left,165.0,,Fifty Fifty Sports,https://img.a.transfermarkt.technology/portrait/header/s_126195_33616_2013_08_02_1.jpg?lm=1,,,,https://www.transfermarkt.co.uk/jernade-meade/profil/spieler/126195,GB1,Arsenal FC,200000.0,300000.0
126249,Adam,Buxton,Adam Buxton,2012,1071,adam-buxton,England,Liverpool  ,England,1992-05-12 00:00:00,Right-Back,Defender,right,185.0,2024-06-30 00:00:00,,https://img.a.transfermarkt.technology/portrait/header/s_126249_3688_2014_04_09_1.jpg?lm=1,,,,https://www.transfermarkt.co.uk/adam-buxton/profil/spieler/126249,GB1,Wigan Athletic,50000.0,50000.0
126258,Lee,Nicholls,Lee Nicholls,2012,1071,lee-nicholls,England,Liverpool  ,England,1992-10-05 00:00:00,Goalkeeper,Goalkeeper,right,191.0,2026-06-30 00:00:00,Unique Sports Group,https://img.a.transfermarkt.technology/portrait/header/126258-1656928435.png?lm=1,,,,https://www.transfermarkt.co.uk/lee-nicholls/profil/spieler/126258,GB1,Wigan Athletic,900000.0,900000.0
126321,Carl,Jenkinson,Carl Jenkinson,2018,11,carl-jenkinson,England,Harlow  ,England,1992-02-08 00:00:00,Right-Back,Defender,right,185.0,2024-06-30 00:00:00,,https://img.a.transfermarkt.technology/portrait/header/126321-1547721754.jpg?lm=1,,,,https://www.transfermarkt.co.uk/carl-jenkinson/profil/spieler/126321,GB1,Arsenal FC,450000.0,9000000.0
126412,Ouasim,Bouy,Ouasim Bouy,2020,399,ouasim-bouy,Netherlands,Amsterdam  ,Morocco,1993-06-11 00:00:00,Defensive Midfield,Midfield,left,181.0,,,https://img.a.transfermarkt.technology/portrait/header/126412-1468926489.jpg?lm=1,,,,https://www.transfermarkt.co.uk/ouasim-bouy/profil/spieler/126412,GB1,Leeds United,250000.0,1000000.0
126600,Kenny,McLean,Kenny McLean,2025,1123,kenny-mclean,Scotland,Rutherglen  ,Scotland,1992-01-08 00:00:00,Central Midfield,Midfield,left,183.0,2028-06-30 00:00:00,Trueno Sports,https://img.a.transfermarkt.technology/portrait/header/126600-1701543723.jpg?lm=1,59.0,3.0,3380.0,https://www.transfermarkt.co.uk/kenny-mclean/profil/spieler/126600,GB1,Norwich City,400000.0,4500000.0
126664,Lucas,Digne,Lucas Digne,2025,405,lucas-digne,France,Meaux  ,France,1993-07-20 00:00:00,Left-Back,Defender,left,178.0,2028-06-30 00:00:00,Classico,https://img.a.transfermarkt.technology/portrait/header/126664-1736160616.jpg?lm=1,62.0,0.0,,https://www.transfermarkt.co.uk/lucas-digne/profil/spieler/126664,GB1,Aston Villa,6000000.0,35000000.0
126665,Idrissa,Gueye,Idrissa Gueye,2025,29,idrissa-gueye,Senegal,Dakar  ,Senegal,1989-09-26 00:00:00,Defensive Midfield,Midfield,right,174.0,,Roc Nation Sports,https://img.a.transfermarkt.technology/portrait/header/126665-1746646577.jpg?lm=1,135.0,7.0,,https://www.transfermarkt.co.uk/idrissa-gueye/profil/spieler/126665,GB1,Everton FC,500000.0,30000000.0
127032,Serge,Aurier,Serge Aurier,2023,703,serge-aurier,Cote d'Ivoire,Ouragahio  ,Cote d'Ivoire,1992-12-24 00:00:00,Right-Back,Defender,right,176.0,,,https://img.a.transfermarkt.technology/portrait/header/127032-1688044378.jpg?lm=1,,,,https://www.transfermarkt.co.uk/serge-aurier/profil/spieler/127032,GB1,Nottingham Forest,3700000.0,20000000.0
127181,Benjamin,Lecomte,Benjamin Lecomte,2025,931,benjamin-lecomte,France,Paris  ,France,1991-04-26 00:00:00,Goalkeeper,Goalkeeper,left,186.0,2027-06-30 00:00:00,YSI Football,https://img.a.transfermarkt.technology/portrait/header/127181-1702663657.JPG?lm=1,0.0,0.0,,https://www.transfermarkt.co.uk/benjamin-lecomte/profil/spieler/127181,GB1,Fulham FC,800000.0,17000000.0
127202,Matz,Sels,Matz Sels,2025,703,matz-sels,Belgium,Lint  ,Belgium,1992-02-26 00:00:00,Goalkeeper,Goalkeeper,right,188.0,2028-06-30 00:00:00,Cherry Sports,https://img.a.transfermarkt.technology/portrait/header/127202-1665067633.jpg?lm=1,13.0,0.0,,https://www.transfermarkt.co.uk/matz-sels/profil/spieler/127202,GB1,Nottingham Forest,3500000.0,8000000.0
128287,Derrick,Williams,Derrick Williams,2012,405,derrick-williams,Germany,Hamburg  ,Ireland,1993-01-17 00:00:00,Centre-Back,Defender,left,180.0,2023-12-31 00:00:00,,https://img.a.transfermarkt.technology/portrait/header/128287-1678030634.jpg?lm=1,,,,https://www.transfermarkt.co.uk/derrick-williams/profil/spieler/128287,GB1,Aston Villa,600000.0,800000.0
128828,Tom,Anderson,Tom Anderson,2016,1132,tom-anderson,England,Burnley  ,England,1993-09-02 00:00:00,Centre-Back,Defender,right,193.0,2025-06-30 00:00:00,,https://img.a.transfermarkt.technology/portrait/header/default.jpg?lm=1,,,,https://www.transfermarkt.co.uk/tom-anderson/profil/spieler/128828,GB1,Burnley FC,225000.0,250000.0
128898,Jamal,Blackman,Jamal Blackman,2020,631,jamal-blackman,England,London  ,England,1993-10-27 00:00:00,Goalkeeper,Goalkeeper,right,199.0,2023-06-30 00:00:00,Panthera Sports,https://img.a.transfermarkt.technology/portrait/header/128898-1659355015.jpg?lm=1,,,,https://www.transfermarkt.co.uk/jamal-blackman/profil/spieler/128898,GB1,Chelsea FC,350000.0,700000.0
128900,Nathaniel,Chalobah,Nathaniel Chalobah,2022,931,nathaniel-chalobah,Sierra Leone,Freetown  ,England,1994-12-12 00:00:00,Defensive Midfield,Midfield,right,185.0,2024-06-30 00:00:00,CAA Base Ltd,https://img.a.transfermarkt.technology/portrait/header/128900-1651652768.jpg?lm=1,,,,https://www.transfermarkt.co.uk/nathaniel-chalobah/profil/spieler/128900,GB1,Fulham FC,1800000.0,7000000.0
128901,Conor,Coady,Conor Coady,2024,1003,conor-coady,England,Liverpool  ,England,1993-02-25 00:00:00,Centre-Back,Defender,right,185.0,2026-06-30 00:00:00,World in Motion,https://img.a.transfermarkt.technology/portrait/header/128901-1668090438.jpg?lm=1,10.0,1.0,,https://www.transfermarkt.co.uk/conor-coady/profil/spieler/128901,GB1,Leicester City,1500000.0,25000000.0
128904,Ben,Gibson,Ben Gibson,2021,1123,ben-gibson,England,Nunthorpe  ,England,1993-01-15 00:00:00,Centre-Back,Defender,left,185.0,2024-06-30 00:00:00,,https://img.a.transfermarkt.technology/portrait/header/128904-1434443733.jpg?lm=1,,,,https://www.transfermarkt.co.uk/ben-gibson/profil/spieler/128904,GB1,Norwich City,2000000.0,15000000.0
128906,Liam,Moore,Liam Moore,2015,1003,liam-moore,England,Loughborough  ,Jamaica,1993-01-31 00:00:00,Centre-Back,Defender,right,185.0,2023-06-30 00:00:00,Unique Sports Group,https://img.a.transfermarkt.technology/portrait/header/128906-1414051177.jpg?lm=1,,,,https://www.transfermarkt.co.uk/liam-moore/profil/spieler/128906,GB1,Leicester City,700000.0,7000000.0
128909,Jack,Robinson,Jack Robinson,2023,350,jack-robinson,England,Warrington  ,England,1993-09-01 00:00:00,Centre-Back,Defender,left,180.0,2025-06-30 00:00:00,Unique Sports Group,https://img.a.transfermarkt.technology/portrait/header/128909-1700738070.jpg?lm=1,,,,https://www.transfermarkt.co.uk/jack-robinson/profil/spieler/128909,GB1,Sheffield United,1000000.0,2500000.0
128910,George,Thorne,George Thorne,2013,984,george-thorne,England,Chatham  ,England,1993-01-04 00:00:00,Central Midfield,Midfield,right,188.0,2023-06-30 00:00:00,,https://img.a.transfermarkt.technology/portrait/header/s_128910_984_2013_03_08_1.jpg?lm=1,,,,https://www.transfermarkt.co.uk/george-thorne/profil/spieler/128910,GB1,West Bromwich Albion,500000.0,2000000.0
128911,Tom,Thorpe,Tom Thorpe,2014,985,tom-thorpe,England,Manchester  ,England,1993-01-13 00:00:00,Centre-Back,Defender,right,188.0,,,https://img.a.transfermarkt.technology/portrait/header/128911-1475577115.jpg?lm=1,,,,https://www.transfermarkt.co.uk/tom-thorpe/profil/spieler/128911,GB1,Manchester United,200000.0,200000.0
128912,Andre,Wisdom,Andre Wisdom,2016,31,andre-wisdom,England,Leeds  ,England,1993-05-09 00:00:00,Right-Back,Defender,right,186.0,,,https://img.a.transfermarkt.technology/portrait/header/128912-1472547037.jpg?lm=1,,,,https://www.transfermarkt.co.uk/andre-wisdom/profil/spieler/128912,GB1,Liverpool FC,300000.0,6000000.0
129067,Ethan,Ebanks-Landell,Ethan Ebanks-Landell,2018,543,ethan-ebanks-landell,England,Smethwick  ,England,1992-12-16 00:00:00,Centre-Back,Defender,right,188.0,2023-06-30 00:00:00,,https://img.a.transfermarkt.technology/portrait/header/129067-1580132912.jpg?lm=1,,,,https://www.transfermarkt.co.uk/ethan-ebanks-landell/profil/spieler/129067,GB1,Wolverhampton Wanderers,200000.0,250000.0
129078,Nathan,Redmond,Nathan Redmond,2023,1132,nathan-redmond,England,Birmingham  ,England,1994-03-06 00:00:00,Right Winger,Attack,right,173.0,2025-06-30 00:00:00,ARETÉ,https://img.a.transfermarkt.technology/portrait/header/129078-1666280539.png?lm=1,,,,https://www.transfermarkt.co.uk/nathan-redmond/profil/spieler/129078,GB1,Burnley FC,5000000.0,20000000.0
129503,Josh,Pritchard,Josh Pritchard,2013,931,josh-pritchard,England,Stockport  ,Wales,1992-09-23 00:00:00,Defensive Midfield,Midfield,right,181.0,,,https://img.a.transfermarkt.technology/portrait/header/s_129503_9262_2014_03_18_1.jpg?lm=1,,,,https://www.transfermarkt.co.uk/josh-pritchard/profil/spieler/129503,GB1,Fulham FC,200000.0,200000.0
129627,Charlie,Austin,Charlie Austin,2020,984,charlie-austin,England,Hungerford  ,England,1989-07-05 00:00:00,Centre-Forward,Attack,right,188.0,2023-06-30 00:00:00,,https://img.a.transfermarkt.technology/portrait/header/129627-1543493629.jpg?lm=1,,,,https://www.transfermarkt.co.uk/charlie-austin/profil/spieler/129627,GB1,West Bromwich Albion,275000.0,13000000.0
130164,Jordan,Pickford,Jordan Pickford,2025,29,jordan-pickford,England,Washington  ,England,1994-03-07 00:00:00,Goalkeeper,Goalkeeper,left,185.0,2029-06-30 00:00:00,CAA Stellar,https://img.a.transfermarkt.technology/portrait/header/130164-1668499964.jpg?lm=1,89.0,0.0,,https://www.transfermarkt.co.uk/jordan-pickford/profil/spieler/130164,GB1,Everton FC,13000000.0,40000000.0
130216,Daniel,Alfei,Daniel Alfei,2015,2288,daniel-alfei,Wales,Swansea  ,Wales,1992-02-23 00:00:00,Right-Back,Defender,right,180.0,,,https://img.a.transfermarkt.technology/portrait/header/130216-1407316459.jpg?lm=1,,,,https://www.transfermarkt.co.uk/daniel-alfei/profil/spieler/130216,GB1,Swansea City,50000.0,50000.0
130755,George,Francomb,George Francomb,2012,1123,george-francomb,England,London  ,England,1991-09-08 00:00:00,Right-Back,Defender,right,180.0,2024-06-30 00:00:00,KIN Partners,https://img.a.transfermarkt.technology/portrait/header/default.jpg?lm=1,,,,https://www.transfermarkt.co.uk/george-francomb/profil/spieler/130755,GB1,Norwich City,150000.0,200000.0
131171,Juan,Agudelo,Juan Agudelo,2013,512,juan-agudelo,Colombia,Manizales  ,United States,1992-11-23 00:00:00,Centre-Forward,Attack,both,185.0,2023-11-30 00:00:00,Wasserman,https://img.a.transfermarkt.technology/portrait/header/131171-1678710385.JPG?lm=1,,,,https://www.transfermarkt.co.uk/juan-agudelo/profil/spieler/131171,GB1,Stoke City,375000.0,1000000.0
131505,,Rodrigo,Rodrigo,2022,399,rodrigo,Brazil,Rio de Janeiro  ,Spain,1991-03-06 00:00:00,Centre-Forward,Attack,left,182.0,2024-06-30 00:00:00,,https://img.a.transfermarkt.technology/portrait/header/131505-1686816509.jpg?lm=1,,,,https://www.transfermarkt.co.uk/rodrigo/profil/spieler/131505,GB1,Leeds United,5000000.0,50000000.0
131978,Ross,Barkley,Ross Barkley,2025,405,ross-barkley,England,Liverpool  ,England,1993-12-05 00:00:00,Central Midfield,Midfield,right,189.0,2027-06-30 00:00:00,THE·TEAM,https://img.a.transfermarkt.technology/portrait/header/131978-1662368517.jpg?lm=1,33.0,6.0,,https://www.transfermarkt.co.uk/ross-barkley/profil/spieler/131978,GB1,Aston Villa,4000000.0,30000000.0
131996,Bertrand,Traoré,Bertrand Traoré,2025,289,bertrand-traore,Burkina Faso,Bobo-Dioulasso  ,Burkina Faso,1995-09-06 00:00:00,Right Winger,Attack,left,181.0,,MISTRA,https://img.a.transfermarkt.technology/portrait/header/131996-1696603763.jpg?lm=1,86.0,21.0,,https://www.transfermarkt.co.uk/bertrand-traore/profil/spieler/131996,GB1,Sunderland AFC,4000000.0,20000000.0
133392,Billy,Knott,Billy Knott,2012,289,billy-knott,England,Canvey Island  ,England,1992-11-28 00:00:00,Central Midfield,Midfield,,173.0,,,https://img.a.transfermarkt.technology/portrait/header/s_133392_289_2013_03_08_1.jpg?lm=1,,,,https://www.transfermarkt.co.uk/billy-knott/profil/spieler/133392,GB1,Sunderland AFC,150000.0,150000.0
133858,Phil,Ofosu-Ayeh,Phil Ofosu-Ayeh,2019,543,phil-ofosu-ayeh,Germany,Moers  ,Ghana,1991-09-15 00:00:00,Right-Back,Defender,right,181.0,2024-12-31 00:00:00,,https://img.a.transfermarkt.technology/portrait/header/133858-1468936040.jpg?lm=1,,,,https://www.transfermarkt.co.uk/phil-ofosu-ayeh/profil/spieler/133858,GB1,Wolverhampton Wanderers,400000.0,900000.0
134270,Dan,Burn,Dan Burn,2025,762,dan-burn,England,Blyth  ,England,1992-05-09 00:00:00,Centre-Back,Defender,left,201.0,2027-06-30 00:00:00,,https://img.a.transfermarkt.technology/portrait/header/134270-1682340860.jpg?lm=1,9.0,0.0,,https://www.transfermarkt.co.uk/dan-burn/profil/spieler/134270,GB1,Newcastle United,4000000.0,12000000.0
134294,Danny,Ings,Danny Ings,2024,379,danny-ings,England,Winchester  ,England,1992-07-23 00:00:00,Centre-Forward,Attack,right,177.0,2026-06-30 00:00:00,EAA,https://img.a.transfermarkt.technology/portrait/header/134294-1674218597.jpg?lm=1,3.0,1.0,,https://www.transfermarkt.co.uk/danny-ings/profil/spieler/134294,GB1,West Ham United,3500000.0,22000000.0
134416,Matthias,Fanimo,Matthias Fanimo,2013,379,matthias-fanimo,England,London  ,England,1994-01-28 00:00:00,Right Winger,Attack,left,175.0,2024-06-30 00:00:00,,https://img.a.transfermarkt.technology/portrait/header/134416-1630994489.jpg?lm=1,,,,https://www.transfermarkt.co.uk/matthias-fanimo/profil/spieler/134416,GB1,West Ham United,150000.0,700000.0
134424,Nick,Powell,Nick Powell,2015,985,nick-powell,England,Crewe  ,England,1994-03-23 00:00:00,Attacking Midfield,Midfield,both,183.0,2023-06-30 00:00:00,SEM Group plc.,https://img.a.transfermarkt.technology/portrait/header/134424-1543494921.jpg?lm=1,,,,https://www.transfermarkt.co.uk/nick-powell/profil/spieler/134424,GB1,Manchester United,900000.0,5000000.0
135343,Fabian,Schär,Fabian Schär,2025,762,fabian-schar,Switzerland,Wil  ,Switzerland,1991-12-20 00:00:00,Centre-Back,Defender,right,186.0,2027-06-30 00:00:00,Sports360 GmbH,https://img.a.transfermarkt.technology/portrait/header/135343-1667990394.jpg?lm=1,86.0,8.0,,https://www.transfermarkt.co.uk/fabian-schar/profil/spieler/135343,GB1,Newcastle United,4000000.0,16000000.0
136401,Daniel,Bentley,Daniel Bentley,2025,543,daniel-bentley,England,Basildon  ,England,1993-07-13 00:00:00,Goalkeeper,Goalkeeper,,193.0,2027-06-30 00:00:00,Unique Sports Group,https://img.a.transfermarkt.technology/portrait/header/136401-1700737411.jpg?lm=1,,,,https://www.transfermarkt.co.uk/daniel-bentley/profil/spieler/136401,GB1,Wolverhampton Wanderers,800000.0,4000000.0
136501,Kadeem,Harris,Kadeem Harris,2018,603,kadeem-harris,England,London  ,England,1993-06-08 00:00:00,Right Winger,Attack,right,174.0,2024-06-30 00:00:00,PowerHause SG,https://img.a.transfermarkt.technology/portrait/header/136501-1663339715.png?lm=1,,,,https://www.transfermarkt.co.uk/kadeem-harris/profil/spieler/136501,GB1,Cardiff City,400000.0,1500000.0
136589,Samba,Diakité,Samba Diakité,2014,1039,samba-diakite,France,Montfermeil  ,Mali,1989-01-24 00:00:00,Defensive Midfield,Midfield,right,186.0,,,https://img.a.transfermarkt.technology/portrait/header/s_136589_1039_2013_03_07_1.jpg?lm=1,,,,https://www.transfermarkt.co.uk/samba-diakite/profil/spieler/136589,GB1,Queens Park Rangers,325000.0,4500000.0
137150,Alex,Wynter,Alex Wynter,2013,873,alex-wynter,England,Beckenham  ,England,1993-09-15 00:00:00,Centre-Back,Defender,right,183.0,,,https://img.a.transfermarkt.technology/portrait/header/137150-1407318844.jpg?lm=1,,,,https://www.transfermarkt.co.uk/alex-wynter/profil/spieler/137150,GB1,Crystal Palace,75000.0,75000.0
139208,Virgil,van Dijk,Virgil van Dijk,2025,31,virgil-van-dijk,Netherlands,Breda  ,Netherlands,1991-07-08 00:00:00,Centre-Back,Defender,right,195.0,2027-06-30 00:00:00,ROOF,https://img.a.transfermarkt.technology/portrait/header/139208-1702049837.jpg?lm=1,96.0,13.0,,https://www.transfermarkt.co.uk/virgil-van-dijk/profil/spieler/139208,GB1,Liverpool FC,15000000.0,100000000.0
140191,Ryan,Fredericks,Ryan Fredericks,2023,989,ryan-fredericks,England,Potters Bar  ,England,1992-10-10 00:00:00,Right-Back,Defender,right,181.0,,Unique Sports Group,https://img.a.transfermarkt.technology/portrait/header/140191-1700671628.jpg?lm=1,,,,https://www.transfermarkt.co.uk/ryan-fredericks/profil/spieler/140191,GB1,AFC Bournemouth,1000000.0,7000000.0
140579,Josip,Drmic,Josip Drmic,2019,1123,josip-drmic,Switzerland,Lachen  ,Switzerland,1992-08-08 00:00:00,Centre-Forward,Attack,right,184.0,2024-06-30 00:00:00,Sports360 GmbH,https://img.a.transfermarkt.technology/portrait/header/140579-1533288571.jpg?lm=1,,,,https://www.transfermarkt.co.uk/josip-drmic/profil/spieler/140579,GB1,Norwich City,2000000.0,12000000.0
141341,Cameron,Gayle,Cameron Gayle,2013,984,cameron-gayle,England,Birmingham  ,England,1992-11-22 00:00:00,Right-Back,Defender,right,181.0,,,https://img.a.transfermarkt.technology/portrait/header/default.jpg?lm=1,,,,https://www.transfermarkt.co.uk/cameron-gayle/profil/spieler/141341,GB1,West Bromwich Albion,25000.0,25000.0
141349,Liam,O'Neil,Liam O'Neil,2014,984,liam-oneil,England,Cambridge  ,England,1993-07-31 00:00:00,Defensive Midfield,Midfield,right,181.0,2023-06-30 00:00:00,,https://img.a.transfermarkt.technology/portrait/header/default.jpg?lm=1,,,,https://www.transfermarkt.co.uk/liam-oneil/profil/spieler/141349,GB1,West Bromwich Albion,150000.0,225000.0
141568,Rohan,Ince,Rohan Ince,2017,1237,rohan-ince,England,London  ,Montserrat,1992-11-08 00:00:00,Defensive Midfield,Midfield,right,194.0,2023-06-30 00:00:00,MONDO,https://img.a.transfermarkt.technology/portrait/header/141568-1485940799.jpg?lm=1,,,,https://www.transfermarkt.co.uk/rohan-ince/profil/spieler/141568,GB1,Brighton & Hove Albion,400000.0,1000000.0
141573,George,Saville,George Saville,2025,1031,george-saville,England,Camberley  ,Northern Ireland,1993-06-01 00:00:00,Central Midfield,Midfield,left,176.0,,,https://img.a.transfermarkt.technology/portrait/header/141573-1732031184.jpg?lm=1,64.0,0.0,5674.0,https://www.transfermarkt.co.uk/george-saville/profil/spieler/141573,GB1,Luton Town,700000.0,7000000.0
141655,Zeki,Fryers,Zeki Fryers,2016,873,zeki-fryers,England,Manchester  ,England,1992-09-09 00:00:00,Left-Back,Defender,left,185.0,2023-12-31 00:00:00,CHYN,https://img.a.transfermarkt.technology/portrait/header/s_141655_148_2013_05_07_1.jpg?lm=1,,,,https://www.transfermarkt.co.uk/zeki-fryers/profil/spieler/141655,GB1,Crystal Palace,100000.0,3500000.0
142310,Willy,Boly,Willy Boly,2025,703,willy-boly,France,Melun  ,Cote d'Ivoire,1991-02-03 00:00:00,Centre-Back,Defender,right,195.0,,Sport Cover,https://img.a.transfermarkt.technology/portrait/header/142310-1663057112.jpg?lm=1,23.0,1.0,,https://www.transfermarkt.co.uk/willy-boly/profil/spieler/142310,GB1,Nottingham Forest,300000.0,18000000.0
142389,Mark,Gillespie,Mark Gillespie,2025,762,mark-gillespie,England,Newcastle upon Tyne  ,England,1992-03-27 00:00:00,Goalkeeper,Goalkeeper,right,191.0,2027-06-30 00:00:00,,https://img.a.transfermarkt.technology/portrait/header/142389-1746646196.jpg?lm=1,,,,https://www.transfermarkt.co.uk/mark-gillespie/profil/spieler/142389,GB1,Newcastle United,100000.0,500000.0
143219,Krisztián,Adorján,Krisztián Adorján,2013,31,krisztian-adorjan,Hungary,Budapest  ,Hungary,1993-01-19 00:00:00,Attacking Midfield,Midfield,right,184.0,,,https://img.a.transfermarkt.technology/portrait/header/143219-1566441083.jpeg?lm=1,,,,https://www.transfermarkt.co.uk/krisztian-adorjan/profil/spieler/143219,GB1,Liverpool FC,150000.0,750000.0
144028,Leandro,Trossard,Leandro Trossard,2025,11,leandro-trossard,Belgium,Maasmechelen  ,Belgium,1994-12-04 00:00:00,Left Winger,Attack,right,172.0,2027-06-30 00:00:00,FOKUS,https://img.a.transfermarkt.technology/portrait/header/144028-1702412939.jpg?lm=1,57.0,14.0,,https://www.transfermarkt.co.uk/leandro-trossard/profil/spieler/144028,GB1,Arsenal FC,18000000.0,38000000.0
145484,Lucas,Dawson,Lucas Dawson,2013,512,lucas-dawson,England,Stoke-on-Trent  ,England,1993-11-12 00:00:00,Central Midfield,Midfield,right,186.0,,,https://img.a.transfermarkt.technology/portrait/header/default.jpg?lm=1,,,,https://www.transfermarkt.co.uk/lucas-dawson/profil/spieler/145484,GB1,Stoke City,,
146310,Wataru,Endo,Wataru Endo,2025,31,wataru-endo,Japan,"Yokohama, Kanagawa  ",Japan,1993-02-09 00:00:00,Defensive Midfield,Midfield,right,178.0,2027-06-30 00:00:00,,https://img.a.transfermarkt.technology/portrait/header/146310-1657181542.jpg?lm=1,73.0,4.0,,https://www.transfermarkt.co.uk/wataru-endo/profil/spieler/146310,GB1,Liverpool FC,4000000.0,13000000.0
146488,Samir,Carruthers,Samir Carruthers,2012,405,samir-carruthers,England,London  ,Ireland,1993-04-04 00:00:00,Central Midfield,Midfield,left,173.0,,,https://img.a.transfermarkt.technology/portrait/header/s_146488_12124_2013_07_31_1.jpg?lm=1,,,,https://www.transfermarkt.co.uk/samir-carruthers/profil/spieler/146488,GB1,Aston Villa,250000.0,350000.0
146509,Conor,Townsend,Conor Townsend,2024,677,conor-townsend,England,Hessle  ,England,1993-03-04 00:00:00,Left-Back,Defender,left,183.0,2026-06-30 00:00:00,,https://img.a.transfermarkt.technology/portrait/header/146509-1738823694.jpg?lm=1,,,,https://www.transfermarkt.co.uk/conor-townsend/profil/spieler/146509,GB1,Ipswich Town,500000.0,2500000.0
148153,Lewis,Dunk,Lewis Dunk,2025,1237,lewis-dunk,England,Brighton  ,England,1991-11-21 00:00:00,Centre-Back,Defender,right,192.0,2027-06-30 00:00:00,CAA Stellar,https://img.a.transfermarkt.technology/portrait/header/148153-1716297176.jpg?lm=1,6.0,0.0,,https://www.transfermarkt.co.uk/lewis-dunk/profil/spieler/148153,GB1,Brighton & Hove Albion,3500000.0,27000000.0
148262,Jeff,Hendrick,Jeff Hendrick,2023,762,jeff-hendrick,Ireland,Dublin  ,Ireland,1992-01-31 00:00:00,Central Midfield,Midfield,right,185.0,,,https://img.a.transfermarkt.technology/portrait/header/148262-1657635898.jpg?lm=1,,,,https://www.transfermarkt.co.uk/jeff-hendrick/profil/spieler/148262,GB1,Newcastle United,500000.0,11000000.0
148367,Christian,Nørgaard,Christian Nørgaard,2025,11,christian-norgaard,Denmark,København  ,Denmark,1994-03-10 00:00:00,Defensive Midfield,Midfield,right,187.0,2027-06-30 00:00:00,PEP Consulting,https://img.a.transfermarkt.technology/portrait/header/148367-1699799827.jpg?lm=1,41.0,2.0,,https://www.transfermarkt.co.uk/christian-norgaard/profil/spieler/148367,GB1,Arsenal FC,5000000.0,20000000.0
148368,Divock,Origi,Divock Origi,2023,703,divock-origi,Belgium,Oostende  ,Belgium,1995-04-18 00:00:00,Centre-Forward,Attack,right,189.0,2026-06-30 00:00:00,DLF,https://img.a.transfermarkt.technology/portrait/header/148368-1709306595.jpg?lm=1,,,,https://www.transfermarkt.co.uk/divock-origi/profil/spieler/148368,GB1,Nottingham Forest,5000000.0,20000000.0
148455,Mohamed,Salah,Mohamed Salah,2025,31,mohamed-salah,Egypt,"Nagrig, Basyoun  ",Egypt,1992-06-15 00:00:00,Right Winger,Attack,left,175.0,,,https://img.a.transfermarkt.technology/portrait/header/148455-1727337594.jpg?lm=1,119.0,66.0,,https://www.transfermarkt.co.uk/mohamed-salah/profil/spieler/148455,GB1,Liverpool FC,22000000.0,150000000.0
148657,Tomas,Kalas,Tomas Kalas,2018,631,tomas-kalas,Czech Republic,Olomouc  ,Czech Republic,1993-05-15 00:00:00,Centre-Back,Defender,right,184.0,2023-06-30 00:00:00,SPORT INVEST,https://img.a.transfermarkt.technology/portrait/header/148657-1406671102.jpg?lm=1,,,,https://www.transfermarkt.co.uk/tomas-kalas/profil/spieler/148657,GB1,Chelsea FC,900000.0,6000000.0
148911,Frankie,Sutherland,Frankie Sutherland,2014,1039,frankie-sutherland,England,London  ,Ireland,1993-12-06 00:00:00,Right Midfield,Midfield,,177.0,,,https://img.a.transfermarkt.technology/portrait/header/default.jpg?lm=1,,,,https://www.transfermarkt.co.uk/frankie-sutherland/profil/spieler/148911,GB1,Queens Park Rangers,50000.0,50000.0
154287,Todd,Kane,Todd Kane,2018,631,todd-kane,England,Huntingdon  ,England,1993-09-17 00:00:00,Right-Back,Defender,right,180.0,2023-05-31 00:00:00,,https://img.a.transfermarkt.technology/portrait/header/154287-1509024735.jpg?lm=1,,,,https://www.transfermarkt.co.uk/todd-kane/profil/spieler/154287,GB1,Chelsea FC,250000.0,1500000.0
155233,Michael,Harriman,Michael Harriman,2014,1039,michael-harriman,England,Chichester  ,Ireland,1992-10-23 00:00:00,Centre-Back,Defender,right,171.0,2023-06-30 00:00:00,Volenti,https://img.a.transfermarkt.technology/portrait/header/155233-1553698461.jpg?lm=1,,,,https://www.transfermarkt.co.uk/michael-harriman/profil/spieler/155233,GB1,Queens Park Rangers,150000.0,150000.0
156501,,Felipe,Felipe,2023,703,felipe,Brazil,Mogi das Cruzes  ,Brazil,1989-05-16 00:00:00,Centre-Back,Defender,right,190.0,,,https://img.a.transfermarkt.technology/portrait/header/156501-1675086109.jpg?lm=1,,,,https://www.transfermarkt.co.uk/felipe/profil/spieler/156501,GB1,Nottingham Forest,1500000.0,32000000.0
156899,Ricky,Holmes,Ricky Holmes,2019,350,ricky-holmes,England,Rochford  ,England,1987-06-19 00:00:00,Left Winger,Attack,,188.0,2023-06-30 00:00:00,,https://img.a.transfermarkt.technology/portrait/header/default.jpg?lm=1,,,,https://www.transfermarkt.co.uk/ricky-holmes/profil/spieler/156899,GB1,Sheffield United,250000.0,500000.0
156939,Ben,Heneghan,Ben Heneghan,2019,350,ben-heneghan,England,Manchester  ,England,1993-09-19 00:00:00,Centre-Back,Defender,right,190.0,,,https://img.a.transfermarkt.technology/portrait/header/default.jpg?lm=1,,,,https://www.transfermarkt.co.uk/ben-heneghan/profil/spieler/156939,GB1,Sheffield United,250000.0,500000.0
156942,Adam,Thomas,Adam Thomas,2014,512,adam-thomas,England,Wirral  ,England,1994-02-04 00:00:00,Right Winger,Attack,right,191.0,2023-06-30 00:00:00,,https://img.a.transfermarkt.technology/portrait/header/default.jpg?lm=1,,,,https://www.transfermarkt.co.uk/adam-thomas/profil/spieler/156942,GB1,Stoke City,,
157368,Tom,Ince,Tom Ince,2017,1110,tom-ince,England,Stockport  ,England,1992-01-30 00:00:00,Right Winger,Attack,left,178.0,2025-06-30 00:00:00,,https://img.a.transfermarkt.technology/portrait/header/157368-1578401761.jpg?lm=1,,,,https://www.transfermarkt.co.uk/tom-ince/profil/spieler/157368,GB1,Huddersfield Town,1500000.0,10000000.0
157490,Michael,Hector,Michael Hector,2020,931,michael-hector,England,London  ,Jamaica,1992-07-19 00:00:00,Centre-Back,Defender,right,193.0,2023-06-30 00:00:00,,https://img.a.transfermarkt.technology/portrait/header/157490-1471962692.jpg?lm=1,,,,https://www.transfermarkt.co.uk/michael-hector/profil/spieler/157490,GB1,Fulham FC,500000.0,6000000.0
158263,Matt,Parsons,Matt Parsons,2013,873,matt-parsons,England,London  ,England,1991-12-25 00:00:00,Left-Back,Defender,left,178.0,,,https://img.a.transfermarkt.technology/portrait/header/default.jpg?lm=1,,,,https://www.transfermarkt.co.uk/matt-parsons/profil/spieler/158263,GB1,Crystal Palace,250000.0,250000.0
158623,Cyrus,Christie,Cyrus Christie,2020,931,cyrus-christie,England,Coventry  ,Ireland,1992-09-30 00:00:00,Right-Back,Defender,right,188.0,2024-06-30 00:00:00,ARETÉ,https://img.a.transfermarkt.technology/portrait/header/158623-1464869013.jpg?lm=1,,,,https://www.transfermarkt.co.uk/cyrus-christie/profil/spieler/158623,GB1,Fulham FC,1000000.0,3500000.0
158700,Tendayi,Darikwa,Tendayi Darikwa,2016,1132,tendayi-darikwa,England,Nottingham  ,Zimbabwe,1991-12-13 00:00:00,Right-Back,Defender,right,188.0,2023-06-30 00:00:00,,https://img.a.transfermarkt.technology/portrait/header/158700-1561367755.png?lm=1,,,,https://www.transfermarkt.co.uk/tendayi-darikwa/profil/spieler/158700,GB1,Burnley FC,400000.0,1500000.0
158703,Kieron,Freeman,Kieron Freeman,2019,350,kieron-freeman,England,Bestwood  ,Wales,1992-03-21 00:00:00,Right-Back,Defender,right,178.0,2023-06-30 00:00:00,Two Touch Agency,https://img.a.transfermarkt.technology/portrait/header/s_158703_350_2014_03_14_1.jpg?lm=1,,,,https://www.transfermarkt.co.uk/kieron-freeman/profil/spieler/158703,GB1,Sheffield United,150000.0,1500000.0
158718,Max,Ehmer,Max Ehmer,2014,1039,max-ehmer,Germany,Frankfurt am Main  ,Germany,1992-02-03 00:00:00,Centre-Back,Defender,right,188.0,2024-06-30 00:00:00,,https://img.a.transfermarkt.technology/portrait/header/158718-1493212489.jpg?lm=1,,,,https://www.transfermarkt.co.uk/max-ehmer/profil/spieler/158718,GB1,Queens Park Rangers,175000.0,175000.0
158764,Stuart,Dallas,Stuart Dallas,2022,399,stuart-dallas,Northern Ireland,Cookstown  ,Northern Ireland,1991-04-19 00:00:00,Right-Back,Defender,right,183.0,2024-06-30 00:00:00,,https://img.a.transfermarkt.technology/portrait/header/158764-1464949381.jpg?lm=1,,,,https://www.transfermarkt.co.uk/stuart-dallas/profil/spieler/158764,GB1,Leeds United,1500000.0,4000000.0
160348,,Mesca,Mesca,2013,931,mesca,Guinea-Bissau,Bissau  ,Guinea-Bissau,1993-05-06 00:00:00,Right Midfield,Midfield,right,175.0,,,https://img.a.transfermarkt.technology/portrait/header/160348-1639162918.png?lm=1,,,,https://www.transfermarkt.co.uk/mesca/profil/spieler/160348,GB1,Fulham FC,300000.0,800000.0
162395,Essaïd,Belkalem,Essaïd Belkalem,2015,1010,essaid-belkalem,Algeria,Mekla  ,Algeria,1989-01-01 00:00:00,Centre-Back,Defender,left,190.0,,HNG Talent ltd,https://img.a.transfermarkt.technology/portrait/header/162395-1410444922.jpg?lm=1,,,,https://www.transfermarkt.co.uk/essaid-belkalem/profil/spieler/162395,GB1,Watford FC,200000.0,2500000.0
163530,Adam,Reach,Adam Reach,2016,641,adam-reach,England,Chester-le-Street  ,England,1993-02-03 00:00:00,Left Midfield,Midfield,left,185.0,2024-06-30 00:00:00,,https://img.a.transfermarkt.technology/portrait/header/s_163530_641_2013_06_14_1.jpg?lm=1,,,,https://www.transfermarkt.co.uk/adam-reach/profil/spieler/163530,GB1,Middlesbrough FC,1000000.0,4500000.0
163531,Connor,Ripley,Connor Ripley,2016,641,connor-ripley,England,Middlesbrough  ,England,1993-02-13 00:00:00,Goalkeeper,Goalkeeper,,,,,https://img.a.transfermarkt.technology/portrait/header/s_163531_641_2013_06_18_1.jpg?lm=1,,,,https://www.transfermarkt.co.uk/connor-ripley/profil/spieler/163531,GB1,Middlesbrough FC,250000.0,350000.0
163532,Adam,Smith,Adam Smith,2014,1003,adam-smith,England,Sunderland  ,England,1992-11-23 00:00:00,Goalkeeper,Goalkeeper,,,,Quantum Sport,https://img.a.transfermarkt.technology/portrait/header/163532-1492768741.jpg?lm=1,,,,https://www.transfermarkt.co.uk/adam-smith/profil/spieler/163532,GB1,Leicester City,200000.0,250000.0
163744,Jack,Stephens,Jack Stephens,2024,180,jack-stephens,England,Torpoint  ,England,1994-01-27 00:00:00,Centre-Back,Defender,right,185.0,2028-06-30 00:00:00,CAA Stellar,https://img.a.transfermarkt.technology/portrait/header/163744-1720190433.jpg?lm=1,8.0,1.0,,https://www.transfermarkt.co.uk/jack-stephens/profil/spieler/163744,GB1,Southampton FC,1200000.0,8000000.0
164389,Rory,Donnelly,Rory Donnelly,2014,2288,rory-donnelly,Northern Ireland,Belfast  ,Northern Ireland,1992-02-18 00:00:00,Centre-Forward,Attack,right,188.0,2023-05-31 00:00:00,,https://img.a.transfermarkt.technology/portrait/header/default.jpg?lm=1,,,,https://www.transfermarkt.co.uk/rory-donnelly/profil/spieler/164389,GB1,Swansea City,150000.0,250000.0
167268,Paddy,McNair,Paddy McNair,2025,3008,paddy-mcnair,Northern Ireland,Ballyclare  ,Northern Ireland,1995-04-27 00:00:00,Centre-Back,Defender,right,189.0,2027-06-30 00:00:00,,https://img.a.transfermarkt.technology/portrait/header/167268-1741027527.jpg?lm=1,82.0,7.0,5674.0,https://www.transfermarkt.co.uk/paddy-mcnair/profil/spieler/167268,GB1,Hull City,1500000.0,6000000.0
167393,James,Husband,James Husband,2016,641,james-husband,England,Leeds  ,England,1994-01-03 00:00:00,Left-Back,Defender,left,179.0,2023-06-30 00:00:00,InterLex Sport,https://img.a.transfermarkt.technology/portrait/header/s_167393_2454_2013_10_18_1.jpg?lm=1,,,,https://www.transfermarkt.co.uk/james-husband/profil/spieler/167393,GB1,Middlesbrough FC,600000.0,1000000.0
169555,Callum,Paterson,Callum Paterson,2018,603,callum-paterson,England,London  ,Scotland,1994-10-13 00:00:00,Centre-Forward,Attack,right,183.0,2023-06-30 00:00:00,Two Touch Agency,https://img.a.transfermarkt.technology/portrait/header/169555-1496842998.jpg?lm=1,,,,https://www.transfermarkt.co.uk/callum-paterson/profil/spieler/169555,GB1,Cardiff City,900000.0,5000000.0
169633,Bruno,Andrade,Bruno Andrade,2014,1039,bruno-andrade,Portugal,Viseu  ,Portugal,1993-10-02 00:00:00,Left Winger,Attack,right,175.0,2023-06-30 00:00:00,PowerHause SG,https://img.a.transfermarkt.technology/portrait/header/default.jpg?lm=1,,,,https://www.transfermarkt.co.uk/bruno-andrade/profil/spieler/169633,GB1,Queens Park Rangers,50000.0,50000.0
169801,Cauley,Woodrow,Cauley Woodrow,2023,1031,cauley-woodrow,England,Hemel Hempstead  ,England,1994-12-02 00:00:00,Centre-Forward,Attack,right,184.0,,CAA Stellar,https://img.a.transfermarkt.technology/portrait/header/169801-1700671423.jpg?lm=1,,,,https://www.transfermarkt.co.uk/cauley-woodrow/profil/spieler/169801,GB1,Luton Town,1000000.0,3500000.0
170321,Paul,Dummett,Paul Dummett,2023,762,paul-dummett,England,Newcastle upon Tyne  ,Wales,1991-09-26 00:00:00,Centre-Back,Defender,left,183.0,,Unique Sports Group,https://img.a.transfermarkt.technology/portrait/header/170321-1700647955.jpg?lm=1,,,,https://www.transfermarkt.co.uk/paul-dummett/profil/spieler/170321,GB1,Newcastle United,900000.0,7000000.0
170322,Jonathan,Williams,Jonathan Williams,2018,873,jonathan-williams,England,Tunbridge Wells  ,Wales,1993-10-09 00:00:00,Attacking Midfield,Midfield,left,168.0,2023-06-30 00:00:00,,https://img.a.transfermarkt.technology/portrait/header/170322-1668520339.jpg?lm=1,,,,https://www.transfermarkt.co.uk/jonathan-williams/profil/spieler/170322,GB1,Crystal Palace,350000.0,2500000.0
170540,Cody,Cropper,Cody Cropper,2013,180,cody-cropper,United States,"Atlanta, Georgia  ",United States,1993-02-16 00:00:00,Goalkeeper,Goalkeeper,right,191.0,,PROSPORT Management,https://img.a.transfermarkt.technology/portrait/header/170540-1618655852.jpg?lm=1,,,,https://www.transfermarkt.co.uk/cody-cropper/profil/spieler/170540,GB1,Southampton FC,200000.0,650000.0
171234,Ben,Reeves,Ben Reeves,2012,180,ben-reeves,England,Verwood  ,Northern Ireland,1991-11-19 00:00:00,Attacking Midfield,Midfield,left,171.0,,,https://img.a.transfermarkt.technology/portrait/header/s_171234_991_2013_09_24_1.jpg?lm=1,,,,https://www.transfermarkt.co.uk/ben-reeves/profil/spieler/171234,GB1,Southampton FC,100000.0,250000.0
171260,Jay,Fulton,Jay Fulton,2017,2288,jay-fulton,England,Bolton  ,Scotland,1994-04-04 00:00:00,Central Midfield,Midfield,right,185.0,2026-06-30 00:00:00,MMH Career Planning,https://img.a.transfermarkt.technology/portrait/header/171260-1476877372.jpg?lm=1,,,,https://www.transfermarkt.co.uk/jay-fulton/profil/spieler/171260,GB1,Swansea City,1200000.0,3500000.0
171679,Matt,Doherty,Matt Doherty,2025,543,matt-doherty,Ireland,Dublin  ,Ireland,1992-01-16 00:00:00,Right-Back,Defender,right,185.0,,Gestifute,https://img.a.transfermarkt.technology/portrait/header/171679-1682598455.jpg?lm=1,53.0,3.0,,https://www.transfermarkt.co.uk/matt-doherty/profil/spieler/171679,GB1,Wolverhampton Wanderers,1000000.0,20000000.0
173483,Nahki,Wells,Nahki Wells,2018,1132,nahki-wells,Bermuda,Hamilton  ,Bermuda,1990-06-01 00:00:00,Centre-Forward,Attack,right,170.0,2025-06-30 00:00:00,,https://img.a.transfermarkt.technology/portrait/header/173483-1524468723.jpg?lm=1,,,,https://www.transfermarkt.co.uk/nahki-wells/profil/spieler/173483,GB1,Burnley FC,700000.0,5000000.0
173504,James,Tarkowski,James Tarkowski,2025,29,james-tarkowski,England,Manchester  ,England,1992-11-19 00:00:00,Centre-Back,Defender,right,185.0,2028-06-30 00:00:00,,https://img.a.transfermarkt.technology/portrait/header/173504-1655979328.jpg?lm=1,2.0,0.0,,https://www.transfermarkt.co.uk/james-tarkowski/profil/spieler/173504,GB1,Everton FC,5000000.0,28000000.0
173584,Raheem,Hanley,Raheem Hanley,2014,2288,raheem-hanley,England,Blackburn  ,St. Kitts & Nevis,1994-02-24 00:00:00,Left-Back,Defender,left,175.0,,,https://img.a.transfermarkt.technology/portrait/header/s_173584_9258_2012_12_03_1.jpg?lm=1,,,,https://www.transfermarkt.co.uk/raheem-hanley/profil/spieler/173584,GB1,Swansea City,75000.0,75000.0
173832,Michael,Doughty,Michael Doughty,2014,1039,michael-doughty,England,Westminster  ,Wales,1992-11-20 00:00:00,Central Midfield,Midfield,left,185.0,,,https://img.a.transfermarkt.technology/portrait/header/s_173832_3684_2014_04_09_1.jpg?lm=1,,,,https://www.transfermarkt.co.uk/michael-doughty/profil/spieler/173832,GB1,Queens Park Rangers,250000.0,250000.0
177065,Florin,Andone,Florin Andone,2021,1237,florin-andone,Romania,Joldeşti  ,Romania,1993-04-11 00:00:00,Centre-Forward,Attack,right,181.0,2023-06-30 00:00:00,YOU FIRST,https://img.a.transfermarkt.technology/portrait/header/177065-1572962846.jpg?lm=1,,,,https://www.transfermarkt.co.uk/florin-andone/profil/spieler/177065,GB1,Brighton & Hove Albion,800000.0,6000000.0
177476,Nathan,Aké,Nathan Aké,2025,281,nathan-ake,Netherlands,Den Haag  ,Netherlands,1995-02-18 00:00:00,Centre-Back,Defender,left,180.0,,THE·TEAM,https://img.a.transfermarkt.technology/portrait/header/177476-1666733797.jpg?lm=1,62.0,5.0,,https://www.transfermarkt.co.uk/nathan-ake/profil/spieler/177476,GB1,Manchester City,12000000.0,42000000.0
177771,Connor,Smith,Connor Smith,2015,1010,connor-smith,Ireland,Mullingar  ,Ireland,1993-02-18 00:00:00,Central Midfield,Midfield,right,181.0,2024-06-30 00:00:00,,https://img.a.transfermarkt.technology/portrait/header/default.jpg?lm=1,,,,https://www.transfermarkt.co.uk/connor-smith/profil/spieler/177771,GB1,Watford FC,250000.0,250000.0
177862,Charly,Musonda Jr.,Charly Musonda Jr.,2021,631,charly-musonda-jr-,Belgium,Brussel  ,Belgium,1996-10-15 00:00:00,Left Winger,Attack,right,173.0,2024-06-30 00:00:00,Niagara Sur,https://img.a.transfermarkt.technology/portrait/header/177862-1453990790.jpg?lm=1,,,,https://www.transfermarkt.co.uk/charly-musonda-jr-/profil/spieler/177862,GB1,Chelsea FC,500000.0,5000000.0
177892,Graham,Burke,Graham Burke,2014,405,graham-burke,Ireland,Dublin  ,Ireland,1993-09-21 00:00:00,Second Striker,Attack,right,180.0,2023-11-30 00:00:00,,https://img.a.transfermarkt.technology/portrait/header/177892-1662373103.png?lm=1,,,,https://www.transfermarkt.co.uk/graham-burke/profil/spieler/177892,GB1,Aston Villa,275000.0,350000.0
177907,Harry,Maguire,Harry Maguire,2025,985,harry-maguire,England,Sheffield  ,England,1993-03-05 00:00:00,Centre-Back,Defender,right,194.0,2027-06-30 00:00:00,Triple S Sports,https://img.a.transfermarkt.technology/portrait/header/177907-1663841733.jpg?lm=1,66.0,7.0,,https://www.transfermarkt.co.uk/harry-maguire/profil/spieler/177907,GB1,Manchester United,8000000.0,70000000.0
177953,Chris,Kettings,Chris Kettings,2014,873,chris-kettings,Scotland,Glasgow  ,Scotland,1992-10-25 00:00:00,Goalkeeper,Goalkeeper,,193.0,,,https://img.a.transfermarkt.technology/portrait/header/default.jpg?lm=1,,,,https://www.transfermarkt.co.uk/chris-kettings/profil/spieler/177953,GB1,Crystal Palace,150000.0,250000.0
179451,Donald,Love,Donald Love,2016,289,donald-love,England,Rochdale  ,Scotland,1994-12-02 00:00:00,Right-Back,Defender,right,178.0,2024-06-30 00:00:00,,https://img.a.transfermarkt.technology/portrait/header/179451-1470910633.jpg?lm=1,,,,https://www.transfermarkt.co.uk/donald-love/profil/spieler/179451,GB1,Sunderland AFC,250000.0,1000000.0
179471,Curtis,Good,Curtis Good,2017,762,curtis-good,Australia,Melbourne  ,Australia,1993-03-23 00:00:00,Centre-Back,Defender,left,187.0,2024-06-30 00:00:00,The Pitch management,https://img.a.transfermarkt.technology/portrait/header/s_179471_762_2012_1.jpg?lm=1,,,,https://www.transfermarkt.co.uk/curtis-good/profil/spieler/179471,GB1,Newcastle United,550000.0,550000.0
181168,Danny,Whitehead,Danny Whitehead,2013,379,danny-whitehead,England,Stretford  ,England,1993-10-23 00:00:00,Central Midfield,Midfield,right,179.0,2024-06-30 00:00:00,366 Group,https://img.a.transfermarkt.technology/portrait/header/default.jpg?lm=1,,,,https://www.transfermarkt.co.uk/danny-whitehead/profil/spieler/181168,GB1,West Ham United,50000.0,50000.0
181380,Arthur,Masuaku,Arthur Masuaku,2025,289,arthur-masuaku,France,Lille  ,DR Congo,1993-11-07 00:00:00,Left-Back,Defender,left,179.0,2027-06-30 00:00:00,Sport Cover,https://img.a.transfermarkt.technology/portrait/header/181380-1767006082.jpg?lm=1,48.0,4.0,,https://www.transfermarkt.co.uk/arthur-masuaku/profil/spieler/181380,GB1,Sunderland AFC,2000000.0,10000000.0
181498,George,Evans,George Evans,2015,281,george-evans,England,Cheadle  ,England,1994-12-13 00:00:00,Defensive Midfield,Midfield,right,184.0,2023-06-30 00:00:00,Wasserman,https://img.a.transfermarkt.technology/portrait/header/181498-1491837255.jpg?lm=1,,,,https://www.transfermarkt.co.uk/george-evans/profil/spieler/181498,GB1,Manchester City,350000.0,1200000.0
181548,Courtney,Meppen-Walter,Courtney Meppen-Walter,2012,281,courtney-meppen-walter,England,Bury  ,England,1994-08-02 00:00:00,Centre-Back,Defender,left,184.0,,,https://img.a.transfermarkt.technology/portrait/header/default.jpg?lm=1,,,,https://www.transfermarkt.co.uk/courtney-meppen-walter/profil/spieler/181548,GB1,Manchester City,50000.0,50000.0
181579,James,Ward-Prowse,James Ward-Prowse,2025,379,james-ward-prowse,England,Portsmouth  ,England,1994-11-01 00:00:00,Central Midfield,Midfield,right,177.0,2027-06-30 00:00:00,CAA Stellar,https://img.a.transfermarkt.technology/portrait/header/181579-1684751045.jpg?lm=1,11.0,2.0,,https://www.transfermarkt.co.uk/james-ward-prowse/profil/spieler/181579,GB1,West Ham United,5000000.0,38000000.0
181687,Massimo,Luongo,Massimo Luongo,2024,677,massimo-luongo,Australia,Sydney  ,Australia,1992-09-25 00:00:00,Central Midfield,Midfield,right,176.0,2026-06-30 00:00:00,,https://img.a.transfermarkt.technology/portrait/header/181687-1720191232.jpg?lm=1,43.0,6.0,,https://www.transfermarkt.co.uk/massimo-luongo/profil/spieler/181687,GB1,Ipswich Town,350000.0,5000000.0
181779,,Wallace Oliveira,Wallace Oliveira,2017,631,wallace-oliveira,Brazil,Rio de Janeiro  ,Brazil,1994-05-01 00:00:00,Right-Back,Defender,right,175.0,,Argon Sport,https://img.a.transfermarkt.technology/portrait/header/181779-1449136684.jpg?lm=1,,,,https://www.transfermarkt.co.uk/wallace-oliveira/profil/spieler/181779,GB1,Chelsea FC,800000.0,7500000.0
183168,Kenny,McEvoy,Kenny McEvoy,2013,148,kenny-mcevoy,Ireland,Waterford  ,Ireland,1994-09-04 00:00:00,Right Winger,Attack,right,176.0,,,https://img.a.transfermarkt.technology/portrait/header/s_183168_9254_2013_08_05_1.jpg?lm=1,,,,https://www.transfermarkt.co.uk/kenny-mcevoy/profil/spieler/183168,GB1,Tottenham Hotspur,,
183281,Leo,Chambers,Leo Chambers,2015,379,leo-chambers,England,London  ,England,1995-08-05 00:00:00,Centre-Back,Defender,right,186.0,,,https://img.a.transfermarkt.technology/portrait/header/default.jpg?lm=1,,,,https://www.transfermarkt.co.uk/leo-chambers/profil/spieler/183281,GB1,West Ham United,250000.0,250000.0
183283,Jordan,Graham,Jordan Graham,2019,543,jordan-graham,England,Coventry  ,England,1995-03-05 00:00:00,Right Winger,Attack,right,182.0,2023-06-30 00:00:00,YMU Group,https://img.a.transfermarkt.technology/portrait/header/183283-1675157227.png?lm=1,,,,https://www.transfermarkt.co.uk/jordan-graham/profil/spieler/183283,GB1,Wolverhampton Wanderers,350000.0,500000.0
183284,Ryan,Inniss,Ryan Inniss,2020,873,ryan-inniss,England,London  ,England,1995-06-05 00:00:00,Centre-Back,Defender,right,197.0,2023-06-30 00:00:00,Wasserman,https://img.a.transfermarkt.technology/portrait/header/183284-1615795449.jpg?lm=1,,,,https://www.transfermarkt.co.uk/ryan-inniss/profil/spieler/183284,GB1,Crystal Palace,300000.0,300000.0
183286,Diego,Poyet,Diego Poyet,2015,379,diego-poyet,Spain,Zaragoza  ,Uruguay,1995-04-08 00:00:00,Central Midfield,Midfield,right,180.0,,Falsenine,https://img.a.transfermarkt.technology/portrait/header/s_183286_6932_2014_03_14_1.jpg?lm=1,,,,https://www.transfermarkt.co.uk/diego-poyet/profil/spieler/183286,GB1,West Ham United,500000.0,750000.0
183288,Luke,Shaw,Luke Shaw,2025,985,luke-shaw,England,London  ,England,1995-07-12 00:00:00,Left-Back,Defender,left,178.0,2027-06-30 00:00:00,CAA Stellar,https://img.a.transfermarkt.technology/portrait/header/183288-1668500175.jpg?lm=1,34.0,3.0,,https://www.transfermarkt.co.uk/luke-shaw/profil/spieler/183288,GB1,Manchester United,8000000.0,42000000.0
183299,Callum,Robinson,Callum Robinson,2020,984,callum-robinson,England,Northampton  ,Ireland,1995-02-02 00:00:00,Centre-Forward,Attack,right,178.0,2025-06-30 00:00:00,Wasserman,https://img.a.transfermarkt.technology/portrait/header/183299-1632909728.jpg?lm=1,,,,https://www.transfermarkt.co.uk/callum-robinson/profil/spieler/183299,GB1,West Bromwich Albion,3000000.0,8000000.0
183301,Luke,McGee,Luke McGee,2016,148,luke-mcgee,England,Edgware  ,England,1995-09-02 00:00:00,Goalkeeper,Goalkeeper,right,193.0,2023-05-31 00:00:00,Unique Sports Group,https://img.a.transfermarkt.technology/portrait/header/183301-1471936818.jpg?lm=1,,,,https://www.transfermarkt.co.uk/luke-mcgee/profil/spieler/183301,GB1,Tottenham Hotspur,200000.0,200000.0
183302,Ben,Pearson,Ben Pearson,2022,989,ben-pearson,,Oldham  ,,1995-01-04 00:00:00,Central Midfield,Midfield,right,176.0,2027-06-30 00:00:00,Wasserman,https://img.a.transfermarkt.technology/portrait/header/183302-1612033761.jpg?lm=1,,,,https://www.transfermarkt.co.uk/ben-pearson/profil/spieler/183302,GB1,AFC Bournemouth,2200000.0,3000000.0
183318,Jamaal,Lascelles,Jamaal Lascelles,2025,762,jamaal-lascelles,England,Derby  ,England,1993-11-11 00:00:00,Centre-Back,Defender,right,188.0,,TMUS Sports,https://img.a.transfermarkt.technology/portrait/header/183318-1696454186.jpg?lm=1,2.0,0.0,,https://www.transfermarkt.co.uk/jamaal-lascelles/profil/spieler/183318,GB1,Newcastle United,2000000.0,18000000.0
183334,Patrick,Bamford,Patrick Bamford,2022,399,patrick-bamford,England,Grantham  ,England,1993-09-05 00:00:00,Centre-Forward,Attack,left,185.0,2026-06-30 00:00:00,CAA Stellar,https://img.a.transfermarkt.technology/portrait/header/183334-1612870768.jpg?lm=1,,,,https://www.transfermarkt.co.uk/patrick-bamford/profil/spieler/183334,GB1,Leeds United,7000000.0,22000000.0
183837,Gregor,Zabret,Gregor Zabret,2013,2288,gregor-zabret,Slovenia,Ljubljana  ,Slovenia,1995-08-18 00:00:00,Goalkeeper,Goalkeeper,,187.0,,Neil Thompson,https://img.a.transfermarkt.technology/portrait/header/default.jpg?lm=1,,,,https://www.transfermarkt.co.uk/gregor-zabret/profil/spieler/183837,GB1,Swansea City,25000.0,75000.0
183966,Dylan,Tombides,Dylan Tombides,2013,379,dylan-tombides,Australia,Perth  ,Australia,1994-03-08 00:00:00,Centre-Forward,Attack,,180.0,,,https://img.a.transfermarkt.technology/portrait/header/default.jpg?lm=1,,,,https://www.transfermarkt.co.uk/dylan-tombides/profil/spieler/183966,GB1,West Ham United,250000.0,250000.0
184129,Jordan,Clark,Jordan Clark,2023,1031,jordan-clark,England,Hoyland  ,England,1993-09-22 00:00:00,Central Midfield,Midfield,right,183.0,,,https://img.a.transfermarkt.technology/portrait/header/184129-1684493830.jpg?lm=1,,,,https://www.transfermarkt.co.uk/jordan-clark/profil/spieler/184129,GB1,Luton Town,1000000.0,1000000.0
184397,Tom,Hopper,Tom Hopper,2014,1003,tom-hopper,England,Boston  ,England,1993-12-14 00:00:00,Centre-Forward,Attack,left,186.0,2025-06-30 00:00:00,SBM,https://img.a.transfermarkt.technology/portrait/header/default.jpg?lm=1,,,,https://www.transfermarkt.co.uk/tom-hopper/profil/spieler/184397,GB1,Leicester City,200000.0,250000.0
184528,Emil,Krafth,Emil Krafth,2025,762,emil-krafth,Sweden,Ljungby  ,Sweden,1994-08-02 00:00:00,Right-Back,Defender,right,184.0,,,https://img.a.transfermarkt.technology/portrait/header/184528-1674210829.jpg?lm=1,52.0,0.0,,https://www.transfermarkt.co.uk/emil-krafth/profil/spieler/184528,GB1,Newcastle United,750000.0,5000000.0
184573,Victor,Lindelöf,Victor Lindelöf,2025,405,victor-lindelof,Sweden,Västerås  ,Sweden,1994-07-17 00:00:00,Centre-Back,Defender,right,187.0,2027-06-30 00:00:00,,https://img.a.transfermarkt.technology/portrait/header/184573-1695244778.jpg?lm=1,80.0,3.0,,https://www.transfermarkt.co.uk/victor-lindelof/profil/spieler/184573,GB1,Aston Villa,5000000.0,35000000.0
185764,Charles,Banya,Charles Banya,2012,931,charles-banya,England,London  ,England,1993-09-18 00:00:00,Left Midfield,Midfield,,170.0,,,https://img.a.transfermarkt.technology/portrait/header/default.jpg?lm=1,,,,https://www.transfermarkt.co.uk/charles-banya/profil/spieler/185764,GB1,Fulham FC,50000.0,50000.0
186186,Bobby,De Cordova-Reid,Bobby De Cordova-Reid,2025,1003,bobby-de-cordova-reid,England,Bristol  ,Jamaica,1993-02-02 00:00:00,Attacking Midfield,Midfield,right,170.0,2027-06-30 00:00:00,Straight Ace Sports,https://img.a.transfermarkt.technology/portrait/header/186186-1657802404.jpg?lm=1,45.0,7.0,3671.0,https://www.transfermarkt.co.uk/bobby-de-cordova-reid/profil/spieler/186186,GB1,Leicester City,700000.0,10000000.0
186590,John,Stones,John Stones,2025,281,john-stones,England,Barnsley  ,England,1994-05-28 00:00:00,Centre-Back,Defender,right,188.0,,THE·TEAM,https://img.a.transfermarkt.technology/portrait/header/186590-1684764261.jpg?lm=1,92.0,3.0,,https://www.transfermarkt.co.uk/john-stones/profil/spieler/186590,GB1,Manchester City,12000000.0,60000000.0
186923,Jack,Rose,Jack Rose,2019,180,jack-rose,England,Solihull  ,England,1995-01-31 00:00:00,Goalkeeper,Goalkeeper,,190.0,,,https://img.a.transfermarkt.technology/portrait/header/default.jpg?lm=1,,,,https://www.transfermarkt.co.uk/jack-rose/profil/spieler/186923,GB1,Southampton FC,200000.0,200000.0
188077,Ryan,Christie,Ryan Christie,2025,989,ryan-christie,Scotland,Inverness  ,Scotland,1995-02-22 00:00:00,Central Midfield,Midfield,left,178.0,2029-06-30 00:00:00,Gersh,https://img.a.transfermarkt.technology/portrait/header/188077-1697450633.jpg?lm=1,71.0,10.0,,https://www.transfermarkt.co.uk/ryan-christie/profil/spieler/188077,GB1,AFC Bournemouth,8000000.0,12000000.0
189039,Michael,Petrasso,Michael Petrasso,2014,1039,michael-petrasso,Canada,"Toronto, Ontario  ",Canada,1995-07-09 00:00:00,Right Midfield,Midfield,right,168.0,,NOVERA Sports,https://img.a.transfermarkt.technology/portrait/header/189039-1683054197.jpg?lm=1,,,,https://www.transfermarkt.co.uk/michael-petrasso/profil/spieler/189039,GB1,Queens Park Rangers,150000.0,250000.0
191320,Sean,Maguire,Sean Maguire,2013,379,sean-maguire,England,Luton  ,Ireland,1994-05-01 00:00:00,Centre-Forward,Attack,right,175.0,2024-06-30 00:00:00,,https://img.a.transfermarkt.technology/portrait/header/191320-1684494637.jpg?lm=1,,,,https://www.transfermarkt.co.uk/sean-maguire/profil/spieler/191320,GB1,West Ham United,600000.0,1500000.0
192080,Nick,Pope,Nick Pope,2025,762,nick-pope,England,Soham  ,England,1992-04-19 00:00:00,Goalkeeper,Goalkeeper,right,198.0,2027-06-30 00:00:00,CAA Stellar,https://img.a.transfermarkt.technology/portrait/header/192080-1663841362.jpg?lm=1,10.0,0.0,,https://www.transfermarkt.co.uk/nick-pope/profil/spieler/192080,GB1,Newcastle United,5000000.0,20000000.0
192279,Kepa,Arrizabalaga,Kepa Arrizabalaga,2025,11,kepa-arrizabalaga,Spain,Ondarroa  ,Spain,1994-10-03 00:00:00,Goalkeeper,Goalkeeper,right,188.0,2028-06-30 00:00:00,AC Talent,https://img.a.transfermarkt.technology/portrait/header/192279-1661855851.jpg?lm=1,13.0,0.0,,https://www.transfermarkt.co.uk/kepa-arrizabalaga/profil/spieler/192279,GB1,Arsenal FC,5000000.0,60000000.0
192366,Gozie,Ugwu,Gozie Ugwu,2012,1032,gozie-ugwu,England,Oxford  ,England,1993-04-22 00:00:00,Centre-Forward,Attack,right,188.0,,,https://img.a.transfermarkt.technology/portrait/header/default.jpg?lm=1,,,,https://www.transfermarkt.co.uk/gozie-ugwu/profil/spieler/192366,GB1,Reading FC,250000.0,250000.0
192765,Ben,Davies,Ben Davies,2025,148,ben-davies,Wales,Neath  ,Wales,1993-04-24 00:00:00,Centre-Back,Defender,left,181.0,2027-06-30 00:00:00,CAA Stellar,https://img.a.transfermarkt.technology/portrait/header/192765-1668520095.jpg?lm=1,100.0,3.0,,https://www.transfermarkt.co.uk/ben-davies/profil/spieler/192765,GB1,Tottenham Hotspur,3000000.0,25000000.0
193116,John,McGinn,John McGinn,2025,405,john-mcginn,Scotland,Glasgow  ,Scotland,1994-10-18 00:00:00,Central Midfield,Midfield,left,178.0,2028-06-30 00:00:00,EAA,https://img.a.transfermarkt.technology/portrait/header/193116-1689172405.jpg?lm=1,89.0,21.0,,https://www.transfermarkt.co.uk/john-mcginn/profil/spieler/193116,GB1,Aston Villa,13000000.0,32000000.0
194386,Alex,Cairns,Alex Cairns,2025,399,alex-cairns,England,Doncaster  ,England,1993-01-04 00:00:00,Goalkeeper,Goalkeeper,right,183.0,2028-06-30 00:00:00,,https://img.a.transfermarkt.technology/portrait/header/194386-1724939306.jpg?lm=1,,,,https://www.transfermarkt.co.uk/alex-cairns/profil/spieler/194386,GB1,Leeds United,50000.0,250000.0
194460,Joe,Bryan,Joe Bryan,2022,931,joe-bryan,England,Bristol  ,England,1993-09-17 00:00:00,Left-Back,Defender,left,170.0,2027-06-30 00:00:00,CAA Base Ltd,https://img.a.transfermarkt.technology/portrait/header/194460-1651652799.jpg?lm=1,,,,https://www.transfermarkt.co.uk/joe-bryan/profil/spieler/194460,GB1,Fulham FC,2200000.0,7000000.0
195633,Charlie,Taylor,Charlie Taylor,2024,180,charlie-taylor,England,York  ,England,1993-09-18 00:00:00,Left-Back,Defender,left,183.0,2026-06-30 00:00:00,InterLex Sport,https://img.a.transfermarkt.technology/portrait/header/195633-1700671881.jpg?lm=1,2.0,0.0,,https://www.transfermarkt.co.uk/charlie-taylor/profil/spieler/195633,GB1,Southampton FC,2000000.0,7000000.0
195652,Jordon,Ibe,Jordon Ibe,2019,989,jordon-ibe,England,London  ,England,1995-12-08 00:00:00,Right Winger,Attack,right,176.0,,PowerHause SG,https://img.a.transfermarkt.technology/portrait/header/195652-1456301478.jpg?lm=1,,,,https://www.transfermarkt.co.uk/jordon-ibe/profil/spieler/195652,GB1,AFC Bournemouth,300000.0,10000000.0
195679,Adedeji,Oshilaja,Adedeji Oshilaja,2013,603,adedeji-oshilaja,England,London  ,England,1993-07-16 00:00:00,Centre-Back,Defender,right,181.0,,Unique Sports Group,https://img.a.transfermarkt.technology/portrait/header/195679-1596804043.jpg?lm=1,,,,https://www.transfermarkt.co.uk/adedeji-oshilaja/profil/spieler/195679,GB1,Cardiff City,300000.0,300000.0
195680,Joe,Ralls,Joe Ralls,2018,603,joe-ralls,England,Aldershot  ,England,1993-10-12 00:00:00,Central Midfield,Midfield,left,178.0,2024-06-30 00:00:00,Unique Sports Group,https://img.a.transfermarkt.technology/portrait/header/s_195680_603_2013_04_17_1.jpg?lm=1,,,,https://www.transfermarkt.co.uk/joe-ralls/profil/spieler/195680,GB1,Cardiff City,1800000.0,5000000.0
196313,Jordan,Laidler,Jordan Laidler,2012,289,jordan-laidler,England,North Shields  ,England,1993-10-13 00:00:00,Central Midfield,Midfield,right,,,,https://img.a.transfermarkt.technology/portrait/header/default.jpg?lm=1,,,,https://www.transfermarkt.co.uk/jordan-laidler/profil/spieler/196313,GB1,Sunderland AFC,,
196316,Adam,Mitchell,Adam Mitchell,2012,289,adam-mitchell,England,Durham  ,England,1994-12-02 00:00:00,Right Winger,Attack,right,,,,https://img.a.transfermarkt.technology/portrait/header/default.jpg?lm=1,,,,https://www.transfermarkt.co.uk/adam-mitchell/profil/spieler/196316,GB1,Sunderland AFC,,
196562,Josh,Passley,Josh Passley,2013,931,josh-passley,England,London  ,England,1994-11-21 00:00:00,Right-Back,Defender,right,183.0,2025-06-30 00:00:00,,https://img.a.transfermarkt.technology/portrait/header/default.jpg?lm=1,,,,https://www.transfermarkt.co.uk/josh-passley/profil/spieler/196562,GB1,Fulham FC,,
196722,Remi,Matthews,Remi Matthews,2025,873,remi-matthews,England,Gorleston  ,England,1994-02-10 00:00:00,Goalkeeper,Goalkeeper,right,183.0,2027-06-30 00:00:00,Two Touch Agency,https://img.a.transfermarkt.technology/portrait/header/196722-1669021601.jpg?lm=1,,,,https://www.transfermarkt.co.uk/remi-matthews/profil/spieler/196722,GB1,Crystal Palace,200000.0,500000.0
197693,John,Swift,John Swift,2013,631,john-swift,England,Portsmouth  ,England,1995-06-23 00:00:00,Central Midfield,Midfield,right,182.0,2025-06-30 00:00:00,,https://img.a.transfermarkt.technology/portrait/header/197693-1476271964.jpg?lm=1,,,,https://www.transfermarkt.co.uk/john-swift/profil/spieler/197693,GB1,Chelsea FC,5000000.0,7000000.0
197791,Janoi,Donacien,Janoi Donacien,2015,405,janoi-donacien,St. Lucia,Castries  ,St. Lucia,1993-11-03 00:00:00,Centre-Back,Defender,right,183.0,2024-06-30 00:00:00,Fifty Fifty Sports,https://img.a.transfermarkt.technology/portrait/header/197791-1540471686.jpg?lm=1,,,,https://www.transfermarkt.co.uk/janoi-donacien/profil/spieler/197791,GB1,Aston Villa,300000.0,750000.0
197910,Liam,Shephard,Liam Shephard,2015,2288,liam-shephard,Wales,Pentre  ,Wales,1994-11-22 00:00:00,Right-Back,Defender,right,178.0,2023-06-30 00:00:00,CAA Base Ltd,https://img.a.transfermarkt.technology/portrait/header/default.jpg?lm=1,,,,https://www.transfermarkt.co.uk/liam-shephard/profil/spieler/197910,GB1,Swansea City,200000.0,200000.0
198587,Remie,Streete,Remie Streete,2014,762,remie-streete,England,Aylesbury  ,England,1994-11-02 00:00:00,Centre-Back,Defender,right,188.0,,,https://img.a.transfermarkt.technology/portrait/header/default.jpg?lm=1,,,,https://www.transfermarkt.co.uk/remie-streete/profil/spieler/198587,GB1,Newcastle United,100000.0,100000.0
198589,Lewis,Baker,Lewis Baker,2021,631,lewis-baker,England,Luton  ,England,1995-04-25 00:00:00,Central Midfield,Midfield,right,182.0,2025-06-30 00:00:00,,https://img.a.transfermarkt.technology/portrait/header/198589-1602167259.png?lm=1,,,,https://www.transfermarkt.co.uk/lewis-baker/profil/spieler/198589,GB1,Chelsea FC,2500000.0,5500000.0
198861,Sam,Hoskins,Sam Hoskins,2012,180,sam-hoskins,England,Dorchester  ,England,1993-02-04 00:00:00,Right Winger,Attack,,173.0,2026-06-30 00:00:00,,https://img.a.transfermarkt.technology/portrait/header/s_198861_972_2013_10_18_1.jpg?lm=1,,,,https://www.transfermarkt.co.uk/sam-hoskins/profil/spieler/198861,GB1,Southampton FC,325000.0,325000.0
199526,Reece,Hall-Johnson,Reece Hall-Johnson,2013,1123,reece-hall-johnson,England,Aylesbury  ,England,1995-05-09 00:00:00,Right-Back,Defender,right,173.0,,,https://img.a.transfermarkt.technology/portrait/header/199526-1681395145.jpg?lm=1,,,,https://www.transfermarkt.co.uk/reece-hall-johnson/profil/spieler/199526,GB1,Norwich City,,
199527,Jacob,Murphy,Jacob Murphy,2025,762,jacob-murphy,England,London  ,England,1995-02-24 00:00:00,Right Winger,Attack,right,179.0,2027-06-30 00:00:00,THE·TEAM,https://img.a.transfermarkt.technology/portrait/header/199527-1674210561.jpg?lm=1,6.0,1.0,,https://www.transfermarkt.co.uk/jacob-murphy/profil/spieler/199527,GB1,Newcastle United,12000000.0,16000000.0
199528,Josh,Murphy,Josh Murphy,2018,603,josh-murphy,England,London  ,England,1995-02-24 00:00:00,Left Winger,Attack,right,173.0,2024-06-30 00:00:00,,https://img.a.transfermarkt.technology/portrait/header/199528-1578401090.jpg?lm=1,,,,https://www.transfermarkt.co.uk/josh-murphy/profil/spieler/199528,GB1,Cardiff City,700000.0,10000000.0
200782,Kevin,Stewart,Kevin Stewart,2016,31,kevin-stewart,England,London  ,Jamaica,1993-09-07 00:00:00,Defensive Midfield,Midfield,,182.0,2023-06-30 00:00:00,New Vision,https://img.a.transfermarkt.technology/portrait/header/200782-1456247111.jpg?lm=1,,,,https://www.transfermarkt.co.uk/kevin-stewart/profil/spieler/200782,GB1,Liverpool FC,300000.0,4500000.0
201570,George,Glendon,George Glendon,2015,281,george-glendon,England,Heald Green  ,England,1995-05-03 00:00:00,Defensive Midfield,Midfield,right,177.0,2024-06-30 00:00:00,,https://img.a.transfermarkt.technology/portrait/header/default.jpg?lm=1,,,,https://www.transfermarkt.co.uk/george-glendon/profil/spieler/201570,GB1,Manchester City,150000.0,150000.0
201574,Angus,Gunn,Angus Gunn,2025,703,angus-gunn,England,Norwich  ,Scotland,1996-01-22 00:00:00,Goalkeeper,Goalkeeper,right,196.0,,Triple S Sports,https://img.a.transfermarkt.technology/portrait/header/201574-1716378186.jpg?lm=1,25.0,0.0,,https://www.transfermarkt.co.uk/angus-gunn/profil/spieler/201574,GB1,Nottingham Forest,1000000.0,10000000.0
201656,Lewis,Kinsella,Lewis Kinsella,2014,405,lewis-kinsella,England,Watford  ,England,1994-09-02 00:00:00,Left-Back,Defender,left,175.0,2024-06-30 00:00:00,Skillequal Ltd.,https://img.a.transfermarkt.technology/portrait/header/default.jpg?lm=1,,,,https://www.transfermarkt.co.uk/lewis-kinsella/profil/spieler/201656,GB1,Aston Villa,100000.0,100000.0
203127,Conor,McGrandles,Conor McGrandles,2015,1123,conor-mcgrandles,Scotland,Falkirk  ,Scotland,1995-09-24 00:00:00,Central Midfield,Midfield,right,183.0,2023-05-31 00:00:00,JM Sports,https://img.a.transfermarkt.technology/portrait/header/default.jpg?lm=1,,,,https://www.transfermarkt.co.uk/conor-mcgrandles/profil/spieler/203127,GB1,Norwich City,350000.0,400000.0
203460,Jack,Grealish,Jack Grealish,2025,29,jack-grealish,England,Birmingham  ,England,1995-09-10 00:00:00,Left Winger,Attack,right,180.0,2027-06-30 00:00:00,CAA Stellar,https://img.a.transfermarkt.technology/portrait/header/203460-1676499047.jpg?lm=1,39.0,4.0,,https://www.transfermarkt.co.uk/jack-grealish/profil/spieler/203460,GB1,Everton FC,20000000.0,100000000.0
203464,Jamar,Loza,Jamar Loza,2015,1123,jamar-loza,Jamaica,Kingston  ,Jamaica,1994-05-10 00:00:00,Centre-Forward,Attack,,178.0,2023-05-31 00:00:00,,https://img.a.transfermarkt.technology/portrait/header/default.jpg?lm=1,,,,https://www.transfermarkt.co.uk/jamar-loza/profil/spieler/203464,GB1,Norwich City,250000.0,250000.0
204103,Adama,Traoré,Adama Traoré,2025,379,adama-traore,Spain,L'Hospitalet de Llobregat  ,Spain,1996-01-25 00:00:00,Right Winger,Attack,right,178.0,,AS1,https://img.a.transfermarkt.technology/portrait/header/204103-1736153427.jpg?lm=1,8.0,0.0,,https://www.transfermarkt.co.uk/adama-traore/profil/spieler/204103,GB1,West Ham United,6000000.0,40000000.0
204114,Scott,Harrison,Scott Harrison,2012,289,scott-harrison,England,Middlesbrough  ,England,1993-09-03 00:00:00,Centre-Back,Defender,right,188.0,,,https://img.a.transfermarkt.technology/portrait/header/default.jpg?lm=1,,,,https://www.transfermarkt.co.uk/scott-harrison/profil/spieler/204114,GB1,Sunderland AFC,125000.0,250000.0
204354,Adam,Campbell,Adam Campbell,2014,762,adam-campbell,England,North Shields  ,England,1995-01-01 00:00:00,Second Striker,Attack,right,169.0,2024-06-30 00:00:00,,https://img.a.transfermarkt.technology/portrait/header/default.jpg?lm=1,,,,https://www.transfermarkt.co.uk/adam-campbell/profil/spieler/204354,GB1,Newcastle United,250000.0,250000.0
206040,Raúl,Jiménez,Raúl Jiménez,2025,931,raul-jimenez,Mexico,Tepeji del Río de Ocampo  ,Mexico,1991-05-05 00:00:00,Centre-Forward,Attack,right,188.0,2028-06-30 00:00:00,,https://img.a.transfermarkt.technology/portrait/header/206040-1782888297.jpg?lm=1,130.0,48.0,,https://www.transfermarkt.co.uk/raul-jimenez/profil/spieler/206040,GB1,Fulham FC,3000000.0,50000000.0
206225,Isaac,Hayden,Isaac Hayden,2025,1039,isaac-hayden,England,Chelmsford  ,Jamaica,1995-03-22 00:00:00,Defensive Midfield,Midfield,right,187.0,2026-06-30 00:00:00,SEG,https://img.a.transfermarkt.technology/portrait/header/206225-1680273024.jpg?lm=1,15.0,0.0,3671.0,https://www.transfermarkt.co.uk/isaac-hayden/profil/spieler/206225,GB1,Queens Park Rangers,400000.0,10000000.0
206268,Corby,Moore,Corby Moore,2012,180,corby-moore,England,Southampton   ,England,1993-11-21 00:00:00,Central Midfield,Midfield,right,173.0,,,https://img.a.transfermarkt.technology/portrait/header/default.jpg?lm=1,,,,https://www.transfermarkt.co.uk/corby-moore/profil/spieler/206268,GB1,Southampton FC,,
206746,Kenny,Tete,Kenny Tete,2025,931,kenny-tete,Netherlands,Amsterdam  ,Netherlands,1995-10-09 00:00:00,Right-Back,Defender,right,180.0,2028-06-30 00:00:00,,https://img.a.transfermarkt.technology/portrait/header/206746-1746645948.jpg?lm=1,14.0,0.0,,https://www.transfermarkt.co.uk/kenny-tete/profil/spieler/206746,GB1,Fulham FC,8000000.0,15000000.0
207009,Jaanai,Gordon,Jaanai Gordon,2013,379,jaanai-gordon,England,Northampton  ,England,1995-12-07 00:00:00,Centre-Forward,Attack,right,178.0,2024-06-30 00:00:00,Premier Footballers,https://img.a.transfermarkt.technology/portrait/header/default.jpg?lm=1,,,,https://www.transfermarkt.co.uk/jaanai-gordon/profil/spieler/207009,GB1,West Ham United,,
207014,Will,Hughes,Will Hughes,2025,873,will-hughes,England,Weybridge  ,England,1995-04-17 00:00:00,Central Midfield,Midfield,left,185.0,2027-06-30 00:00:00,Two Touch Agency,https://img.a.transfermarkt.technology/portrait/header/207014-1700672424.jpg?lm=1,23.0,2.0,,https://www.transfermarkt.co.uk/will-hughes/profil/spieler/207014,GB1,Crystal Palace,5000000.0,18000000.0
207037,Dan,Potts,Dan Potts,2023,1031,dan-potts,England,London  ,England,1994-04-13 00:00:00,Centre-Back,Defender,left,183.0,,CAA Stellar,https://img.a.transfermarkt.technology/portrait/header/207037-1708342947.jpg?lm=1,,,,https://www.transfermarkt.co.uk/dan-potts/profil/spieler/207037,GB1,Luton Town,900000.0,1200000.0
207742,Tom,Lockyer,Tom Lockyer,2023,1031,tom-lockyer,Wales,Cardiff  ,Wales,1994-12-03 00:00:00,Centre-Back,Defender,right,185.0,,Wasserman,https://img.a.transfermarkt.technology/portrait/header/207742-1702896165.jpg?lm=1,,,,https://www.transfermarkt.co.uk/tom-lockyer/profil/spieler/207742,GB1,Luton Town,2500000.0,3500000.0
207771,Louis,Thompson,Louis Thompson,2019,1123,louis-thompson,England,Dover  ,Wales,1994-12-19 00:00:00,Central Midfield,Midfield,right,180.0,2023-06-30 00:00:00,,https://img.a.transfermarkt.technology/portrait/header/207771-1483534075.jpg?lm=1,,,,https://www.transfermarkt.co.uk/louis-thompson/profil/spieler/207771,GB1,Norwich City,200000.0,500000.0
208244,Brendan,Galloway,Brendan Galloway,2018,29,brendan-galloway,Zimbabwe,Harare  ,Zimbabwe,1996-03-17 00:00:00,Left-Back,Defender,left,186.0,2024-06-30 00:00:00,,https://img.a.transfermarkt.technology/portrait/header/208244-1649405089.jpg?lm=1,,,,https://www.transfermarkt.co.uk/brendan-galloway/profil/spieler/208244,GB1,Everton FC,400000.0,3000000.0
208379,Christian,Walton,Christian Walton,2024,677,christian-walton,England,Truro  ,England,1995-11-09 00:00:00,Goalkeeper,Goalkeeper,left,195.0,2028-06-30 00:00:00,,https://img.a.transfermarkt.technology/portrait/header/208379-1720189930.jpg?lm=1,1.0,0.0,,https://www.transfermarkt.co.uk/christian-walton/profil/spieler/208379,GB1,Ipswich Town,900000.0,1200000.0
209212,Solly,March,Solly March,2025,1237,solly-march,England,Eastbourne  ,England,1994-07-20 00:00:00,Right Winger,Attack,left,180.0,,,https://img.a.transfermarkt.technology/portrait/header/209212-1682348330.jpeg?lm=1,3.0,1.0,,https://www.transfermarkt.co.uk/solly-march/profil/spieler/209212,GB1,Brighton & Hove Albion,1000000.0,22000000.0
209781,Oumar,Niasse,Oumar Niasse,2019,29,oumar-niasse,Senegal,Dakar  ,Senegal,1990-04-18 00:00:00,Centre-Forward,Attack,right,182.0,2023-06-30 00:00:00,RX BROTHERS,https://img.a.transfermarkt.technology/portrait/header/209781-1451903349.jpg?lm=1,,,,https://www.transfermarkt.co.uk/oumar-niasse/profil/spieler/209781,GB1,Everton FC,200000.0,13000000.0
210662,Bradley,Watkins,Bradley Watkins,2015,405,bradley-watkins,England,Kent  ,England,1994-09-11 00:00:00,Goalkeeper,Goalkeeper,right,188.0,,,https://img.a.transfermarkt.technology/portrait/header/default.jpg?lm=1,,,,https://www.transfermarkt.co.uk/bradley-watkins/profil/spieler/210662,GB1,Aston Villa,,
211076,Ross,Fitzsimons,Ross Fitzsimons,2013,873,ross-fitzsimons,England,London  ,England,1994-05-28 00:00:00,Goalkeeper,Goalkeeper,right,185.0,2025-06-30 00:00:00,,https://img.a.transfermarkt.technology/portrait/header/211076-1657802505.jpg?lm=1,,,,https://www.transfermarkt.co.uk/ross-fitzsimons/profil/spieler/211076,GB1,Crystal Palace,50000.0,50000.0
212730,Kyle,De Silva,Kyle De Silva,2013,873,kyle-de-silva,England,London  ,England,1993-11-29 00:00:00,Left Midfield,Midfield,right,170.0,,,https://img.a.transfermarkt.technology/portrait/header/default.jpg?lm=1,,,,https://www.transfermarkt.co.uk/kyle-de-silva/profil/spieler/212730,GB1,Crystal Palace,125000.0,250000.0
212829,Jack,O'Connell,Jack O'Connell,2020,350,jack-oconnell,England,Liverpool  ,England,1994-03-29 00:00:00,Centre-Back,Defender,left,190.0,2023-06-30 00:00:00,Wasserman,https://img.a.transfermarkt.technology/portrait/header/212829-1543494669.jpg?lm=1,,,,https://www.transfermarkt.co.uk/jack-oconnell/profil/spieler/212829,GB1,Sheffield United,1200000.0,12000000.0
212847,Adam,Webster,Adam Webster,2025,1237,adam-webster,England,West Wittering  ,England,1995-01-04 00:00:00,Centre-Back,Defender,right,190.0,,,https://img.a.transfermarkt.technology/portrait/header/212847-1681737411.jpg?lm=1,7.0,0.0,,https://www.transfermarkt.co.uk/adam-webster/profil/spieler/212847,GB1,Brighton & Hove Albion,3000000.0,25000000.0
214023,David,Ferguson,David Ferguson,2012,289,david-ferguson,England,Sunderland  ,England,1994-06-07 00:00:00,Left-Back,Defender,left,180.0,2024-06-30 00:00:00,,https://img.a.transfermarkt.technology/portrait/header/default.jpg?lm=1,,,,https://www.transfermarkt.co.uk/david-ferguson/profil/spieler/214023,GB1,Sunderland AFC,225000.0,250000.0
214113,Mitchell,Beeney,Mitchell Beeney,2014,631,mitchell-beeney,England,Leeds  ,England,1995-10-03 00:00:00,Goalkeeper,Goalkeeper,,198.0,,Full Contact,https://img.a.transfermarkt.technology/portrait/header/default.jpg?lm=1,,,,https://www.transfermarkt.co.uk/mitchell-beeney/profil/spieler/214113,GB1,Chelsea FC,100000.0,100000.0
214666,Connor,Roberts,Connor Roberts,2025,1132,connor-roberts,Wales,Neath  ,Wales,1995-09-23 00:00:00,Right-Back,Defender,right,175.0,2027-06-30 00:00:00,OmniSports,https://img.a.transfermarkt.technology/portrait/header/214666-1668520245.jpg?lm=1,64.0,3.0,,https://www.transfermarkt.co.uk/connor-roberts/profil/spieler/214666,GB1,Burnley FC,1500000.0,8000000.0
214928,Kean,Bryan,Kean Bryan,2020,350,kean-bryan,England,Manchester  ,England,1996-11-01 00:00:00,Centre-Back,Defender,left,185.0,2023-06-30 00:00:00,Unique Sports Group,https://img.a.transfermarkt.technology/portrait/header/s_214928_6930_2013_04_24_1.jpg?lm=1,,,,https://www.transfermarkt.co.uk/kean-bryan/profil/spieler/214928,GB1,Sheffield United,500000.0,2000000.0
215118,Calum,Chambers,Calum Chambers,2023,405,calum-chambers,England,Petersfield  ,England,1995-01-20 00:00:00,Centre-Back,Defender,right,182.0,2027-06-30 00:00:00,,https://img.a.transfermarkt.technology/portrait/header/215118-1689172891.jpg?lm=1,,,,https://www.transfermarkt.co.uk/calum-chambers/profil/spieler/215118,GB1,Aston Villa,4000000.0,18000000.0
215810,Tom,King,Tom King,2025,29,tom-king,England,Plymouth  ,Wales,1995-03-09 00:00:00,Goalkeeper,Goalkeeper,right,194.0,2027-06-30 00:00:00,,https://img.a.transfermarkt.technology/portrait/header/215810-1774468851.jpg?lm=1,1.0,0.0,,https://www.transfermarkt.co.uk/tom-king/profil/spieler/215810,GB1,Everton FC,100000.0,200000.0
215876,Ricardo,Pereira,Ricardo Pereira,2024,1003,ricardo-pereira,Portugal,Lisboa  ,Portugal,1993-10-06 00:00:00,Right-Back,Defender,right,175.0,2026-06-30 00:00:00,F2F,https://img.a.transfermarkt.technology/portrait/header/215876-1720192308.jpg?lm=1,7.0,0.0,,https://www.transfermarkt.co.uk/ricardo-pereira/profil/spieler/215876,GB1,Leicester City,3000000.0,40000000.0
218086,Jack,Barmby,Jack Barmby,2014,1003,jack-barmby,England,Harlow  ,England,1994-11-14 00:00:00,Left Midfield,Midfield,left,178.0,,Topnotch Management,https://img.a.transfermarkt.technology/portrait/header/218086-1583582770.jpg?lm=1,,,,https://www.transfermarkt.co.uk/jack-barmby/profil/spieler/218086,GB1,Leicester City,150000.0,450000.0
218087,Ben,Osborn,Ben Osborn,2023,350,ben-osborn,England,Derby  ,England,1994-08-05 00:00:00,Central Midfield,Midfield,left,176.0,2026-06-30 00:00:00,Unique Sports Group,https://img.a.transfermarkt.technology/portrait/header/218087-1700738167.jpg?lm=1,,,,https://www.transfermarkt.co.uk/ben-osborn/profil/spieler/218087,GB1,Sheffield United,1000000.0,3000000.0
218140,George,Honeyman,George Honeyman,2016,289,george-honeyman,England,Prudhoe  ,England,1994-09-08 00:00:00,Attacking Midfield,Midfield,right,173.0,,FFP,https://img.a.transfermarkt.technology/portrait/header/218140-1566810022.jpg?lm=1,,,,https://www.transfermarkt.co.uk/george-honeyman/profil/spieler/218140,GB1,Sunderland AFC,1000000.0,1500000.0
218355,Conor,Grant,Conor Grant,2015,29,conor-grant,England,Liverpool  ,England,1995-04-18 00:00:00,Central Midfield,Midfield,left,176.0,2023-06-30 00:00:00,ASC,https://img.a.transfermarkt.technology/portrait/header/218355-1649404993.jpg?lm=1,,,,https://www.transfermarkt.co.uk/conor-grant/profil/spieler/218355,GB1,Everton FC,200000.0,450000.0
220755,Matthew,Pennington,Matthew Pennington,2020,29,matthew-pennington,England,Warrington  ,England,1994-10-06 00:00:00,Centre-Back,Defender,right,185.0,2023-06-30 00:00:00,Wasserman,https://img.a.transfermarkt.technology/portrait/header/220755-1491209242.jpg?lm=1,,,,https://www.transfermarkt.co.uk/matthew-pennington/profil/spieler/220755,GB1,Everton FC,500000.0,1000000.0
221687,Alex,Gilliead,Alex Gilliead,2014,762,alex-gilliead,England,Consett  ,England,1996-02-11 00:00:00,Right Winger,Attack,right,183.0,2023-06-30 00:00:00,,https://img.a.transfermarkt.technology/portrait/header/221687-1515181563.jpg?lm=1,,,,https://www.transfermarkt.co.uk/alex-gilliead/profil/spieler/221687,GB1,Newcastle United,225000.0,225000.0
222014,Joel,Dixon,Joel Dixon,2013,289,joel-dixon,England,Middlesbrough  ,England,1993-12-09 00:00:00,Goalkeeper,Goalkeeper,right,193.0,2025-06-30 00:00:00,,https://img.a.transfermarkt.technology/portrait/header/222014-1643292375.png?lm=1,,,,https://www.transfermarkt.co.uk/joel-dixon/profil/spieler/222014,GB1,Sunderland AFC,150000.0,250000.0
223027,Laste,Dombaxe,Laste Dombaxe,2013,148,laste-dombaxe,Angola,Luanda  ,England,1995-05-15 00:00:00,Central Midfield,Midfield,,171.0,,,https://img.a.transfermarkt.technology/portrait/header/default.jpg?lm=1,,,,https://www.transfermarkt.co.uk/laste-dombaxe/profil/spieler/223027,GB1,Tottenham Hotspur,,
223790,Luke,Simpson,Luke Simpson,2015,1010,luke-simpson,England,Heywood  ,England,1994-09-23 00:00:00,Goalkeeper,Goalkeeper,left,190.0,,KCD,https://img.a.transfermarkt.technology/portrait/header/default.jpg?lm=1,,,,https://www.transfermarkt.co.uk/luke-simpson/profil/spieler/223790,GB1,Watford FC,25000.0,25000.0
225166,Josh,Wakefield,Josh Wakefield,2015,989,josh-wakefield,England,Frimley  ,England,1993-11-06 00:00:00,Central Midfield,Midfield,right,180.0,,,https://img.a.transfermarkt.technology/portrait/header/default.jpg?lm=1,,,,https://www.transfermarkt.co.uk/josh-wakefield/profil/spieler/225166,GB1,AFC Bournemouth,100000.0,100000.0
225452,Patrick,Roberts,Patrick Roberts,2025,289,patrick-roberts,England,Kingston-upon-Thames  ,England,1997-02-05 00:00:00,Right Winger,Attack,left,167.0,2028-06-30 00:00:00,CAA Base Ltd,https://img.a.transfermarkt.technology/portrait/header/225452-1724771824.jpg?lm=1,9.0,4.0,,https://www.transfermarkt.co.uk/patrick-roberts/profil/spieler/225452,GB1,Sunderland AFC,3200000.0,7500000.0
226049,Freddie,Woodman,Freddie Woodman,2025,31,freddie-woodman,England,London  ,England,1997-03-04 00:00:00,Goalkeeper,Goalkeeper,right,188.0,2027-06-30 00:00:00,,https://img.a.transfermarkt.technology/portrait/header/226049-1737883837.jpg?lm=1,6.0,0.0,,https://www.transfermarkt.co.uk/freddie-woodman/profil/spieler/226049,GB1,Liverpool FC,3000000.0,10000000.0
226219,Sean,Raggett,Sean Raggett,2019,1123,sean-raggett,England,Gillingham  ,England,1994-01-25 00:00:00,Centre-Back,Defender,right,196.0,2024-06-30 00:00:00,,https://img.a.transfermarkt.technology/portrait/header/default.jpg?lm=1,,,,https://www.transfermarkt.co.uk/sean-raggett/profil/spieler/226219,GB1,Norwich City,400000.0,400000.0
226964,Dominic,Gape,Dominic Gape,2014,180,dominic-gape,England,Burton Bradstock  ,England,1994-09-09 00:00:00,Defensive Midfield,Midfield,right,180.0,,,https://img.a.transfermarkt.technology/portrait/header/226964-1553698087.jpg?lm=1,,,,https://www.transfermarkt.co.uk/dominic-gape/profil/spieler/226964,GB1,Southampton FC,200000.0,250000.0
226965,Lloyd,Isgrove,Lloyd Isgrove,2016,180,lloyd-isgrove,England,Yeovil  ,Wales,1993-01-12 00:00:00,Right Winger,Attack,right,178.0,2023-06-30 00:00:00,Unique Sports Group,https://img.a.transfermarkt.technology/portrait/header/226965-1643291783.jpg?lm=1,,,,https://www.transfermarkt.co.uk/lloyd-isgrove/profil/spieler/226965,GB1,Southampton FC,100000.0,250000.0
226968,Sam,McQueen,Sam McQueen,2020,180,sam-mcqueen,England,Southampton  ,England,1995-02-06 00:00:00,Left-Back,Defender,left,181.0,,New Vision,https://img.a.transfermarkt.technology/portrait/header/226968-1479887834.jpg?lm=1,,,,https://www.transfermarkt.co.uk/sam-mcqueen/profil/spieler/226968,GB1,Southampton FC,800000.0,1000000.0
226973,Harrison,Reed,Harrison Reed,2025,931,harrison-reed,England,Worthing  ,England,1995-01-27 00:00:00,Central Midfield,Midfield,right,181.0,2027-06-30 00:00:00,Unique Sports Group,https://img.a.transfermarkt.technology/portrait/header/226973-1762354305.jpg?lm=1,14.0,0.0,,https://www.transfermarkt.co.uk/harrison-reed/profil/spieler/226973,GB1,Fulham FC,2000000.0,18000000.0
226974,Andy,Robinson,Andy Robinson,2012,180,andy-robinson,England,Bournemouth  ,England,1992-10-16 00:00:00,Defensive Midfield,Midfield,,188.0,,,https://img.a.transfermarkt.technology/portrait/header/default.jpg?lm=1,,,,https://www.transfermarkt.co.uk/andy-robinson/profil/spieler/226974,GB1,Southampton FC,,
226975,Omar,Rowe,Omar Rowe,2013,180,omar-rowe,England,London  ,England,1994-10-30 00:00:00,Left Winger,Attack,left,172.0,,,https://img.a.transfermarkt.technology/portrait/header/default.jpg?lm=1,,,,https://www.transfermarkt.co.uk/omar-rowe/profil/spieler/226975,GB1,Southampton FC,50000.0,50000.0
226977,Jake,Sinclair,Jake Sinclair,2013,180,jake-sinclair,England,Bath  ,England,1994-11-29 00:00:00,Right Winger,Attack,right,172.0,,,https://img.a.transfermarkt.technology/portrait/header/default.jpg?lm=1,,,,https://www.transfermarkt.co.uk/jake-sinclair/profil/spieler/226977,GB1,Southampton FC,50000.0,50000.0
227183,Sam,Gallagher,Sam Gallagher,2018,180,sam-gallagher,England,Crediton  ,England,1995-09-15 00:00:00,Centre-Forward,Attack,right,193.0,2024-06-30 00:00:00,,https://img.a.transfermarkt.technology/portrait/header/227183-1475755155.jpg?lm=1,,,,https://www.transfermarkt.co.uk/sam-gallagher/profil/spieler/227183,GB1,Southampton FC,2800000.0,3500000.0
227185,Jason,McCarthy,Jason McCarthy,2015,180,jason-mccarthy,England,Southampton  ,England,1995-11-07 00:00:00,Right-Back,Defender,right,186.0,2024-06-30 00:00:00,Unique Sports Group,https://img.a.transfermarkt.technology/portrait/header/227185-1423832583.jpg?lm=1,,,,https://www.transfermarkt.co.uk/jason-mccarthy/profil/spieler/227185,GB1,Southampton FC,350000.0,500000.0
229826,Elliot,Lee,Elliot Lee,2015,379,elliot-lee,England,Durham  ,England,1994-12-16 00:00:00,Attacking Midfield,Midfield,right,180.0,2025-06-30 00:00:00,FullNinety,https://img.a.transfermarkt.technology/portrait/header/229826-1612341802.jpg?lm=1,,,,https://www.transfermarkt.co.uk/elliot-lee/profil/spieler/229826,GB1,West Ham United,600000.0,900000.0
232964,Emiliano,Marcondes,Emiliano Marcondes,2023,989,emiliano-marcondes,Denmark,Hvidovre  ,Denmark,1995-03-09 00:00:00,Attacking Midfield,Midfield,right,182.0,,Nordic Sky,https://img.a.transfermarkt.technology/portrait/header/232964-1700737815.jpg?lm=1,,,,https://www.transfermarkt.co.uk/emiliano-marcondes/profil/spieler/232964,GB1,AFC Bournemouth,1500000.0,2800000.0
233124,Kortney,Hause,Kortney Hause,2024,405,kortney-hause,England,Redbridge  ,England,1995-07-16 00:00:00,Centre-Back,Defender,left,191.0,,PowerHause SG,https://img.a.transfermarkt.technology/portrait/header/233124-1700671308.jpg?lm=1,10.0,0.0,,https://www.transfermarkt.co.uk/kortney-hause/profil/spieler/233124,GB1,Aston Villa,800000.0,8000000.0
233998,Freddie,Ladapo,Freddie Ladapo,2017,873,freddie-ladapo,England,Romford  ,England,1993-02-01 00:00:00,Centre-Forward,Attack,right,183.0,2025-06-30 00:00:00,Full Contact,https://img.a.transfermarkt.technology/portrait/header/233998-1649405433.jpg?lm=1,,,,https://www.transfermarkt.co.uk/freddie-ladapo/profil/spieler/233998,GB1,Crystal Palace,650000.0,650000.0
234803,Andrew,Robertson,Andrew Robertson,2025,31,andrew-robertson,Scotland,Glasgow  ,Scotland,1994-03-11 00:00:00,Left-Back,Defender,left,178.0,2030-06-30 00:00:00,Gersh,https://img.a.transfermarkt.technology/portrait/header/234803-1709147379.jpg?lm=1,97.0,4.0,,https://www.transfermarkt.co.uk/andrew-robertson/profil/spieler/234803,GB1,Liverpool FC,7000000.0,80000000.0
236490,Ola,Aina,Ola Aina,2025,703,ola-aina,England,London  ,Nigeria,1996-10-08 00:00:00,Right-Back,Defender,right,184.0,2028-06-30 00:00:00,,https://img.a.transfermarkt.technology/portrait/header/236490-1707383919.jpg?lm=1,48.0,0.0,,https://www.transfermarkt.co.uk/ola-aina/profil/spieler/236490,GB1,Nottingham Forest,18000000.0,22000000.0
236509,Connor,Ogilvie,Connor Ogilvie,2013,148,connor-ogilvie,England,Waltham Abbey  ,England,1996-02-14 00:00:00,Left-Back,Defender,left,184.0,2024-06-30 00:00:00,Panthera Sports,https://img.a.transfermarkt.technology/portrait/header/s_236509_6928_2013_04_24_1.jpg?lm=1,,,,https://www.transfermarkt.co.uk/connor-ogilvie/profil/spieler/236509,GB1,Tottenham Hotspur,400000.0,400000.0
236953,Sam,Byram,Sam Byram,2025,399,sam-byram,England,Thurrock  ,England,1993-09-16 00:00:00,Left-Back,Defender,right,183.0,2026-06-30 00:00:00,InterLex Sport,https://img.a.transfermarkt.technology/portrait/header/236953-1724940024.jpg?lm=1,0.0,0.0,,https://www.transfermarkt.co.uk/sam-byram/profil/spieler/236953,GB1,Leeds United,400000.0,4500000.0
238223,,Ederson,Ederson,2025,281,ederson,Brazil,Osasco  ,Brazil,1993-08-17 00:00:00,Goalkeeper,Goalkeeper,left,188.0,2028-06-30 00:00:00,Gestifute,https://img.a.transfermarkt.technology/portrait/header/238223-1765380595.jpg?lm=1,32.0,0.0,,https://www.transfermarkt.co.uk/ederson/profil/spieler/238223,GB1,Manchester City,10000000.0,70000000.0
238988,Leandro,Rodríguez,Leandro Rodríguez,2016,29,leandro-rodriguez,Uruguay,Montevideo  ,Uruguay,1992-11-19 00:00:00,Centre-Forward,Attack,right,179.0,2023-06-30 00:00:00,,https://img.a.transfermarkt.technology/portrait/header/238988-1458228457.jpg?lm=1,,,,https://www.transfermarkt.co.uk/leandro-rodriguez/profil/spieler/238988,GB1,Everton FC,75000.0,1500000.0
239949,Jamal,Lowe,Jamal Lowe,2023,989,jamal-lowe,England,London  ,Jamaica,1994-07-21 00:00:00,Centre-Forward,Attack,right,183.0,,Cassius Sports,https://img.a.transfermarkt.technology/portrait/header/239949-1596803924.jpg?lm=1,,,,https://www.transfermarkt.co.uk/jamal-lowe/profil/spieler/239949,GB1,AFC Bournemouth,1500000.0,2000000.0
240083,George,Byers,George Byers,2017,2288,george-byers,England,Ilford  ,Scotland,1996-05-29 00:00:00,Central Midfield,Midfield,right,180.0,2023-06-30 00:00:00,Two Touch Agency,https://img.a.transfermarkt.technology/portrait/header/240083-1551181266.jpg?lm=1,,,,https://www.transfermarkt.co.uk/george-byers/profil/spieler/240083,GB1,Swansea City,400000.0,2000000.0
240306,Bruno,Fernandes,Bruno Fernandes,2025,985,bruno-fernandes,Portugal,Maia  ,Portugal,1994-09-08 00:00:00,Attacking Midfield,Midfield,right,183.0,2027-06-30 00:00:00,AS1,https://img.a.transfermarkt.technology/portrait/header/240306-1683882766.jpg?lm=1,94.0,29.0,,https://www.transfermarkt.co.uk/bruno-fernandes/profil/spieler/240306,GB1,Manchester United,35000000.0,90000000.0
240692,Reinildo,Mandava,Reinildo Mandava,2025,289,reinildo-mandava,Mozambique,Beira  ,Mozambique,1994-01-21 00:00:00,Left-Back,Defender,left,180.0,2027-06-30 00:00:00,,https://img.a.transfermarkt.technology/portrait/header/240692-1666818500.jpg?lm=1,48.0,2.0,,https://www.transfermarkt.co.uk/reinildo-mandava/profil/spieler/240692,GB1,Sunderland AFC,4000000.0,25000000.0
241641,Bernardo,Silva,Bernardo Silva,2025,281,bernardo-silva,Portugal,Lisboa  ,Portugal,1994-08-10 00:00:00,Attacking Midfield,Midfield,left,173.0,2028-06-30 00:00:00,Gestifute,https://img.a.transfermarkt.technology/portrait/header/241641-1684311533.jpg?lm=1,113.0,14.0,,https://www.transfermarkt.co.uk/bernardo-silva/profil/spieler/241641,GB1,Manchester City,22000000.0,100000000.0
241916,Brian,Lenihan,Brian Lenihan,2016,3008,brian-lenihan,,,Ireland,1994-06-08 00:00:00,Right-Back,Defender,right,187.0,,,https://img.a.transfermarkt.technology/portrait/header/default.jpg?lm=1,,,,https://www.transfermarkt.co.uk/brian-lenihan/profil/spieler/241916,GB1,Hull City,100000.0,100000.0
242412,Gethin,Jones,Gethin Jones,2014,29,gethin-jones,Australia,Perth  ,Wales,1995-10-13 00:00:00,Right-Back,Defender,right,,2024-06-01 00:00:00,FullNinety,https://img.a.transfermarkt.technology/portrait/header/242412-1660232413.jpg?lm=1,,,,https://www.transfermarkt.co.uk/gethin-jones/profil/spieler/242412,GB1,Everton FC,450000.0,450000.0
242416,Mason,Springthorpe,Mason Springthorpe,2013,29,mason-springthorpe,England,Shrewsbury  ,England,1994-11-01 00:00:00,Goalkeeper,Goalkeeper,,191.0,,,https://img.a.transfermarkt.technology/portrait/header/default.jpg?lm=1,,,,https://www.transfermarkt.co.uk/mason-springthorpe/profil/spieler/242416,GB1,Everton FC,,
242417,George,Waring,George Waring,2015,512,george-waring,England,Chester  ,England,1994-12-02 00:00:00,Centre-Forward,Attack,right,196.0,,,https://img.a.transfermarkt.technology/portrait/header/default.jpg?lm=1,,,,https://www.transfermarkt.co.uk/george-waring/profil/spieler/242417,GB1,Stoke City,250000.0,250000.0
242434,Courtney,Duffus,Courtney Duffus,2014,29,courtney-duffus,England,Cheltenham  ,Ireland,1995-10-24 00:00:00,Centre-Forward,Attack,right,188.0,2023-06-30 00:00:00,,https://img.a.transfermarkt.technology/portrait/header/default.jpg?lm=1,,,,https://www.transfermarkt.co.uk/courtney-duffus/profil/spieler/242434,GB1,Everton FC,100000.0,150000.0
242603,Jordan,Brown,Jordan Brown,2015,379,jordan-brown,England,London  ,Barbados,1996-11-10 00:00:00,Centre-Forward,Attack,right,185.0,,,https://img.a.transfermarkt.technology/portrait/header/242603-1558122259.jpg?lm=1,,,,https://www.transfermarkt.co.uk/jordan-brown/profil/spieler/242603,GB1,West Ham United,25000.0,150000.0
242606,Josh,Cullen,Josh Cullen,2025,1132,josh-cullen,England,Westcliff-on-Sea  ,Ireland,1996-04-07 00:00:00,Central Midfield,Midfield,right,175.0,2027-06-30 00:00:00,CAA Stellar,https://img.a.transfermarkt.technology/portrait/header/242606-1774468976.jpg?lm=1,47.0,0.0,,https://www.transfermarkt.co.uk/josh-cullen/profil/spieler/242606,GB1,Burnley FC,4000000.0,13000000.0
242631,Alex,Iwobi,Alex Iwobi,2025,931,alex-iwobi,Nigeria,Lagos  ,Nigeria,1996-05-03 00:00:00,Left Winger,Attack,right,183.0,2028-06-30 00:00:00,,https://img.a.transfermarkt.technology/portrait/header/242631-1679652866.jpg?lm=1,100.0,10.0,,https://www.transfermarkt.co.uk/alex-iwobi/profil/spieler/242631,GB1,Fulham FC,20000000.0,32000000.0
242644,Moses,Makasi,Moses Makasi,2018,379,moses-makasi,England,London  ,England,1995-09-22 00:00:00,Central Midfield,Midfield,left,180.0,,,https://img.a.transfermarkt.technology/portrait/header/default.jpg?lm=1,,,,https://www.transfermarkt.co.uk/moses-makasi/profil/spieler/242644,GB1,West Ham United,200000.0,200000.0
242646,Nathan,Mavila,Nathan Mavila,2015,379,nathan-mavila,England,London  ,England,1995-10-15 00:00:00,Left-Back,Defender,left,175.0,2024-06-30 00:00:00,,https://img.a.transfermarkt.technology/portrait/header/242646-1655055078.png?lm=1,,,,https://www.transfermarkt.co.uk/nathan-mavila/profil/spieler/242646,GB1,West Ham United,150000.0,175000.0
242648,Amos,Nasha,Amos Nasha,2015,379,amos-nasha,England,London  ,England,1995-09-04 00:00:00,Defensive Midfield,Midfield,,,,,https://img.a.transfermarkt.technology/portrait/header/default.jpg?lm=1,,,,https://www.transfermarkt.co.uk/amos-nasha/profil/spieler/242648,GB1,West Ham United,,
242652,Lewis,Page,Lewis Page,2016,379,lewis-page,England,London  ,England,1996-05-20 00:00:00,Left-Back,Defender,left,178.0,2023-06-30 00:00:00,Unique Sports Group,https://img.a.transfermarkt.technology/portrait/header/default.jpg?lm=1,,,,https://www.transfermarkt.co.uk/lewis-page/profil/spieler/242652,GB1,West Ham United,125000.0,125000.0
242681,Josh,Vickers,Josh Vickers,2015,2288,josh-vickers,England,Brentwood  ,England,1995-12-01 00:00:00,Goalkeeper,Goalkeeper,,193.0,2023-06-30 00:00:00,,https://img.a.transfermarkt.technology/portrait/header/242681-1649405323.jpg?lm=1,,,,https://www.transfermarkt.co.uk/josh-vickers/profil/spieler/242681,GB1,Swansea City,300000.0,400000.0
243589,Josh,Onomah,Josh Onomah,2022,931,josh-onomah,England,London  ,England,1997-04-27 00:00:00,Central Midfield,Midfield,right,185.0,,,https://img.a.transfermarkt.technology/portrait/header/243589-1651652719.jpg?lm=1,,,,https://www.transfermarkt.co.uk/josh-onomah/profil/spieler/243589,GB1,Fulham FC,1200000.0,6000000.0
243591,Lawrence,Vigouroux,Lawrence Vigouroux,2025,2288,lawrence-vigouroux,England,London  ,Chile,1993-11-19 00:00:00,Goalkeeper,Goalkeeper,left,194.0,2028-06-30 00:00:00,,https://img.a.transfermarkt.technology/portrait/header/243591-1724941751.jpg?lm=1,9.0,0.0,3700.0,https://www.transfermarkt.co.uk/lawrence-vigouroux/profil/spieler/243591,GB1,Swansea City,450000.0,500000.0
243610,Jonathan,Henly,Jonathan Henly,2012,1032,jonathan-henly,England,Woking  ,Scotland,1994-03-15 00:00:00,Goalkeeper,Goalkeeper,,193.0,,,https://img.a.transfermarkt.technology/portrait/header/default.jpg?lm=1,,,,https://www.transfermarkt.co.uk/jonathan-henly/profil/spieler/243610,GB1,Reading FC,,
243690,Jerell,Sellars,Jerell Sellars,2015,405,jerell-sellars,England,Lincoln  ,England,1995-12-11 00:00:00,Left Midfield,Midfield,left,173.0,2023-06-30 00:00:00,,https://img.a.transfermarkt.technology/portrait/header/243690-1548498327.jpg?lm=1,,,,https://www.transfermarkt.co.uk/jerell-sellars/profil/spieler/243690,GB1,Aston Villa,150000.0,200000.0
244040,Lloyd,Jones,Lloyd Jones,2012,31,lloyd-jones,England,Plymouth  ,England,1995-10-07 00:00:00,Centre-Back,Defender,right,191.0,2025-06-30 00:00:00,,https://img.a.transfermarkt.technology/portrait/header/s_244040_9252_2012_1.jpg?lm=1,,,,https://www.transfermarkt.co.uk/lloyd-jones/profil/spieler/244040,GB1,Liverpool FC,300000.0,300000.0
244125,Hiram,Boateng,Hiram Boateng,2016,873,hiram-boateng,England,London  ,England,1996-01-08 00:00:00,Central Midfield,Midfield,left,182.0,2024-06-30 00:00:00,Unique Sports Group,https://img.a.transfermarkt.technology/portrait/header/244125-1469710128.jpg?lm=1,,,,https://www.transfermarkt.co.uk/hiram-boateng/profil/spieler/244125,GB1,Crystal Palace,250000.0,500000.0
244140,Quade,Taylor,Quade Taylor,2013,873,quade-taylor,England,Tooting  ,England,1993-12-11 00:00:00,Centre-Back,Defender,right,191.0,,,https://img.a.transfermarkt.technology/portrait/header/default.jpg?lm=1,,,,https://www.transfermarkt.co.uk/quade-taylor/profil/spieler/244140,GB1,Crystal Palace,,
244290,Jake,Gray,Jake Gray,2015,873,jake-gray,England,Aylesbury  ,England,1995-12-25 00:00:00,Central Midfield,Midfield,,180.0,2023-06-30 00:00:00,,https://img.a.transfermarkt.technology/portrait/header/default.jpg?lm=1,,,,https://www.transfermarkt.co.uk/jake-gray/profil/spieler/244290,GB1,Crystal Palace,100000.0,100000.0
244309,Luke,Croll,Luke Croll,2016,873,luke-croll,England,London  ,England,1995-01-10 00:00:00,Centre-Back,Defender,left,185.0,2023-11-30 00:00:00,Footfeel ISM,https://img.a.transfermarkt.technology/portrait/header/default.jpg?lm=1,,,,https://www.transfermarkt.co.uk/luke-croll/profil/spieler/244309,GB1,Crystal Palace,10000.0,10000.0
244338,Pelly Ruddock,Mpanzu,Pelly Ruddock Mpanzu,2023,1031,pelly-ruddock-mpanzu,England,London  ,DR Congo,1994-03-22 00:00:00,Defensive Midfield,Midfield,right,175.0,2025-06-30 00:00:00,Reign Star,https://img.a.transfermarkt.technology/portrait/header/244338-1651652676.jpg?lm=1,,,,https://www.transfermarkt.co.uk/pelly-ruddock-mpanzu/profil/spieler/244338,GB1,Luton Town,1500000.0,1800000.0
245056,Saša,Lukić,Saša Lukić,2025,931,sasa-lukic,Yugoslavia (Republic),Šabac  ,Serbia,1996-08-13 00:00:00,Central Midfield,Midfield,right,182.0,2027-06-30 00:00:00,AC Talent,https://img.a.transfermarkt.technology/portrait/header/245056-1746645290.jpg?lm=1,62.0,2.0,,https://www.transfermarkt.co.uk/sasa-lukic/profil/spieler/245056,GB1,Fulham FC,10000000.0,15000000.0
245334,Jerome,Binnom-Williams,Jerome Binnom-Williams,2015,873,jerome-binnom-williams,England,London  ,England,1995-03-07 00:00:00,Left-Back,Defender,left,187.0,2023-06-30 00:00:00,,https://img.a.transfermarkt.technology/portrait/header/default.jpg?lm=1,,,,https://www.transfermarkt.co.uk/jerome-binnom-williams/profil/spieler/245334,GB1,Crystal Palace,100000.0,100000.0
245585,Reece,James,Reece James,2014,985,reece-james,England,Bacup  ,England,1993-11-07 00:00:00,Left-Back,Defender,left,182.0,2023-05-31 00:00:00,GS Magna,https://img.a.transfermarkt.technology/portrait/header/245585-1447774602.jpg?lm=1,,,,https://www.transfermarkt.co.uk/reece-james/profil/spieler/245585,GB1,Manchester United,400000.0,750000.0
245625,Alex,Palmer,Alex Palmer,2024,677,alex-palmer,England,Kidderminster  ,England,1996-08-10 00:00:00,Goalkeeper,Goalkeeper,right,191.0,2028-06-30 00:00:00,,https://img.a.transfermarkt.technology/portrait/header/245625-1632908899.jpg?lm=1,4.0,0.0,,https://www.transfermarkt.co.uk/alex-palmer/profil/spieler/245625,GB1,Ipswich Town,900000.0,900000.0
245805,Izzy,Brown,Izzy Brown,2020,631,izzy-brown,England,Peterborough  ,England,1997-01-07 00:00:00,Second Striker,Attack,right,182.0,,,https://img.a.transfermarkt.technology/portrait/header/245805-1411139008.jpg?lm=1,,,,https://www.transfermarkt.co.uk/izzy-brown/profil/spieler/245805,GB1,Chelsea FC,800000.0,5000000.0
246963,Carlton,Morris,Carlton Morris,2023,1031,carlton-morris,England,Cambridge  ,England,1995-12-16 00:00:00,Centre-Forward,Attack,right,185.0,,CAA Stellar,https://img.a.transfermarkt.technology/portrait/header/246963-1678973609.jpg?lm=1,,,,https://www.transfermarkt.co.uk/carlton-morris/profil/spieler/246963,GB1,Luton Town,13000000.0,13000000.0
247647,Ryan,Seager,Ryan Seager,2015,180,ryan-seager,England,Yeovil  ,England,1996-02-05 00:00:00,Centre-Forward,Attack,right,176.0,2023-06-30 00:00:00,ELITE SPORTS KSE LTD,https://img.a.transfermarkt.technology/portrait/header/default.jpg?lm=1,,,,https://www.transfermarkt.co.uk/ryan-seager/profil/spieler/247647,GB1,Southampton FC,100000.0,100000.0
247666,Ricardo,Santos,Ricardo Santos,2025,2288,ricardo-santos,Portugal,Almada  ,Cape Verde,1995-06-18 00:00:00,Centre-Back,Defender,right,198.0,2027-06-30 00:00:00,Two Touch Agency,https://img.a.transfermarkt.technology/portrait/header/247666-1643292691.jpg?lm=1,1.0,0.0,4311.0,https://www.transfermarkt.co.uk/ricardo-santos/profil/spieler/247666,GB1,Swansea City,,
248045,Duncan,Watmore,Duncan Watmore,2016,289,duncan-watmore,England,Manchester  ,England,1994-03-08 00:00:00,Right Winger,Attack,right,175.0,,Quantum Sport,https://img.a.transfermarkt.technology/portrait/header/248045-1452001747.jpg?lm=1,,,,https://www.transfermarkt.co.uk/duncan-watmore/profil/spieler/248045,GB1,Sunderland AFC,1000000.0,3000000.0
249089,Lewis,Cook,Lewis Cook,2025,989,lewis-cook,England,York  ,England,1997-02-03 00:00:00,Central Midfield,Midfield,right,175.0,2028-06-30 00:00:00,CAA Stellar,https://img.a.transfermarkt.technology/portrait/header/249089-1700671190.jpg?lm=1,1.0,0.0,,https://www.transfermarkt.co.uk/lewis-cook/profil/spieler/249089,GB1,AFC Bournemouth,11000000.0,20000000.0
249126,Harry,Winks,Harry Winks,2024,1003,harry-winks,England,Hemel Hempstead  ,England,1996-02-02 00:00:00,Defensive Midfield,Midfield,right,178.0,2026-06-30 00:00:00,CAA Stellar,https://img.a.transfermarkt.technology/portrait/header/249126-1663679564.jpg?lm=1,10.0,1.0,,https://www.transfermarkt.co.uk/harry-winks/profil/spieler/249126,GB1,Leicester City,7000000.0,40000000.0
249356,Jack,Stacey,Jack Stacey,2022,989,jack-stacey,England,Ascot  ,England,1996-04-06 00:00:00,Right-Back,Defender,right,180.0,2026-06-30 00:00:00,Unique Sports Group,https://img.a.transfermarkt.technology/portrait/header/249356-1562584090.jpg?lm=1,,,,https://www.transfermarkt.co.uk/jack-stacey/profil/spieler/249356,GB1,AFC Bournemouth,2200000.0,4000000.0
249565,Youri,Tielemans,Youri Tielemans,2025,405,youri-tielemans,Belgium,Sint-Pieters-Leeuw  ,Belgium,1997-05-07 00:00:00,Central Midfield,Midfield,right,176.0,2028-06-30 00:00:00,Claes Agency,https://img.a.transfermarkt.technology/portrait/header/249565-1716886438.jpg?lm=1,90.0,15.0,,https://www.transfermarkt.co.uk/youri-tielemans/profil/spieler/249565,GB1,Aston Villa,30000000.0,55000000.0
249873,Tariqe,Fosu,Tariqe Fosu,2022,1148,tariqe-fosu,England,London  ,Ghana,1995-11-05 00:00:00,Left Winger,Attack,right,180.0,,,https://img.a.transfermarkt.technology/portrait/header/249873-1556522688.jpg?lm=1,,,,https://www.transfermarkt.co.uk/tariqe-fosu/profil/spieler/249873,GB1,Brentford FC,1500000.0,2500000.0
249994,José,Sá,José Sá,2025,543,jose-sa,Portugal,Braga  ,Portugal,1993-01-17 00:00:00,Goalkeeper,Goalkeeper,right,192.0,2027-06-30 00:00:00,Gestifute,https://img.a.transfermarkt.technology/portrait/header/249994-1696600015.jpg?lm=1,5.0,0.0,,https://www.transfermarkt.co.uk/jose-sa/profil/spieler/249994,GB1,Wolverhampton Wanderers,3500000.0,18000000.0
250426,Adam,Armstrong,Adam Armstrong,2025,543,adam-armstrong,England,West Denton  ,England,1997-02-10 00:00:00,Centre-Forward,Attack,right,173.0,2029-06-30 00:00:00,CAA Stellar,https://img.a.transfermarkt.technology/portrait/header/250426-1708002412.jpg?lm=1,5.0,1.0,,https://www.transfermarkt.co.uk/adam-armstrong/profil/spieler/250426,GB1,Wolverhampton Wanderers,6000000.0,18000000.0
250431,Jamie,Sterry,Jamie Sterry,2019,762,jamie-sterry,England,Newcastle  ,England,1995-11-21 00:00:00,Right-Back,Defender,right,180.0,2023-06-30 00:00:00,,https://img.a.transfermarkt.technology/portrait/header/default.jpg?lm=1,,,,https://www.transfermarkt.co.uk/jamie-sterry/profil/spieler/250431,GB1,Newcastle United,125000.0,125000.0
250478,Matt,Targett,Matt Targett,2025,762,matt-targett,England,Eastleigh  ,England,1995-09-18 00:00:00,Left-Back,Defender,left,183.0,,Straight Ace Sports,https://img.a.transfermarkt.technology/portrait/header/250478-1772541862.jpg?lm=1,13.0,0.0,,https://www.transfermarkt.co.uk/matt-targett/profil/spieler/250478,GB1,Newcastle United,3000000.0,17000000.0
251058,James,Weir,James Weir,2016,3008,james-weir,England,Preston  ,England,1995-08-04 00:00:00,Central Midfield,Midfield,right,177.0,,,https://img.a.transfermarkt.technology/portrait/header/251058-1614151206.png?lm=1,,,,https://www.transfermarkt.co.uk/james-weir/profil/spieler/251058,GB1,Hull City,150000.0,500000.0
251106,Enes,Ünal,Enes Ünal,2025,989,enes-unal,Türkiye,Bursa  ,Türkiye,1997-05-10 00:00:00,Centre-Forward,Attack,right,187.0,2028-06-30 00:00:00,FutureBall,https://img.a.transfermarkt.technology/portrait/header/251106-1669365680.jpg?lm=1,34.0,3.0,,https://www.transfermarkt.co.uk/enes-unal/profil/spieler/251106,GB1,AFC Bournemouth,7000000.0,25000000.0
251289,Jordan,Lyden,Jordan Lyden,2015,405,jordan-lyden,Australia,Perth  ,Australia,1996-01-30 00:00:00,Defensive Midfield,Midfield,right,183.0,2023-06-30 00:00:00,,https://img.a.transfermarkt.technology/portrait/header/251289-1463472643.jpg?lm=1,,,,https://www.transfermarkt.co.uk/jordan-lyden/profil/spieler/251289,GB1,Aston Villa,175000.0,500000.0
251829,Shaq,Coulthirst,Shaq Coulthirst,2013,148,shaq-coulthirst,England,London  ,England,1994-11-02 00:00:00,Centre-Forward,Attack,right,180.0,2024-06-30 00:00:00,,https://img.a.transfermarkt.technology/portrait/header/default.jpg?lm=1,,,,https://www.transfermarkt.co.uk/shaq-coulthirst/profil/spieler/251829,GB1,Tottenham Hotspur,100000.0,100000.0
251912,Semi,Ajayi,Semi Ajayi,2025,3008,semi-ajayi,England,London  ,Nigeria,1993-11-09 00:00:00,Centre-Back,Defender,right,193.0,2027-06-30 00:00:00,THE·TEAM,https://img.a.transfermarkt.technology/portrait/header/251912-1707384080.jpg?lm=1,56.0,2.0,3444.0,https://www.transfermarkt.co.uk/semi-ajayi/profil/spieler/251912,GB1,Hull City,700000.0,6000000.0
253677,Tyrone,Mings,Tyrone Mings,2025,405,tyrone-mings,England,Bath  ,England,1993-03-13 00:00:00,Centre-Back,Defender,left,196.0,2027-06-30 00:00:00,THE·TEAM,https://img.a.transfermarkt.technology/portrait/header/253677-1746644991.jpg?lm=1,18.0,2.0,,https://www.transfermarkt.co.uk/tyrone-mings/profil/spieler/253677,GB1,Aston Villa,3000000.0,32000000.0
255703,Harry,Cornick,Harry Cornick,2016,989,harry-cornick,England,Poole  ,England,1995-04-09 00:00:00,Centre-Forward,Attack,,180.0,2026-06-30 00:00:00,Volenti,https://img.a.transfermarkt.technology/portrait/header/255703-1651652473.jpg?lm=1,,,,https://www.transfermarkt.co.uk/harry-cornick/profil/spieler/255703,GB1,AFC Bournemouth,1200000.0,1200000.0
255731,Wes,Burns,Wes Burns,2024,677,wes-burns,Wales,Cardiff  ,Wales,1994-11-23 00:00:00,Right Midfield,Midfield,right,173.0,2026-06-30 00:00:00,CAA Stellar,https://img.a.transfermarkt.technology/portrait/header/255731-1664179868.jpg?lm=1,10.0,0.0,,https://www.transfermarkt.co.uk/wes-burns/profil/spieler/255731,GB1,Ipswich Town,1200000.0,1200000.0
255788,Cameron,Burgess,Cameron Burgess,2025,2288,cameron-burgess,Scotland,Aberdeen  ,Australia,1995-10-21 00:00:00,Centre-Back,Defender,left,194.0,2028-06-30 00:00:00,Murdock Sports Group,https://img.a.transfermarkt.technology/portrait/header/255788-1664180001.jpg?lm=1,29.0,0.0,3433.0,https://www.transfermarkt.co.uk/cameron-burgess/profil/spieler/255788,GB1,Swansea City,1500000.0,2500000.0
256178,Joe,Gomez,Joe Gomez,2025,31,joe-gomez,England,London  ,England,1997-05-23 00:00:00,Centre-Back,Defender,right,188.0,2027-06-30 00:00:00,THE·TEAM,https://img.a.transfermarkt.technology/portrait/header/256178-1746645094.jpg?lm=1,15.0,0.0,,https://www.transfermarkt.co.uk/joe-gomez/profil/spieler/256178,GB1,Liverpool FC,13000000.0,42000000.0
256652,Adnan,Maric,Adnan Maric,2017,2288,adnan-maric,Sweden,Göteborg  ,Sweden,1997-02-17 00:00:00,Defensive Midfield,Midfield,,181.0,2025-12-31 00:00:00,Simul Management,https://img.a.transfermarkt.technology/portrait/header/default.jpg?lm=1,,,,https://www.transfermarkt.co.uk/adnan-maric/profil/spieler/256652,GB1,Swansea City,225000.0,250000.0
257293,Jonny,Maddison,Jonny Maddison,2015,1003,jonny-maddison,England,Chester-le-Street  ,England,1994-09-04 00:00:00,Goalkeeper,Goalkeeper,,183.0,,,https://img.a.transfermarkt.technology/portrait/header/default.jpg?lm=1,,,,https://www.transfermarkt.co.uk/jonny-maddison/profil/spieler/257293,GB1,Leicester City,50000.0,50000.0
257455,João,Palhinha,João Palhinha,2025,148,joao-palhinha,Portugal,Lisboa  ,Portugal,1995-07-09 00:00:00,Defensive Midfield,Midfield,right,190.0,2028-06-30 00:00:00,Gonçalo Palhinha,https://img.a.transfermarkt.technology/portrait/header/257455-1684773447.jpg?lm=1,37.0,2.0,,https://www.transfermarkt.co.uk/joao-palhinha/profil/spieler/257455,GB1,Tottenham Hotspur,15000000.0,60000000.0
257533,Greg,Olley,Greg Olley,2016,3008,greg-olley,England,Durham  ,England,1996-02-02 00:00:00,Attacking Midfield,Midfield,right,177.0,2024-06-30 00:00:00,Quantum Sport,https://img.a.transfermarkt.technology/portrait/header/default.jpg?lm=1,,,,https://www.transfermarkt.co.uk/greg-olley/profil/spieler/257533,GB1,Hull City,,
257534,Emmanuel,Onariase,Emmanuel Onariase,2014,379,emmanuel-onariase,England,London  ,England,1996-10-21 00:00:00,Centre-Back,Defender,right,188.0,2024-06-30 00:00:00,,https://img.a.transfermarkt.technology/portrait/header/default.jpg?lm=1,,,,https://www.transfermarkt.co.uk/emmanuel-onariase/profil/spieler/257534,GB1,West Ham United,50000.0,50000.0
257968,Tommy,Robson,Tommy Robson,2016,289,tommy-robson,England,Stanley  ,England,1995-09-11 00:00:00,Left-Back,Defender,left,178.0,2024-05-31 00:00:00,Quantum Sport,https://img.a.transfermarkt.technology/portrait/header/default.jpg?lm=1,,,,https://www.transfermarkt.co.uk/tommy-robson/profil/spieler/257968,GB1,Sunderland AFC,250000.0,325000.0
258004,Rúben,Dias,Rúben Dias,2025,281,ruben-dias,Portugal,Amadora  ,Portugal,1997-05-14 00:00:00,Centre-Back,Defender,right,187.0,2029-06-30 00:00:00,Gestifute,https://img.a.transfermarkt.technology/portrait/header/258004-1684921271.jpg?lm=1,80.0,3.0,,https://www.transfermarkt.co.uk/ruben-dias/profil/spieler/258004,GB1,Manchester City,55000000.0,80000000.0
258023,Sam,Howes,Sam Howes,2015,379,sam-howes,England,London  ,England,1997-11-10 00:00:00,Goalkeeper,Goalkeeper,right,190.0,2023-06-30 00:00:00,,https://img.a.transfermarkt.technology/portrait/header/default.jpg?lm=1,,,,https://www.transfermarkt.co.uk/sam-howes/profil/spieler/258023,GB1,West Ham United,,
258216,Kasey,Palmer,Kasey Palmer,2025,1031,kasey-palmer,England,London  ,Jamaica,1996-11-09 00:00:00,Attacking Midfield,Midfield,right,182.0,2026-06-30 00:00:00,Unique Sports Group,https://img.a.transfermarkt.technology/portrait/header/258216-1684494199.jpg?lm=1,23.0,2.0,3671.0,https://www.transfermarkt.co.uk/kasey-palmer/profil/spieler/258216,GB1,Luton Town,900000.0,3000000.0
258310,Joel,Taylor,Joel Taylor,2016,512,joel-taylor,England,West Bromwich  ,England,1996-03-24 00:00:00,Left-Back,Defender,left,180.0,,Twelve,https://img.a.transfermarkt.technology/portrait/header/default.jpg?lm=1,,,,https://www.transfermarkt.co.uk/joel-taylor/profil/spieler/258310,GB1,Stoke City,,
258311,Sam,Westley,Sam Westley,2016,379,sam-westley,England,Luton  ,England,1994-02-04 00:00:00,Right-Back,Defender,right,182.0,,,https://img.a.transfermarkt.technology/portrait/header/default.jpg?lm=1,,,,https://www.transfermarkt.co.uk/sam-westley/profil/spieler/258311,GB1,West Ham United,50000.0,50000.0
258878,Tosin,Adarabioyo,Tosin Adarabioyo,2025,631,tosin-adarabioyo,England,London  ,England,1997-09-24 00:00:00,Centre-Back,Defender,right,197.0,2028-06-30 00:00:00,WNRS,https://img.a.transfermarkt.technology/portrait/header/258878-1646903871.jpg?lm=1,1.0,0.0,,https://www.transfermarkt.co.uk/tosin-adarabioyo/profil/spieler/258878,GB1,Chelsea FC,16000000.0,20000000.0
258884,Ryan,Ledson,Ryan Ledson,2014,29,ryan-ledson,England,Liverpool  ,England,1997-08-19 00:00:00,Central Midfield,Midfield,right,178.0,2025-06-30 00:00:00,GW Sports,https://img.a.transfermarkt.technology/portrait/header/258884-1551180820.jpg?lm=1,,,,https://www.transfermarkt.co.uk/ryan-ledson/profil/spieler/258884,GB1,Everton FC,1500000.0,2000000.0
258885,Max,Lowe,Max Lowe,2023,350,max-lowe,England,South Normanton  ,England,1997-05-11 00:00:00,Left-Back,Defender,left,175.0,,Wasserman,https://img.a.transfermarkt.technology/portrait/header/258885-1700672586.jpg?lm=1,,,,https://www.transfermarkt.co.uk/max-lowe/profil/spieler/258885,GB1,Sheffield United,2500000.0,3500000.0
258888,Kyle,Scott,Kyle Scott,2017,631,kyle-scott,England,Bath  ,United States,1997-12-22 00:00:00,Central Midfield,Midfield,right,172.0,2023-11-30 00:00:00,,https://img.a.transfermarkt.technology/portrait/header/258888-1669583753.jpg?lm=1,,,,https://www.transfermarkt.co.uk/kyle-scott/profil/spieler/258888,GB1,Chelsea FC,175000.0,175000.0
258889,Dominic,Solanke,Dominic Solanke,2025,148,dominic-solanke,England,Basingstoke  ,England,1997-09-14 00:00:00,Centre-Forward,Attack,right,186.0,2030-06-30 00:00:00,,https://img.a.transfermarkt.technology/portrait/header/258889-1708340487.jpg?lm=1,5.0,0.0,,https://www.transfermarkt.co.uk/dominic-solanke/profil/spieler/258889,GB1,Tottenham Hotspur,28000000.0,45000000.0
258919,Dean,Henderson,Dean Henderson,2025,873,dean-henderson,England,Whitehaven  ,England,1997-03-12 00:00:00,Goalkeeper,Goalkeeper,right,188.0,2028-06-30 00:00:00,Unique Sports Group,https://img.a.transfermarkt.technology/portrait/header/258919-1716297478.jpg?lm=1,5.0,0.0,,https://www.transfermarkt.co.uk/dean-henderson/profil/spieler/258919,GB1,Crystal Palace,28000000.0,28000000.0
258920,Ryan,Huddart,Ryan Huddart,2014,11,ryan-huddart,England,Margate  ,England,1997-03-06 00:00:00,Goalkeeper,Goalkeeper,,196.0,,,https://img.a.transfermarkt.technology/portrait/header/258920-1560190598.jpeg?lm=1,,,,https://www.transfermarkt.co.uk/ryan-huddart/profil/spieler/258920,GB1,Arsenal FC,,
259892,Charlie,Ward,Charlie Ward,2013,512,charlie-ward,England,Redditch  ,England,1995-02-19 00:00:00,Central Midfield,Midfield,,173.0,,,https://img.a.transfermarkt.technology/portrait/header/259892-1638634885.jpg?lm=1,,,,https://www.transfermarkt.co.uk/charlie-ward/profil/spieler/259892,GB1,Stoke City,225000.0,225000.0
260827,Joachim,Andersen,Joachim Andersen,2025,931,joachim-andersen,Denmark,Frederiksberg  ,Denmark,1996-05-31 00:00:00,Centre-Back,Defender,right,192.0,2029-06-30 00:00:00,SEG,https://img.a.transfermarkt.technology/portrait/header/260827-1668183482.jpg?lm=1,51.0,2.0,,https://www.transfermarkt.co.uk/joachim-andersen/profil/spieler/260827,GB1,Fulham FC,20000000.0,35000000.0
260841,Daniel,Iversen,Daniel Iversen,2024,1003,daniel-iversen,Denmark,Gørding  ,Denmark,1997-07-19 00:00:00,Goalkeeper,Goalkeeper,right,193.0,2029-06-30 00:00:00,Beswicks Sports Ltd,https://img.a.transfermarkt.technology/portrait/header/260841-1683029575.jpg?lm=1,0.0,0.0,,https://www.transfermarkt.co.uk/daniel-iversen/profil/spieler/260841,GB1,Leicester City,2500000.0,5000000.0
261357,Cameron,Brannagan,Cameron Brannagan,2015,31,cameron-brannagan,England,Manchester  ,England,1996-05-09 00:00:00,Central Midfield,Midfield,right,180.0,2023-06-30 00:00:00,,https://img.a.transfermarkt.technology/portrait/header/s_261357_6922_2012_1.jpg?lm=1,,,,https://www.transfermarkt.co.uk/cameron-brannagan/profil/spieler/261357,GB1,Liverpool FC,500000.0,500000.0
261367,Connor,Dymond,Connor Dymond,2015,873,connor-dymond,England,London  ,England,1994-09-12 00:00:00,Defensive Midfield,Midfield,right,,2023-06-30 00:00:00,,https://img.a.transfermarkt.technology/portrait/header/default.jpg?lm=1,,,,https://www.transfermarkt.co.uk/connor-dymond/profil/spieler/261367,GB1,Crystal Palace,,
261739,Tareiq,Holmes-Dennis,Tareiq Holmes-Dennis,2017,1110,tareiq-holmes-dennis,England,Farnborough  ,England,1995-10-31 00:00:00,Left-Back,Defender,left,175.0,,,https://img.a.transfermarkt.technology/portrait/header/default.jpg?lm=1,,,,https://www.transfermarkt.co.uk/tareiq-holmes-dennis/profil/spieler/261739,GB1,Huddersfield Town,250000.0,250000.0
262226,Timothy,Castagne,Timothy Castagne,2025,931,timothy-castagne,Belgium,Arlon  ,Belgium,1995-12-05 00:00:00,Right-Back,Defender,right,185.0,2027-06-30 00:00:00,SENERGIES BV,https://img.a.transfermarkt.technology/portrait/header/262226-1762354618.jpg?lm=1,69.0,2.0,,https://www.transfermarkt.co.uk/timothy-castagne/profil/spieler/262226,GB1,Fulham FC,8000000.0,28000000.0
262300,Ryan,Manning,Ryan Manning,2025,180,ryan-manning,Ireland,Galway  ,Ireland,1996-06-14 00:00:00,Left-Back,Defender,left,173.0,2027-06-30 00:00:00,THE·TEAM,https://img.a.transfermarkt.technology/portrait/header/262300-1720192030.jpg?lm=1,23.0,0.0,3509.0,https://www.transfermarkt.co.uk/ryan-manning/profil/spieler/262300,GB1,Southampton FC,2800000.0,3500000.0
262749,David,Raya,David Raya,2025,11,david-raya,Spain,Barcelona  ,Spain,1995-09-15 00:00:00,Goalkeeper,Goalkeeper,right,186.0,2028-06-30 00:00:00,FUTBOL21 AGENCY,https://img.a.transfermarkt.technology/portrait/header/262749-1780663789.jpg?lm=1,13.0,0.0,,https://www.transfermarkt.co.uk/david-raya/profil/spieler/262749,GB1,Arsenal FC,30000000.0,40000000.0
262895,Soufyan,Ahannach,Soufyan Ahannach,2019,1237,soufyan-ahannach,Netherlands,Amsterdam  ,Netherlands,1995-09-09 00:00:00,Left Winger,Attack,right,179.0,2023-06-30 00:00:00,Ahannach Sport,https://img.a.transfermarkt.technology/portrait/header/262895-1492674867.jpg?lm=1,,,,https://www.transfermarkt.co.uk/soufyan-ahannach/profil/spieler/262895,GB1,Brighton & Hove Albion,350000.0,500000.0
262980,Jefferson,Lerma,Jefferson Lerma,2025,873,jefferson-lerma,Colombia,Cerrito  ,Colombia,1994-10-25 00:00:00,Defensive Midfield,Midfield,right,180.0,2027-06-30 00:00:00,ABADSPORT,https://img.a.transfermarkt.technology/portrait/header/262980-1693334146.jpg?lm=1,70.0,5.0,,https://www.transfermarkt.co.uk/jefferson-lerma/profil/spieler/262980,GB1,Crystal Palace,6000000.0,25000000.0
263236,Kevin,Danso,Kevin Danso,2025,148,kevin-danso,Austria,Voitsberg  ,Austria,1998-09-19 00:00:00,Centre-Back,Defender,right,190.0,2030-06-30 00:00:00,HD Sports,https://img.a.transfermarkt.technology/portrait/header/263236-1691217955.png?lm=1,36.0,0.0,,https://www.transfermarkt.co.uk/kevin-danso/profil/spieler/263236,GB1,Tottenham Hotspur,20000000.0,25000000.0
263556,Joe,Maguire,Joe Maguire,2015,31,joe-maguire,England,Manchester  ,England,1996-01-18 00:00:00,Left-Back,Defender,left,179.0,,,https://img.a.transfermarkt.technology/portrait/header/s_263556_6922_2012_1.jpg?lm=1,,,,https://www.transfermarkt.co.uk/joe-maguire/profil/spieler/263556,GB1,Liverpool FC,100000.0,100000.0
264191,Harry,Charsley,Harry Charsley,2017,29,harry-charsley,England,Wirral  ,Ireland,1996-11-01 00:00:00,Central Midfield,Midfield,right,178.0,2024-06-30 00:00:00,CAA Stellar,https://img.a.transfermarkt.technology/portrait/header/default.jpg?lm=1,,,,https://www.transfermarkt.co.uk/harry-charsley/profil/spieler/264191,GB1,Everton FC,250000.0,250000.0
264199,Reece,Grego-Cox,Reece Grego-Cox,2014,1039,reece-grego-cox,England,London  ,Ireland,1996-11-12 00:00:00,Right Midfield,Midfield,right,178.0,2025-06-30 00:00:00,,https://img.a.transfermarkt.technology/portrait/header/default.jpg?lm=1,,,,https://www.transfermarkt.co.uk/reece-grego-cox/profil/spieler/264199,GB1,Queens Park Rangers,100000.0,100000.0
264220,Reece,Burke,Reece Burke,2023,1031,reece-burke,England,London  ,England,1996-09-02 00:00:00,Centre-Back,Defender,right,189.0,,CAA Stellar,https://img.a.transfermarkt.technology/portrait/header/264220-1700735651.jpg?lm=1,,,,https://www.transfermarkt.co.uk/reece-burke/profil/spieler/264220,GB1,Luton Town,1800000.0,3000000.0
264406,Calaum,Jahraldo-Martin,Calaum Jahraldo-Martin,2014,3008,calaum-jahraldo-martin,England,Hemel Hempstead  ,Antigua and Barbuda,1993-04-27 00:00:00,Right Winger,Attack,,175.0,,,https://img.a.transfermarkt.technology/portrait/header/default.jpg?lm=1,,,,https://www.transfermarkt.co.uk/calaum-jahraldo-martin/profil/spieler/264406,GB1,Hull City,100000.0,100000.0
265132,Kevin,Toner,Kevin Toner,2015,405,kevin-toner,Ireland,Ashbourne  ,Ireland,1996-07-18 00:00:00,Centre-Back,Defender,left,180.0,2024-06-30 00:00:00,FFP,https://img.a.transfermarkt.technology/portrait/header/default.jpg?lm=1,,,,https://www.transfermarkt.co.uk/kevin-toner/profil/spieler/265132,GB1,Aston Villa,150000.0,150000.0
265312,Liam,Agnew,Liam Agnew,2014,289,liam-agnew,England,Sunderland  ,England,1995-04-11 00:00:00,Central Midfield,Midfield,right,178.0,,Catalyst4 PSM,https://img.a.transfermarkt.technology/portrait/header/265312-1617128164.jpg?lm=1,,,,https://www.transfermarkt.co.uk/liam-agnew/profil/spieler/265312,GB1,Sunderland AFC,,
265471,Matt,Grimes,Matt Grimes,2017,2288,matt-grimes,England,Exeter  ,England,1995-07-15 00:00:00,Central Midfield,Midfield,left,178.0,2025-06-30 00:00:00,CAA Stellar,https://img.a.transfermarkt.technology/portrait/header/265471-1439814383.jpg?lm=1,,,,https://www.transfermarkt.co.uk/matt-grimes/profil/spieler/265471,GB1,Swansea City,7000000.0,7000000.0
268185,Joe,Williams,Joe Williams,2016,29,joe-williams,England,Liverpool  ,England,1996-12-08 00:00:00,Central Midfield,Midfield,right,185.0,2024-06-30 00:00:00,Wasserman,https://img.a.transfermarkt.technology/portrait/header/default.jpg?lm=1,,,,https://www.transfermarkt.co.uk/joe-williams/profil/spieler/268185,GB1,Everton FC,1200000.0,1200000.0
270171,Vitaly,Janelt,Vitaly Janelt,2025,1148,vitaly-janelt,Germany,Hamburg  ,Germany,1998-05-10 00:00:00,Defensive Midfield,Midfield,left,184.0,2030-06-30 00:00:00,THE·TEAM,https://img.a.transfermarkt.technology/portrait/header/270171-1649932358.jpg?lm=1,10.0,0.0,,https://www.transfermarkt.co.uk/vitaly-janelt/profil/spieler/270171,GB1,Brentford FC,16000000.0,22000000.0
272621,Sylvain,Deslandes,Sylvain Deslandes,2018,543,sylvain-deslandes,Cameroon,Kouoptamo  ,France,1997-04-25 00:00:00,Centre-Back,Defender,left,190.0,2023-06-30 00:00:00,Angela Rullo,https://img.a.transfermarkt.technology/portrait/header/272621-1655198632.png?lm=1,,,,https://www.transfermarkt.co.uk/sylvain-deslandes/profil/spieler/272621,GB1,Wolverhampton Wanderers,200000.0,300000.0
272622,Issa,Diop,Issa Diop,2025,931,issa-diop,France,Toulouse  ,Morocco,1997-01-09 00:00:00,Centre-Back,Defender,right,194.0,2027-06-30 00:00:00,,https://img.a.transfermarkt.technology/portrait/header/272622-1780316727.jpg?lm=1,9.0,1.0,,https://www.transfermarkt.co.uk/issa-diop/profil/spieler/272622,GB1,Fulham FC,8000000.0,35000000.0
273742,Viktor,Johansson,Viktor Johansson,2025,512,viktor-johansson,Sweden,Stockholm  ,Sweden,1998-09-14 00:00:00,Goalkeeper,Goalkeeper,right,187.0,2030-06-30 00:00:00,,https://img.a.transfermarkt.technology/portrait/header/273742-1649405701.jpg?lm=1,12.0,0.0,3557.0,https://www.transfermarkt.co.uk/viktor-johansson/profil/spieler/273742,GB1,Stoke City,12000000.0,12000000.0
273773,Jonathan,Benteke,Jonathan Benteke,2016,873,jonathan-benteke,Belgium,Liège  ,Belgium,1995-04-28 00:00:00,Centre-Forward,Attack,right,186.0,,,https://img.a.transfermarkt.technology/portrait/header/273773-1473414983.jpg?lm=1,,,,https://www.transfermarkt.co.uk/jonathan-benteke/profil/spieler/273773,GB1,Crystal Palace,75000.0,400000.0
277033,David,Brooks,David Brooks,2025,989,david-brooks,England,Warrington  ,Wales,1997-07-08 00:00:00,Right Winger,Attack,left,173.0,2029-06-30 00:00:00,Unique Sports Group,https://img.a.transfermarkt.technology/portrait/header/277033-1700650102.jpg?lm=1,45.0,7.0,,https://www.transfermarkt.co.uk/david-brooks/profil/spieler/277033,GB1,AFC Bournemouth,12000000.0,30000000.0
278092,Jack,Payne,Jack Payne,2018,1110,jack-payne,England,London  ,England,1994-10-25 00:00:00,Attacking Midfield,Midfield,left,165.0,2024-06-30 00:00:00,,https://img.a.transfermarkt.technology/portrait/header/default.jpg?lm=1,,,,https://www.transfermarkt.co.uk/jack-payne/profil/spieler/278092,GB1,Huddersfield Town,500000.0,500000.0
279454,MJ,Williams,MJ Williams,2016,31,mj-williams,Wales,Bangor  ,Wales,1995-11-06 00:00:00,Defensive Midfield,Midfield,right,187.0,2023-06-30 00:00:00,366 Group,https://img.a.transfermarkt.technology/portrait/header/279454-1643292128.png?lm=1,,,,https://www.transfermarkt.co.uk/mj-williams/profil/spieler/279454,GB1,Liverpool FC,250000.0,250000.0
279455,Harry,Wilson,Harry Wilson,2025,931,harry-wilson,Wales,Wrexham  ,Wales,1997-03-22 00:00:00,Right Winger,Attack,left,173.0,2030-06-30 00:00:00,Unique Sports Group,https://img.a.transfermarkt.technology/portrait/header/279455-1782301614.jpg?lm=1,69.0,17.0,,https://www.transfermarkt.co.uk/harry-wilson/profil/spieler/279455,GB1,Fulham FC,25000000.0,25000000.0
282821,Corey,Blackett-Taylor,Corey Blackett-Taylor,2015,405,corey-blackett-taylor,England,Erdington  ,England,1997-09-23 00:00:00,Right Winger,Attack,right,180.0,2024-06-30 00:00:00,CAA Base Ltd,https://img.a.transfermarkt.technology/portrait/header/default.jpg?lm=1,,,,https://www.transfermarkt.co.uk/corey-blackett-taylor/profil/spieler/282821,GB1,Aston Villa,350000.0,350000.0
282823,Alfie,Whiteman,Alfie Whiteman,2024,148,alfie-whiteman,England,London  ,England,1998-10-02 00:00:00,Goalkeeper,Goalkeeper,right,188.0,,,https://img.a.transfermarkt.technology/portrait/header/282823-1746645185.jpg?lm=1,1.0,0.0,,https://www.transfermarkt.co.uk/alfie-whiteman/profil/spieler/282823,GB1,Tottenham Hotspur,500000.0,1000000.0
282939,Luke,O'Nien,Luke O'Nien,2025,289,luke-onien,England,Hemel Hempstead  ,England,1994-11-21 00:00:00,Centre-Back,Defender,right,174.0,2027-06-30 00:00:00,Unique Sports Group,https://img.a.transfermarkt.technology/portrait/header/282939-1724770104.jpg?lm=1,,,,https://www.transfermarkt.co.uk/luke-onien/profil/spieler/282939,GB1,Sunderland AFC,700000.0,1800000.0
283628,Tomáš,Souček,Tomáš Souček,2025,379,tomas-soucek,Czech Republic,Havlíčkův Brod  ,Czech Republic,1995-02-27 00:00:00,Defensive Midfield,Midfield,right,192.0,2027-06-30 00:00:00,,https://img.a.transfermarkt.technology/portrait/header/283628-1704184173.jpg?lm=1,93.0,17.0,,https://www.transfermarkt.co.uk/tomas-soucek/profil/spieler/283628,GB1,West Ham United,10000000.0,45000000.0
283655,Grant,Ward,Grant Ward,2015,148,grant-ward,England,London  ,England,1994-12-05 00:00:00,Right Midfield,Midfield,right,178.0,2023-06-30 00:00:00,Unique Sports Group,https://img.a.transfermarkt.technology/portrait/header/283655-1407314998.jpg?lm=1,,,,https://www.transfermarkt.co.uk/grant-ward/profil/spieler/283655,GB1,Tottenham Hotspur,275000.0,1000000.0
284320,Dion,Charles,Dion Charles,2025,1110,dion-charles,England,Preston  ,Northern Ireland,1995-10-07 00:00:00,Centre-Forward,Attack,right,178.0,2027-06-30 00:00:00,THE·TEAM,https://img.a.transfermarkt.technology/portrait/header/284320-1643291543.jpg?lm=1,33.0,4.0,5674.0,https://www.transfermarkt.co.uk/dion-charles/profil/spieler/284320,GB1,Huddersfield Town,500000.0,850000.0
284717,Jake,Flannigan,Jake Flannigan,2014,180,jake-flannigan,England,Southampton  ,England,1996-02-02 00:00:00,Defensive Midfield,Midfield,right,180.0,,,https://img.a.transfermarkt.technology/portrait/header/default.jpg?lm=1,,,,https://www.transfermarkt.co.uk/jake-flannigan/profil/spieler/284717,GB1,Southampton FC,,
284730,Manuel,Akanji,Manuel Akanji,2025,281,manuel-akanji,Switzerland,Wiesendangen  ,Switzerland,1995-07-19 00:00:00,Centre-Back,Defender,right,188.0,2028-06-30 00:00:00,THE·TEAM,https://img.a.transfermarkt.technology/portrait/header/284730-1684165752.jpg?lm=1,86.0,4.0,,https://www.transfermarkt.co.uk/manuel-akanji/profil/spieler/284730,GB1,Manchester City,17000000.0,45000000.0
284754,Joe,Ward,Joe Ward,2015,984,joe-ward,,,England,1996-10-24 00:00:00,Attacking Midfield,Midfield,right,,,,https://img.a.transfermarkt.technology/portrait/header/default.jpg?lm=1,,,,https://www.transfermarkt.co.uk/joe-ward/profil/spieler/284754,GB1,West Bromwich Albion,,
284763,Michael,Cain,Michael Cain,2014,1003,michael-cain,England,Luton  ,England,1994-02-18 00:00:00,Central Midfield,Midfield,right,182.0,,,https://img.a.transfermarkt.technology/portrait/header/default.jpg?lm=1,,,,https://www.transfermarkt.co.uk/michael-cain/profil/spieler/284763,GB1,Leicester City,100000.0,100000.0
284857,Marc,Cucurella,Marc Cucurella,2025,631,marc-cucurella,Spain,Alella  ,Spain,1998-07-22 00:00:00,Left-Back,Defender,left,173.0,2032-06-30 00:00:00,,https://img.a.transfermarkt.technology/portrait/header/284857-1765185117.jpg?lm=1,30.0,1.0,,https://www.transfermarkt.co.uk/marc-cucurella/profil/spieler/284857,GB1,Chelsea FC,50000000.0,55000000.0
285033,Will,Norris,Will Norris,2021,1132,will-norris,England,Watford  ,England,1993-08-12 00:00:00,Goalkeeper,Goalkeeper,left,195.0,2023-05-31 00:00:00,World in Motion,https://img.a.transfermarkt.technology/portrait/header/default.jpg?lm=1,,,,https://www.transfermarkt.co.uk/will-norris/profil/spieler/285033,GB1,Burnley FC,350000.0,400000.0
285551,Joel,Coleman,Joel Coleman,2018,1110,joel-coleman,England,Bolton  ,England,1995-09-26 00:00:00,Goalkeeper,Goalkeeper,right,198.0,2023-01-01 00:00:00,,https://img.a.transfermarkt.technology/portrait/header/285551-1473931285.jpg?lm=1,,,,https://www.transfermarkt.co.uk/joel-coleman/profil/spieler/285551,GB1,Huddersfield Town,250000.0,500000.0
285583,Harry,Burgoyne,Harry Burgoyne,2018,543,harry-burgoyne,England,Ludlow  ,England,1996-12-28 00:00:00,Goalkeeper,Goalkeeper,right,193.0,2023-06-30 00:00:00,,https://img.a.transfermarkt.technology/portrait/header/default.jpg?lm=1,,,,https://www.transfermarkt.co.uk/harry-burgoyne/profil/spieler/285583,GB1,Wolverhampton Wanderers,150000.0,150000.0
285847,Stefan,O'Connor,Stefan O'Connor,2014,11,stefan-oconnor,England,London  ,England,1997-01-23 00:00:00,Centre-Back,Defender,right,193.0,,,https://img.a.transfermarkt.technology/portrait/header/s_285847_5679_2014_01_02_1.jpg?lm=1,,,,https://www.transfermarkt.co.uk/stefan-oconnor/profil/spieler/285847,GB1,Arsenal FC,50000.0,50000.0
286047,Guglielmo,Vicario,Guglielmo Vicario,2025,148,guglielmo-vicario,Italy,Udine  ,Italy,1996-10-07 00:00:00,Goalkeeper,Goalkeeper,right,194.0,2028-06-30 00:00:00,THE·TEAM,https://img.a.transfermarkt.technology/portrait/header/286047-1725874745.jpg?lm=1,5.0,0.0,,https://www.transfermarkt.co.uk/guglielmo-vicario/profil/spieler/286047,GB1,Tottenham Hotspur,18000000.0,35000000.0
287247,Krystian,Bielik,Krystian Bielik,2018,11,krystian-bielik,Poland,Konin  ,Poland,1998-01-04 00:00:00,Defensive Midfield,Midfield,right,189.0,2023-05-31 00:00:00,KFM,https://img.a.transfermarkt.technology/portrait/header/287247-1668091947.jpg?lm=1,,,,https://www.transfermarkt.co.uk/krystian-bielik/profil/spieler/287247,GB1,Arsenal FC,2500000.0,6000000.0
287431,Alfie,Mawson,Alfie Mawson,2020,931,alfie-mawson,England,London  ,England,1994-01-19 00:00:00,Centre-Back,Defender,right,189.0,,Volenti,https://img.a.transfermarkt.technology/portrait/header/287431-1521123446.jpg?lm=1,,,,https://www.transfermarkt.co.uk/alfie-mawson/profil/spieler/287431,GB1,Fulham FC,2500000.0,15000000.0
287528,Connor,Mahoney,Connor Mahoney,2018,989,connor-mahoney,England,Blackburn  ,England,1997-02-12 00:00:00,Right Winger,Attack,left,175.0,2024-06-30 00:00:00,OmniSports,https://img.a.transfermarkt.technology/portrait/header/s_287528_21689_2013_12_13_1.jpg?lm=1,,,,https://www.transfermarkt.co.uk/connor-mahoney/profil/spieler/287528,GB1,AFC Bournemouth,300000.0,800000.0
288323,Marcus,Harness,Marcus Harness,2024,677,marcus-harness,England,Coventry  ,Ireland,1996-02-24 00:00:00,Attacking Midfield,Midfield,right,182.0,2028-06-30 00:00:00,,https://img.a.transfermarkt.technology/portrait/header/288323-1664179825.jpg?lm=1,,,,https://www.transfermarkt.co.uk/marcus-harness/profil/spieler/288323,GB1,Ipswich Town,750000.0,800000.0
289844,Josh,Harrop,Josh Harrop,2016,985,josh-harrop,England,Stockport  ,England,1995-12-15 00:00:00,Attacking Midfield,Midfield,right,175.0,2023-06-30 00:00:00,,https://img.a.transfermarkt.technology/portrait/header/289844-1495456113.jpg?lm=1,,,,https://www.transfermarkt.co.uk/josh-harrop/profil/spieler/289844,GB1,Manchester United,200000.0,800000.0
289846,Ashley,Fletcher,Ashley Fletcher,2021,1010,ashley-fletcher,England,Keighley  ,England,1995-10-02 00:00:00,Centre-Forward,Attack,right,185.0,2023-05-31 00:00:00,Pinnacle Sports,https://img.a.transfermarkt.technology/portrait/header/289846-1464595910.jpg?lm=1,,,,https://www.transfermarkt.co.uk/ashley-fletcher/profil/spieler/289846,GB1,Watford FC,800000.0,5000000.0
290788,Kaylen,Hinds,Kaylen Hinds,2019,1010,kaylen-hinds,England,London  ,England,1998-01-28 00:00:00,Second Striker,Attack,right,179.0,,TSM,https://img.a.transfermarkt.technology/portrait/header/290788-1532334078.jpg?lm=1,,,,https://www.transfermarkt.co.uk/kaylen-hinds/profil/spieler/290788,GB1,Watford FC,300000.0,1250000.0
291544,Jordan,Hugill,Jordan Hugill,2021,1123,jordan-hugill,England,Middlesbrough  ,England,1992-06-04 00:00:00,Centre-Forward,Attack,right,183.0,2026-06-30 00:00:00,,https://img.a.transfermarkt.technology/portrait/header/291544-1517418613.jpg?lm=1,,,,https://www.transfermarkt.co.uk/jordan-hugill/profil/spieler/291544,GB1,Norwich City,700000.0,8000000.0
292246,Hee-chan,Hwang,Hee-chan Hwang,2025,543,hee-chan-hwang,"Korea, South","Chuncheon, Gangwon  ","Korea, South",1996-01-26 00:00:00,Centre-Forward,Attack,right,177.0,2028-06-30 00:00:00,,https://img.a.transfermarkt.technology/portrait/header/292246-1708341416.jpg?lm=1,82.0,17.0,,https://www.transfermarkt.co.uk/hee-chan-hwang/profil/spieler/292246,GB1,Wolverhampton Wanderers,6000000.0,25000000.0
293194,Borna,Sosa,Borna Sosa,2025,873,borna-sosa,Croatia,Zagreb  ,Croatia,1998-01-21 00:00:00,Left-Back,Defender,left,187.0,2028-06-30 00:00:00,SEG,https://img.a.transfermarkt.technology/portrait/header/293194-1716241200.jpg?lm=1,27.0,2.0,,https://www.transfermarkt.co.uk/borna-sosa/profil/spieler/293194,GB1,Crystal Palace,3000000.0,23000000.0
293257,Matija,Sarkic,Matija Sarkic,2022,543,matija-sarkic,England,Grimsby  ,Montenegro,1997-07-23 00:00:00,Goalkeeper,Goalkeeper,right,194.0,2025-06-30 00:00:00,,https://img.a.transfermarkt.technology/portrait/header/293257-1662390929.jpg?lm=1,,,,https://www.transfermarkt.co.uk/matija-sarkic/profil/spieler/293257,GB1,Wolverhampton Wanderers,2000000.0,2000000.0
293281,Jacob,Bruun Larsen,Jacob Bruun Larsen,2025,1132,jacob-bruun-larsen,Denmark,Lyngby  ,Denmark,1998-09-19 00:00:00,Left Winger,Attack,right,183.0,2029-06-30 00:00:00,,https://img.a.transfermarkt.technology/portrait/header/293281-1657201254.jpg?lm=1,8.0,1.0,,https://www.transfermarkt.co.uk/jacob-bruun-larsen/profil/spieler/293281,GB1,Burnley FC,4000000.0,20000000.0
293450,Baily,Cargill,Baily Cargill,2017,989,baily-cargill,England,Winchester  ,England,1995-07-05 00:00:00,Centre-Back,Defender,left,189.0,2023-06-30 00:00:00,Wasserman,https://img.a.transfermarkt.technology/portrait/header/293450-1469711636.jpg?lm=1,,,,https://www.transfermarkt.co.uk/baily-cargill/profil/spieler/293450,GB1,AFC Bournemouth,200000.0,250000.0
293784,Conor,Masterson,Conor Masterson,2017,31,conor-masterson,Ireland,"Celbridge, Dublin  ",Ireland,1998-09-08 00:00:00,Centre-Back,Defender,right,185.0,2023-05-31 00:00:00,CAA Stellar,https://img.a.transfermarkt.technology/portrait/header/293784-1594032561.jpg?lm=1,,,,https://www.transfermarkt.co.uk/conor-masterson/profil/spieler/293784,GB1,Liverpool FC,250000.0,300000.0
294057,James,Maddison,James Maddison,2025,148,james-maddison,England,Coventry  ,England,1996-11-23 00:00:00,Attacking Midfield,Midfield,right,175.0,2028-06-30 00:00:00,CAA Base Ltd,https://img.a.transfermarkt.technology/portrait/header/294057-1687982662.jpg?lm=1,7.0,0.0,,https://www.transfermarkt.co.uk/james-maddison/profil/spieler/294057,GB1,Tottenham Hotspur,20000000.0,70000000.0
295073,Kleton,Perntreou,Kleton Perntreou,2016,873,kleton-perntreou,Albania,Vau i Dejës  ,Albania,1995-01-08 00:00:00,Goalkeeper,Goalkeeper,right,189.0,2023-05-31 00:00:00,,https://img.a.transfermarkt.technology/portrait/header/295073-1664919431.JPG?lm=1,,,,https://www.transfermarkt.co.uk/kleton-perntreou/profil/spieler/295073,GB1,Crystal Palace,200000.0,250000.0
295313,Taiwo,Awoniyi,Taiwo Awoniyi,2025,703,taiwo-awoniyi,Nigeria,Ilorin  ,Nigeria,1997-08-12 00:00:00,Centre-Forward,Attack,right,183.0,2027-06-30 00:00:00,ROOF,https://img.a.transfermarkt.technology/portrait/header/295313-1774469214.jpg?lm=1,10.0,2.0,,https://www.transfermarkt.co.uk/taiwo-awoniyi/profil/spieler/295313,GB1,Nottingham Forest,8000000.0,30000000.0
295652,James,Pearson,James Pearson,2014,1003,james-pearson,England,Sheffield  ,England,1993-01-19 00:00:00,Right-Back,Defender,right,186.0,,,https://img.a.transfermarkt.technology/portrait/header/default.jpg?lm=1,,,,https://www.transfermarkt.co.uk/james-pearson/profil/spieler/295652,GB1,Leicester City,100000.0,100000.0
296582,Max,O'Leary,Max O'Leary,2025,984,max-oleary,England,Bath  ,Ireland,1996-10-10 00:00:00,Goalkeeper,Goalkeeper,right,189.0,2029-06-30 00:00:00,ASC,https://img.a.transfermarkt.technology/portrait/header/296582-1722354393.jpg?lm=1,2.0,0.0,3509.0,https://www.transfermarkt.co.uk/max-oleary/profil/spieler/296582,GB1,West Bromwich Albion,2000000.0,2800000.0
296802,Walter,Benítez,Walter Benítez,2025,873,walter-benitez,Argentina,General San Martín  ,Argentina,1993-01-19 00:00:00,Goalkeeper,Goalkeeper,right,191.0,2028-06-30 00:00:00,KMB,https://img.a.transfermarkt.technology/portrait/header/296802-1682332928.jpg?lm=1,1.0,0.0,,https://www.transfermarkt.co.uk/walter-benitez/profil/spieler/296802,GB1,Crystal Palace,4000000.0,14000000.0
296978,Liam,Cullen,Liam Cullen,2025,2288,liam-cullen,Wales,Tenby  ,Wales,1999-04-23 00:00:00,Attacking Midfield,Midfield,left,178.0,2028-06-30 00:00:00,Unique Sports Group,https://img.a.transfermarkt.technology/portrait/header/296978-1679675846.jpg?lm=1,15.0,2.0,3864.0,https://www.transfermarkt.co.uk/liam-cullen/profil/spieler/296978,GB1,Swansea City,3200000.0,3200000.0
296986,Tyler,Roberts,Tyler Roberts,2022,399,tyler-roberts,England,Gloucester  ,Wales,1999-01-12 00:00:00,Centre-Forward,Attack,right,180.0,2027-06-30 00:00:00,,https://img.a.transfermarkt.technology/portrait/header/296986-1516960233.jpg?lm=1,,,,https://www.transfermarkt.co.uk/tyler-roberts/profil/spieler/296986,GB1,Leeds United,3000000.0,8000000.0
297212,Joe,Rodon,Joe Rodon,2025,399,joe-rodon,Wales,Swansea  ,Wales,1997-10-22 00:00:00,Centre-Back,Defender,right,193.0,2028-06-30 00:00:00,CAA Stellar,https://img.a.transfermarkt.technology/portrait/header/297212-1666698393.jpg?lm=1,62.0,2.0,,https://www.transfermarkt.co.uk/joe-rodon/profil/spieler/297212,GB1,Leeds United,18000000.0,18000000.0
297257,Mikey,Johnston,Mikey Johnston,2025,984,mikey-johnston,Scotland,Glasgow  ,Ireland,1999-04-19 00:00:00,Left Winger,Attack,right,176.0,2028-06-30 00:00:00,THE·TEAM,https://img.a.transfermarkt.technology/portrait/header/297257-1741273695.jpg?lm=1,19.0,2.0,3509.0,https://www.transfermarkt.co.uk/mikey-johnston/profil/spieler/297257,GB1,West Bromwich Albion,4000000.0,4000000.0
298091,Harry,Souttar,Harry Souttar,2024,1003,harry-souttar,Scotland,Aberdeen  ,Australia,1998-10-22 00:00:00,Centre-Back,Defender,right,198.0,2028-06-30 00:00:00,FullNinety,https://img.a.transfermarkt.technology/portrait/header/298091-1669819322.jpg?lm=1,36.0,11.0,,https://www.transfermarkt.co.uk/harry-souttar/profil/spieler/298091,GB1,Leicester City,6000000.0,15000000.0
298231,Courtney,Baker-Richardson,Courtney Baker-Richardson,2017,2288,courtney-baker-richardson,England,Coventry  ,England,1995-12-05 00:00:00,Centre-Forward,Attack,right,185.0,,,https://img.a.transfermarkt.technology/portrait/header/298231-1543411139.jpg?lm=1,,,,https://www.transfermarkt.co.uk/courtney-baker-richardson/profil/spieler/298231,GB1,Swansea City,250000.0,350000.0
298240,George,Thomas,George Thomas,2019,1003,george-thomas,England,Leicester  ,Wales,1997-03-24 00:00:00,Attacking Midfield,Midfield,right,173.0,,CAA Base Ltd,https://img.a.transfermarkt.technology/portrait/header/298240-1621846290.jpg?lm=1,,,,https://www.transfermarkt.co.uk/george-thomas/profil/spieler/298240,GB1,Leicester City,275000.0,600000.0
305274,Fred,Onyedinma,Fred Onyedinma,2023,1031,fred-onyedinma,Nigeria,Lagos  ,Nigeria,1996-11-24 00:00:00,Attacking Midfield,Midfield,right,185.0,,,https://img.a.transfermarkt.technology/portrait/header/305274-1493112276.jpg?lm=1,,,,https://www.transfermarkt.co.uk/fred-onyedinma/profil/spieler/305274,GB1,Luton Town,500000.0,800000.0
306024,Dominic,Calvert-Lewin,Dominic Calvert-Lewin,2025,399,dominic-calvert-lewin,England,Sheffield  ,England,1997-03-16 00:00:00,Centre-Forward,Attack,right,189.0,2028-06-30 00:00:00,SEG,https://img.a.transfermarkt.technology/portrait/header/306024-1685705768.jpg?lm=1,12.0,4.0,,https://www.transfermarkt.co.uk/dominic-calvert-lewin/profil/spieler/306024,GB1,Leeds United,22000000.0,45000000.0
307497,Matt,Clarke,Matt Clarke,2021,1237,matt-clarke,England,Barham  ,England,1996-09-22 00:00:00,Centre-Back,Defender,left,185.0,2025-06-30 00:00:00,10Ten Football,https://img.a.transfermarkt.technology/portrait/header/307497-1662411989.jpg?lm=1,,,,https://www.transfermarkt.co.uk/matt-clarke/profil/spieler/307497,GB1,Brighton & Hove Albion,3500000.0,4000000.0
307763,Anton,Walkes,Anton Walkes,2016,148,anton-walkes,England,London  ,England,1997-02-08 00:00:00,Centre-Back,Defender,right,187.0,,,https://img.a.transfermarkt.technology/portrait/header/307763-1674138654.jpg?lm=1,,,,https://www.transfermarkt.co.uk/anton-walkes/profil/spieler/307763,GB1,Tottenham Hotspur,1000000.0,1000000.0
307781,Lynden,Gooch,Lynden Gooch,2016,289,lynden-gooch,United States,"Santa Cruz, California  ",United States,1995-12-24 00:00:00,Right Winger,Attack,right,173.0,2024-06-30 00:00:00,Unique Sports Group,https://img.a.transfermarkt.technology/portrait/header/307781-1472815713.jpg?lm=1,,,,https://www.transfermarkt.co.uk/lynden-gooch/profil/spieler/307781,GB1,Sunderland AFC,1200000.0,1200000.0
308632,Callum,Connolly,Callum Connolly,2015,29,callum-connolly,England,Liverpool  ,England,1997-09-23 00:00:00,Defensive Midfield,Midfield,right,183.0,2023-06-30 00:00:00,Wasserman,https://img.a.transfermarkt.technology/portrait/header/308632-1468399340.jpg?lm=1,,,,https://www.transfermarkt.co.uk/callum-connolly/profil/spieler/308632,GB1,Everton FC,1200000.0,2000000.0
309400,Kai,Havertz,Kai Havertz,2025,11,kai-havertz,Germany,Aachen  ,Germany,1999-06-11 00:00:00,Centre-Forward,Attack,left,193.0,2028-06-30 00:00:00,ROOF,https://img.a.transfermarkt.technology/portrait/header/309400-1782889722.jpg?lm=1,62.0,25.0,,https://www.transfermarkt.co.uk/kai-havertz/profil/spieler/309400,GB1,Arsenal FC,55000000.0,90000000.0
312017,Ramadan,Sobhi,Ramadan Sobhi,2018,1110,ramadan-sobhi,Egypt,Kairo  ,Egypt,1997-01-23 00:00:00,Left Winger,Attack,right,183.0,2025-06-30 00:00:00,,https://img.a.transfermarkt.technology/portrait/header/312017-1494316708.jpg?lm=1,,,,https://www.transfermarkt.co.uk/ramadan-sobhi/profil/spieler/312017,GB1,Huddersfield Town,3000000.0,7000000.0
312533,Callum,Williams,Callum Williams,2015,762,callum-williams,England,Bishop Auckland  ,England,1997-02-04 00:00:00,Right-Back,Defender,right,180.0,,,https://img.a.transfermarkt.technology/portrait/header/default.jpg?lm=1,,,,https://www.transfermarkt.co.uk/callum-williams/profil/spieler/312533,GB1,Newcastle United,,
312553,Liam,Gibson,Liam Gibson,2019,762,liam-gibson,England,Stanley  ,England,1997-04-25 00:00:00,Left-Back,Defender,,,,SEG,https://img.a.transfermarkt.technology/portrait/header/default.jpg?lm=1,,,,https://www.transfermarkt.co.uk/liam-gibson/profil/spieler/312553,GB1,Newcastle United,200000.0,200000.0
314140,Dael,Fry,Dael Fry,2016,641,dael-fry,England,Middlesbrough  ,England,1997-08-30 00:00:00,Centre-Back,Defender,right,190.0,2024-06-30 00:00:00,Wasserman,https://img.a.transfermarkt.technology/portrait/header/314140-1543411202.jpg?lm=1,,,,https://www.transfermarkt.co.uk/dael-fry/profil/spieler/314140,GB1,Middlesbrough FC,5000000.0,7000000.0
314183,Karlan,Grant,Karlan Grant,2020,984,karlan-grant,England,London  ,England,1997-09-18 00:00:00,Centre-Forward,Attack,right,183.0,2026-06-30 00:00:00,CAA Stellar,https://img.a.transfermarkt.technology/portrait/header/314183-1548840871.jpg?lm=1,,,,https://www.transfermarkt.co.uk/karlan-grant/profil/spieler/314183,GB1,West Bromwich Albion,4500000.0,10000000.0
314210,Tom,Davies,Tom Davies,2023,350,tom-davies,England,Liverpool  ,England,1998-06-30 00:00:00,Central Midfield,Midfield,right,180.0,2026-06-30 00:00:00,,https://img.a.transfermarkt.technology/portrait/header/314210-1700672214.jpg?lm=1,,,,https://www.transfermarkt.co.uk/tom-davies/profil/spieler/314210,GB1,Sheffield United,5000000.0,18000000.0
314237,Rushian,Hepburn-Murphy,Rushian Hepburn-Murphy,2019,405,rushian-hepburn-murphy,England,Birmingham  ,England,1998-08-28 00:00:00,Centre-Forward,Attack,right,173.0,2023-06-30 00:00:00,,https://img.a.transfermarkt.technology/portrait/header/314237-1547219201.jpg?lm=1,,,,https://www.transfermarkt.co.uk/rushian-hepburn-murphy/profil/spieler/314237,GB1,Aston Villa,200000.0,1000000.0
314241,Josh,Laurent,Josh Laurent,2025,1132,josh-laurent,England,Leytonstone  ,England,1995-05-06 00:00:00,Central Midfield,Midfield,right,188.0,2027-06-30 00:00:00,PowerHause SG,https://img.a.transfermarkt.technology/portrait/header/314241-1741274126.jpg?lm=1,,,,https://www.transfermarkt.co.uk/josh-laurent/profil/spieler/314241,GB1,Burnley FC,1500000.0,2200000.0
314253,Herbie,Kane,Herbie Kane,2019,31,herbie-kane,England,Bristol  ,England,1998-11-23 00:00:00,Central Midfield,Midfield,right,175.0,2024-06-30 00:00:00,Wasserman,https://img.a.transfermarkt.technology/portrait/header/default.jpg?lm=1,,,,https://www.transfermarkt.co.uk/herbie-kane/profil/spieler/314253,GB1,Liverpool FC,1100000.0,1100000.0
314266,Jonathan,Leko,Jonathan Leko,2017,984,jonathan-leko,DR Congo,Kinshasa  ,England,1999-04-24 00:00:00,Right Winger,Attack,right,182.0,,,https://img.a.transfermarkt.technology/portrait/header/314266-1462528331.jpg?lm=1,,,,https://www.transfermarkt.co.uk/jonathan-leko/profil/spieler/314266,GB1,West Bromwich Albion,500000.0,1500000.0
314284,Layton,Ndukwu,Layton Ndukwu,2017,1003,layton-ndukwu,England,Leicester  ,England,1998-09-07 00:00:00,Attacking Midfield,Midfield,left,177.0,,Elite Mercato,https://img.a.transfermarkt.technology/portrait/header/314284-1663751218.jpeg?lm=1,,,,https://www.transfermarkt.co.uk/layton-ndukwu/profil/spieler/314284,GB1,Leicester City,100000.0,100000.0
314288,Lukas,Nmecha,Lukas Nmecha,2025,399,lukas-nmecha,Germany,Hamburg  ,Germany,1998-12-14 00:00:00,Centre-Forward,Attack,right,185.0,2027-06-30 00:00:00,Sports360 GmbH,https://img.a.transfermarkt.technology/portrait/header/314288-1657203640.jpg?lm=1,7.0,0.0,,https://www.transfermarkt.co.uk/lukas-nmecha/profil/spieler/314288,GB1,Leeds United,10000000.0,18000000.0
314341,Chris,Willock,Chris Willock,2016,11,chris-willock,England,London  ,England,1998-01-31 00:00:00,Left Winger,Attack,right,178.0,2024-06-30 00:00:00,,https://img.a.transfermarkt.technology/portrait/header/314341-1537443248.jpg?lm=1,,,,https://www.transfermarkt.co.uk/chris-willock/profil/spieler/314341,GB1,Arsenal FC,2000000.0,6000000.0
314366,Kyle,Edwards,Kyle Edwards,2020,984,kyle-edwards,England,Dudley  ,England,1998-02-17 00:00:00,Left Midfield,Midfield,right,178.0,2024-06-30 00:00:00,,https://img.a.transfermarkt.technology/portrait/header/314366-1596807892.jpg?lm=1,,,,https://www.transfermarkt.co.uk/kyle-edwards/profil/spieler/314366,GB1,West Bromwich Albion,350000.0,1500000.0
314367,Marcus,Edwards,Marcus Edwards,2025,1132,marcus-edwards,England,London  ,England,1998-12-03 00:00:00,Right Winger,Attack,left,168.0,2029-06-30 00:00:00,THE·TEAM,https://img.a.transfermarkt.technology/portrait/header/314367-1653379978.jpg?lm=1,8.0,2.0,,https://www.transfermarkt.co.uk/marcus-edwards/profil/spieler/314367,GB1,Burnley FC,6000000.0,30000000.0
314372,Darnell,Johnson,Darnell Johnson,2019,1003,darnell-johnson,England,Leicester  ,England,1998-09-03 00:00:00,Centre-Back,Defender,right,185.0,2023-06-30 00:00:00,,https://img.a.transfermarkt.technology/portrait/header/314372-1410952836.jpg?lm=1,,,,https://www.transfermarkt.co.uk/darnell-johnson/profil/spieler/314372,GB1,Leicester City,125000.0,150000.0
314378,Admiral,Muskwe,Admiral Muskwe,2023,1031,admiral-muskwe,England,Leicester  ,Zimbabwe,1998-08-21 00:00:00,Centre-Forward,Attack,right,183.0,,SBM,https://img.a.transfermarkt.technology/portrait/header/314378-1644921039.png?lm=1,,,,https://www.transfermarkt.co.uk/admiral-muskwe/profil/spieler/314378,GB1,Luton Town,275000.0,400000.0
314384,Ben,Sheaf,Ben Sheaf,2017,11,ben-sheaf,England,Eynsford  ,England,1998-02-05 00:00:00,Defensive Midfield,Midfield,right,185.0,2026-06-30 00:00:00,,https://img.a.transfermarkt.technology/portrait/header/314384-1663853801.jpg?lm=1,,,,https://www.transfermarkt.co.uk/ben-sheaf/profil/spieler/314384,GB1,Arsenal FC,3800000.0,3800000.0
314388,Ro-Shaun,Williams,Ro-Shaun Williams,2015,985,ro-shaun-williams,England,Manchester  ,Grenada,1998-09-03 00:00:00,Centre-Back,Defender,right,184.0,2023-06-30 00:00:00,,https://img.a.transfermarkt.technology/portrait/header/314388-1580132834.jpg?lm=1,,,,https://www.transfermarkt.co.uk/ro-shaun-williams/profil/spieler/314388,GB1,Manchester United,250000.0,250000.0
314875,Jarrod,Bowen,Jarrod Bowen,2025,379,jarrod-bowen,England,Leominster  ,England,1996-12-20 00:00:00,Right Winger,Attack,left,176.0,2030-06-30 00:00:00,Gersh,https://img.a.transfermarkt.technology/portrait/header/314875-1662362005.jpg?lm=1,22.0,1.0,,https://www.transfermarkt.co.uk/jarrod-bowen/profil/spieler/314875,GB1,West Ham United,30000000.0,50000000.0
315185,Jake,Hesketh,Jake Hesketh,2020,180,jake-hesketh,England,Stockport  ,England,1996-03-27 00:00:00,Attacking Midfield,Midfield,right,168.0,,,https://img.a.transfermarkt.technology/portrait/header/default.jpg?lm=1,,,,https://www.transfermarkt.co.uk/jake-hesketh/profil/spieler/315185,GB1,Southampton FC,200000.0,200000.0
315858,Gianluigi,Donnarumma,Gianluigi Donnarumma,2025,281,gianluigi-donnarumma,Italy,Castellammare di Stabia  ,Italy,1999-02-25 00:00:00,Goalkeeper,Goalkeeper,right,196.0,2030-06-30 00:00:00,Team Raiola,https://img.a.transfermarkt.technology/portrait/header/315858-1761076746.jpg?lm=1,83.0,0.0,,https://www.transfermarkt.co.uk/gianluigi-donnarumma/profil/spieler/315858,GB1,Manchester City,45000000.0,65000000.0
316264,Martin,Ødegaard,Martin Ødegaard,2025,11,martin-odegaard,Norway,Drammen  ,Norway,1998-12-17 00:00:00,Attacking Midfield,Midfield,left,178.0,2028-06-30 00:00:00,Nordic Sky,https://img.a.transfermarkt.technology/portrait/header/316264-1782847069.jpg?lm=1,72.0,5.0,,https://www.transfermarkt.co.uk/martin-odegaard/profil/spieler/316264,GB1,Arsenal FC,65000000.0,110000000.0
316551,Jake,Clarke-Salter,Jake Clarke-Salter,2021,631,jake-clarke-salter,England,Carshalton  ,England,1997-09-22 00:00:00,Centre-Back,Defender,left,188.0,2026-06-30 00:00:00,,https://img.a.transfermarkt.technology/portrait/header/316551-1515488080.jpg?lm=1,,,,https://www.transfermarkt.co.uk/jake-clarke-salter/profil/spieler/316551,GB1,Chelsea FC,1500000.0,3500000.0
318224,Johan,Ter Horst,Johan Ter Horst,2016,3008,johan-ter-horst,England,Ashford  ,England,1995-04-06 00:00:00,Centre-Forward,Attack,,,,,https://img.a.transfermarkt.technology/portrait/header/default.jpg?lm=1,,,,https://www.transfermarkt.co.uk/johan-ter-horst/profil/spieler/318224,GB1,Hull City,,
318508,Olivier,Boscagli,Olivier Boscagli,2025,1237,olivier-boscagli,Monaco,Monaco  ,France,1997-11-18 00:00:00,Centre-Back,Defender,left,181.0,2030-06-30 00:00:00,,https://img.a.transfermarkt.technology/portrait/header/318508-1763637922.jpg?lm=1,5.0,0.0,,https://www.transfermarkt.co.uk/olivier-boscagli/profil/spieler/318508,GB1,Brighton & Hove Albion,15000000.0,27000000.0
318547,Mateusz,Hewelt,Mateusz Hewelt,2017,29,mateusz-hewelt,Poland,Gdynia  ,Poland,1996-09-23 00:00:00,Goalkeeper,Goalkeeper,right,191.0,2023-06-30 00:00:00,,https://img.a.transfermarkt.technology/portrait/header/default.jpg?lm=1,,,,https://www.transfermarkt.co.uk/mateusz-hewelt/profil/spieler/318547,GB1,Everton FC,125000.0,125000.0
319301,Daniel,James,Daniel James,2025,399,daniel-james,England,Beverley  ,Wales,1997-11-10 00:00:00,Right Winger,Attack,right,171.0,2029-06-30 00:00:00,CAA Stellar,https://img.a.transfermarkt.technology/portrait/header/319301-1668520687.jpg?lm=1,65.0,10.0,,https://www.transfermarkt.co.uk/daniel-james/profil/spieler/319301,GB1,Leeds United,10000000.0,28000000.0
319817,Niall,Mason,Niall Mason,2015,405,niall-mason,England,Brighton  ,England,1997-01-10 00:00:00,Centre-Back,Defender,right,180.0,,,https://img.a.transfermarkt.technology/portrait/header/default.jpg?lm=1,,,,https://www.transfermarkt.co.uk/niall-mason/profil/spieler/319817,GB1,Aston Villa,150000.0,150000.0
319859,Mathias,Jensen,Mathias Jensen,2025,1148,mathias-jensen,Denmark,"Jerslev, West Zealand  ",Denmark,1996-01-01 00:00:00,Central Midfield,Midfield,right,180.0,2027-06-30 00:00:00,Nordic Sky,https://img.a.transfermarkt.technology/portrait/header/319859-1684771732.jpg?lm=1,32.0,1.0,,https://www.transfermarkt.co.uk/mathias-jensen/profil/spieler/319859,GB1,Brentford FC,10000000.0,30000000.0
319900,Elijah,Adebayo,Elijah Adebayo,2023,1031,elijah-adebayo,England,London  ,England,1998-01-07 00:00:00,Centre-Forward,Attack,,193.0,,CAA Stellar,https://img.a.transfermarkt.technology/portrait/header/319900-1708341657.jpg?lm=1,,,,https://www.transfermarkt.co.uk/elijah-adebayo/profil/spieler/319900,GB1,Luton Town,12000000.0,12000000.0
320213,Rees,Greenwood,Rees Greenwood,2016,289,rees-greenwood,England,Winlaton  ,England,1996-12-10 00:00:00,Attacking Midfield,Midfield,right,176.0,,,https://img.a.transfermarkt.technology/portrait/header/default.jpg?lm=1,,,,https://www.transfermarkt.co.uk/rees-greenwood/profil/spieler/320213,GB1,Sunderland AFC,25000.0,25000.0
320220,Noor,Husin,Noor Husin,2016,873,noor-husin,Afghanistan,Mazār-i-Sharīf  ,Afghanistan,1997-03-03 00:00:00,Central Midfield,Midfield,,177.0,2024-06-30 00:00:00,Every Aspect,https://img.a.transfermarkt.technology/portrait/header/default.jpg?lm=1,,,,https://www.transfermarkt.co.uk/noor-husin/profil/spieler/320220,GB1,Crystal Palace,100000.0,100000.0
320228,Michael,Ledger,Michael Ledger,2016,289,michael-ledger,England,Consett  ,England,1997-08-15 00:00:00,Centre-Back,Defender,right,186.0,,,https://img.a.transfermarkt.technology/portrait/header/default.jpg?lm=1,,,,https://www.transfermarkt.co.uk/michael-ledger/profil/spieler/320228,GB1,Sunderland AFC,225000.0,225000.0
320411,Philip,Billing,Philip Billing,2025,989,philip-billing,Denmark,København  ,Denmark,1996-06-11 00:00:00,Central Midfield,Midfield,left,193.0,2030-06-30 00:00:00,ROOF,https://img.a.transfermarkt.technology/portrait/header/320411-1674468252.jpg?lm=1,6.0,0.0,,https://www.transfermarkt.co.uk/philip-billing/profil/spieler/320411,GB1,AFC Bournemouth,6000000.0,22000000.0
320913,Anthony,Georgiou,Anthony Georgiou,2017,148,anthony-georgiou,England,London  ,Cyprus,1997-02-24 00:00:00,Left Winger,Attack,left,179.0,,,https://img.a.transfermarkt.technology/portrait/header/default.jpg?lm=1,,,,https://www.transfermarkt.co.uk/anthony-georgiou/profil/spieler/320913,GB1,Tottenham Hotspur,100000.0,300000.0
321247,Emiliano,Buendía,Emiliano Buendía,2025,405,emiliano-buendia,Argentina,Mar del Plata  ,Argentina,1996-12-25 00:00:00,Left Winger,Attack,right,172.0,2027-06-30 00:00:00,Universal Twenty Two,https://img.a.transfermarkt.technology/portrait/header/321247-1696604099.jpg?lm=1,2.0,0.0,,https://www.transfermarkt.co.uk/emiliano-buendia/profil/spieler/321247,GB1,Aston Villa,16000000.0,35000000.0
322089,Benny,Ashley-Seal,Benny Ashley-Seal,2019,543,benny-ashley-seal,England,London  ,England,1998-11-21 00:00:00,Centre-Forward,Attack,right,185.0,2023-05-31 00:00:00,,https://img.a.transfermarkt.technology/portrait/header/322089-1548935326.jpg?lm=1,,,,https://www.transfermarkt.co.uk/benny-ashley-seal/profil/spieler/322089,GB1,Wolverhampton Wanderers,75000.0,150000.0
322702,Benson,Manuel,Benson Manuel,2023,1132,benson-manuel,Belgium,Lokeren  ,Angola,1997-03-28 00:00:00,Right Winger,Attack,left,166.0,2027-06-30 00:00:00,Youonegoal,https://img.a.transfermarkt.technology/portrait/header/322702-1671480712.jpg?lm=1,,,,https://www.transfermarkt.co.uk/benson-manuel/profil/spieler/322702,GB1,Burnley FC,5000000.0,7000000.0
322985,Gustavo,Hamer,Gustavo Hamer,2023,350,gustavo-hamer,Brazil,Itajai  ,Netherlands,1997-06-24 00:00:00,Central Midfield,Midfield,right,169.0,2027-06-30 00:00:00,CAA Stellar,https://img.a.transfermarkt.technology/portrait/header/322985-1682690179.jpg?lm=1,,,,https://www.transfermarkt.co.uk/gustavo-hamer/profil/spieler/322985,GB1,Sheffield United,15000000.0,16000000.0
324223,James,Bree,James Bree,2024,180,james-bree,England,Wakefield  ,England,1997-12-11 00:00:00,Right-Back,Defender,right,182.0,2026-06-30 00:00:00,Wasserman,https://img.a.transfermarkt.technology/portrait/header/324223-1720190887.jpg?lm=1,,,,https://www.transfermarkt.co.uk/james-bree/profil/spieler/324223,GB1,Southampton FC,2500000.0,3000000.0
324358,Ollie,Watkins,Ollie Watkins,2025,405,ollie-watkins,England,Torquay  ,England,1995-12-30 00:00:00,Centre-Forward,Attack,right,180.0,2028-06-30 00:00:00,Two Touch Agency,https://img.a.transfermarkt.technology/portrait/header/324358-1708341279.jpg?lm=1,23.0,7.0,,https://www.transfermarkt.co.uk/ollie-watkins/profil/spieler/324358,GB1,Aston Villa,25000000.0,65000000.0
324882,Marvelous,Nakamba,Marvelous Nakamba,2023,1031,marvelous-nakamba,Zimbabwe,Hwange  ,Zimbabwe,1994-01-19 00:00:00,Defensive Midfield,Midfield,left,177.0,2026-06-30 00:00:00,CAA Stellar,https://img.a.transfermarkt.technology/portrait/header/324882-1700736255.jpg?lm=1,,,,https://www.transfermarkt.co.uk/marvelous-nakamba/profil/spieler/324882,GB1,Luton Town,5000000.0,10000000.0
325443,Viktor,Gyökeres,Viktor Gyökeres,2025,11,viktor-gyokeres,Sweden,Stockholm  ,Sweden,1998-06-04 00:00:00,Centre-Forward,Attack,right,189.0,2030-06-30 00:00:00,,https://img.a.transfermarkt.technology/portrait/header/325443-1737581896.jpg?lm=1,37.0,21.0,,https://www.transfermarkt.co.uk/viktor-gyokeres/profil/spieler/325443,GB1,Arsenal FC,65000000.0,75000000.0
326031,Matthijs,de Ligt,Matthijs de Ligt,2025,985,matthijs-de-ligt,Netherlands,Leiderdorp  ,Netherlands,1999-08-12 00:00:00,Centre-Back,Defender,right,189.0,2029-06-30 00:00:00,Rafaela Pimenta,https://img.a.transfermarkt.technology/portrait/header/326031-1700659567.jpg?lm=1,52.0,2.0,,https://www.transfermarkt.co.uk/matthijs-de-ligt/profil/spieler/326031,GB1,Manchester United,30000000.0,75000000.0
328658,Kristoffer,Ajer,Kristoffer Ajer,2025,1148,kristoffer-ajer,Norway,Rælingen  ,Norway,1998-04-17 00:00:00,Centre-Back,Defender,right,198.0,2030-06-30 00:00:00,THE·TEAM,https://img.a.transfermarkt.technology/portrait/header/328658-1700649482.jpg?lm=1,56.0,2.0,,https://www.transfermarkt.co.uk/kristoffer-ajer/profil/spieler/328658,GB1,Brentford FC,18000000.0,18000000.0
330659,Justin,Kluivert,Justin Kluivert,2025,989,justin-kluivert,Netherlands,Zaandam  ,Netherlands,1999-05-05 00:00:00,Attacking Midfield,Midfield,both,173.0,2028-06-30 00:00:00,Epic Justin,https://img.a.transfermarkt.technology/portrait/header/330659-1779893085.jpg?lm=1,14.0,0.0,,https://www.transfermarkt.co.uk/justin-kluivert/profil/spieler/330659,GB1,AFC Bournemouth,25000000.0,35000000.0
332338,Vashon,Neufville,Vashon Neufville,2017,379,vashon-neufville,England,London  ,England,1999-07-18 00:00:00,Left-Back,Defender,,172.0,,,https://img.a.transfermarkt.technology/portrait/header/332338-1629022642.jpg?lm=1,,,,https://www.transfermarkt.co.uk/vashon-neufville/profil/spieler/332338,GB1,West Ham United,125000.0,125000.0
332705,Tyler,Adams,Tyler Adams,2025,989,tyler-adams,United States,"Wappingers Falls, New York  ",United States,1999-02-14 00:00:00,Defensive Midfield,Midfield,right,175.0,2028-06-30 00:00:00,YMU Management Ltd.,https://img.a.transfermarkt.technology/portrait/header/332705-1754244571.jpg?lm=1,58.0,2.0,,https://www.transfermarkt.co.uk/tyler-adams/profil/spieler/332705,GB1,AFC Bournemouth,25000000.0,25000000.0
333014,Sander,Berge,Sander Berge,2025,931,sander-berge,Norway,Bærum  ,Norway,1998-02-14 00:00:00,Defensive Midfield,Midfield,right,195.0,2029-06-30 00:00:00,Keypass AS,https://img.a.transfermarkt.technology/portrait/header/333014-1780049344.jpg?lm=1,70.0,1.0,,https://www.transfermarkt.co.uk/sander-berge/profil/spieler/333014,GB1,Fulham FC,25000000.0,25000000.0
333241,,Joelinton,Joelinton,2025,762,joelinton,Brazil,Aliança  ,Brazil,1996-08-14 00:00:00,Central Midfield,Midfield,right,186.0,2028-06-30 00:00:00,ROGON,https://img.a.transfermarkt.technology/portrait/header/333241-1674210135.jpg?lm=1,8.0,1.0,,https://www.transfermarkt.co.uk/joelinton/profil/spieler/333241,GB1,Newcastle United,25000000.0,42000000.0
335541,Oliver,Shenton,Oliver Shenton,2015,512,oliver-shenton,England,Stoke-on-Trent  ,England,1997-11-06 00:00:00,Attacking Midfield,Midfield,left,175.0,,,https://img.a.transfermarkt.technology/portrait/header/335541-1424249639.jpg?lm=1,,,,https://www.transfermarkt.co.uk/oliver-shenton/profil/spieler/335541,GB1,Stoke City,,
335593,Ben,Barclay,Ben Barclay,2018,1237,ben-barclay,England,Manchester  ,England,1996-10-07 00:00:00,Centre-Back,Defender,right,187.0,2023-05-31 00:00:00,Wasserman,https://img.a.transfermarkt.technology/portrait/header/default.jpg?lm=1,,,,https://www.transfermarkt.co.uk/ben-barclay/profil/spieler/335593,GB1,Brighton & Hove Albion,150000.0,150000.0
335595,Dessie,Hutchinson,Dessie Hutchinson,2017,1237,dessie-hutchinson,,,Ireland,1996-12-05 00:00:00,Defensive Midfield,Midfield,right,,,,https://img.a.transfermarkt.technology/portrait/header/default.jpg?lm=1,,,,https://www.transfermarkt.co.uk/dessie-hutchinson/profil/spieler/335595,GB1,Brighton & Hove Albion,,
335721,Ben,White,Ben White,2025,11,ben-white,England,Poole  ,England,1997-10-08 00:00:00,Right-Back,Defender,right,186.0,2028-06-30 00:00:00,,https://img.a.transfermarkt.technology/portrait/header/335721-1683275943.jpg?lm=1,6.0,1.0,,https://www.transfermarkt.co.uk/ben-white/profil/spieler/335721,GB1,Arsenal FC,30000000.0,55000000.0
336077,Altay,Bayındır,Altay Bayındır,2025,985,altay-bayindir,Türkiye,Bursa  ,Türkiye,1998-04-14 00:00:00,Goalkeeper,Goalkeeper,right,198.0,2027-06-30 00:00:00,SEFA SEYREK,https://img.a.transfermarkt.technology/portrait/header/336077-1781173656.jpg?lm=1,12.0,0.0,,https://www.transfermarkt.co.uk/altay-bayindir/profil/spieler/336077,GB1,Manchester United,5000000.0,16000000.0
336367,Joe,Lumley,Joe Lumley,2024,180,joe-lumley,England,Harlow  ,England,1995-02-15 00:00:00,Goalkeeper,Goalkeeper,right,190.0,2027-06-30 00:00:00,Unique Sports Group,https://img.a.transfermarkt.technology/portrait/header/336367-1709158388.jpg?lm=1,,,,https://www.transfermarkt.co.uk/joe-lumley/profil/spieler/336367,GB1,Southampton FC,450000.0,1000000.0
337321,Nathan,Holland,Nathan Holland,2020,379,nathan-holland,England,Manchester  ,England,1998-06-19 00:00:00,Left Winger,Attack,right,176.0,,,https://img.a.transfermarkt.technology/portrait/header/337321-1410952974.jpg?lm=1,,,,https://www.transfermarkt.co.uk/nathan-holland/profil/spieler/337321,GB1,West Ham United,300000.0,500000.0
338424,Mikel,Merino,Mikel Merino,2025,11,mikel-merino,Spain,Pamplona  ,Spain,1996-06-22 00:00:00,Central Midfield,Midfield,left,188.0,2028-06-30 00:00:00,Bahía Internacional,https://img.a.transfermarkt.technology/portrait/header/338424-1716803831.jpg?lm=1,49.0,12.0,,https://www.transfermarkt.co.uk/mikel-merino/profil/spieler/338424,GB1,Arsenal FC,25000000.0,50000000.0
338629,Sebastiaan,Bornauw,Sebastiaan Bornauw,2025,399,sebastiaan-bornauw,Belgium,Wemmel  ,Belgium,1999-03-22 00:00:00,Centre-Back,Defender,right,191.0,2029-06-30 00:00:00,Stirr Associates,https://img.a.transfermarkt.technology/portrait/header/338629-1657202272.jpg?lm=1,4.0,0.0,,https://www.transfermarkt.co.uk/sebastiaan-bornauw/profil/spieler/338629,GB1,Leeds United,8000000.0,14000000.0
339013,Mason,Bloomfield,Mason Bloomfield,2019,1123,mason-bloomfield,England,London  ,England,1996-11-06 00:00:00,Centre-Forward,Attack,right,191.0,,,https://img.a.transfermarkt.technology/portrait/header/default.jpg?lm=1,,,,https://www.transfermarkt.co.uk/mason-bloomfield/profil/spieler/339013,GB1,Norwich City,75000.0,75000.0
339253,Daniel,Grimshaw,Daniel Grimshaw,2018,281,daniel-grimshaw,England,Manchester  ,England,1998-01-16 00:00:00,Goalkeeper,Goalkeeper,right,185.0,2025-06-30 00:00:00,Unique Sports Group,https://img.a.transfermarkt.technology/portrait/header/339253-1605295505.jpg?lm=1,,,,https://www.transfermarkt.co.uk/daniel-grimshaw/profil/spieler/339253,GB1,Manchester City,500000.0,800000.0
339340,Tyrell,Malacia,Tyrell Malacia,2025,985,tyrell-malacia,Netherlands,Rotterdam  ,Netherlands,1999-08-17 00:00:00,Left-Back,Defender,left,169.0,,Darren Dein,https://img.a.transfermarkt.technology/portrait/header/339340-1657096025.jpg?lm=1,9.0,0.0,,https://www.transfermarkt.co.uk/tyrell-malacia/profil/spieler/339340,GB1,Manchester United,4000000.0,22000000.0
339556,Rico,Henry,Rico Henry,2025,1148,rico-henry,England,Birmingham  ,Jamaica,1997-07-08 00:00:00,Left-Back,Defender,left,170.0,2027-06-30 00:00:00,,https://img.a.transfermarkt.technology/portrait/header/339556-1684771012.jpg?lm=1,1.0,0.0,,https://www.transfermarkt.co.uk/rico-henry/profil/spieler/339556,GB1,Brentford FC,13000000.0,28000000.0
339789,Josh,Pask,Josh Pask,2017,379,josh-pask,England,London  ,England,1997-11-01 00:00:00,Centre-Back,Defender,right,187.0,,CAA Base Ltd,https://img.a.transfermarkt.technology/portrait/header/default.jpg?lm=1,,,,https://www.transfermarkt.co.uk/josh-pask/profil/spieler/339789,GB1,West Ham United,75000.0,300000.0
339795,Marcus,Barnes,Marcus Barnes,2018,180,marcus-barnes,England,Reading  ,England,1996-12-01 00:00:00,Centre-Forward,Attack,left,185.0,,,https://img.a.transfermarkt.technology/portrait/header/default.jpg?lm=1,,,,https://www.transfermarkt.co.uk/marcus-barnes/profil/spieler/339795,GB1,Southampton FC,50000.0,50000.0
340194,Regan,Poole,Regan Poole,2015,985,regan-poole,Wales,Cardiff  ,Wales,1998-06-18 00:00:00,Right-Back,Defender,right,180.0,,,https://img.a.transfermarkt.technology/portrait/header/default.jpg?lm=1,,,,https://www.transfermarkt.co.uk/regan-poole/profil/spieler/340194,GB1,Manchester United,450000.0,450000.0
340307,Tolaji,Bola,Tolaji Bola,2019,11,tolaji-bola,England,London  ,England,1999-01-04 00:00:00,Left-Back,Defender,left,181.0,2023-05-31 00:00:00,,https://img.a.transfermarkt.technology/portrait/header/340307-1611910160.jpg?lm=1,,,,https://www.transfermarkt.co.uk/tolaji-bola/profil/spieler/340307,GB1,Arsenal FC,150000.0,150000.0
340320,Marcus,McGuane,Marcus McGuane,2017,11,marcus-mcguane,England,Greenwich  ,England,1999-02-02 00:00:00,Defensive Midfield,Midfield,right,178.0,2024-06-30 00:00:00,Unique Sports Group,https://img.a.transfermarkt.technology/portrait/header/340320-1517329864.jpg?lm=1,,,,https://www.transfermarkt.co.uk/marcus-mcguane/profil/spieler/340320,GB1,Arsenal FC,350000.0,500000.0
340321,Josh,Dasilva,Josh Dasilva,2025,1148,josh-dasilva,England,London  ,England,1998-10-23 00:00:00,Central Midfield,Midfield,left,184.0,2027-06-30 00:00:00,CAA Base Ltd,https://img.a.transfermarkt.technology/portrait/header/340321-1769112312.jpg?lm=1,5.0,1.0,,https://www.transfermarkt.co.uk/josh-dasilva/profil/spieler/340321,GB1,Brentford FC,1500000.0,16000000.0
340324,Eddie,Nketiah,Eddie Nketiah,2025,873,eddie-nketiah,England,London  ,England,1999-05-30 00:00:00,Centre-Forward,Attack,right,175.0,2029-06-30 00:00:00,,https://img.a.transfermarkt.technology/portrait/header/340324-1730795033.jpg?lm=1,1.0,0.0,,https://www.transfermarkt.co.uk/eddie-nketiah/profil/spieler/340324,GB1,Crystal Palace,10000000.0,35000000.0
340325,Reiss,Nelson,Reiss Nelson,2025,1148,reiss-nelson,England,London  ,England,1999-12-10 00:00:00,Left Winger,Attack,right,175.0,2027-06-30 00:00:00,,https://img.a.transfermarkt.technology/portrait/header/340325-1667418642.jpg?lm=1,12.0,6.0,,https://www.transfermarkt.co.uk/reiss-nelson/profil/spieler/340325,GB1,Brentford FC,8000000.0,18000000.0
340328,Stephy,Mavididi,Stephy Mavididi,2024,1003,stephy-mavididi,England,Derby  ,England,1998-05-31 00:00:00,Left Winger,Attack,right,182.0,2028-06-30 00:00:00,,https://img.a.transfermarkt.technology/portrait/header/340328-1707385825.jpg?lm=1,3.0,3.0,,https://www.transfermarkt.co.uk/stephy-mavididi/profil/spieler/340328,GB1,Leicester City,8000000.0,11000000.0
340329,Joe,Willock,Joe Willock,2025,762,joe-willock,England,London  ,England,1999-08-20 00:00:00,Central Midfield,Midfield,right,186.0,2027-06-30 00:00:00,,https://img.a.transfermarkt.technology/portrait/header/340329-1761077592.jpg?lm=1,4.0,0.0,,https://www.transfermarkt.co.uk/joe-willock/profil/spieler/340329,GB1,Newcastle United,14000000.0,38000000.0
340456,Noussair,Mazraoui,Noussair Mazraoui,2025,985,noussair-mazraoui,Netherlands,Leiderdorp  ,Morocco,1997-11-14 00:00:00,Right-Back,Defender,right,183.0,2028-06-30 00:00:00,Rafaela Pimenta,https://img.a.transfermarkt.technology/portrait/header/340456-1783200177.jpg?lm=1,51.0,2.0,,https://www.transfermarkt.co.uk/noussair-mazraoui/profil/spieler/340456,GB1,Manchester United,18000000.0,32000000.0
340918,Caoimhín,Kelleher,Caoimhín Kelleher,2025,1148,caoimhin-kelleher,Ireland,Cork  ,Ireland,1998-11-23 00:00:00,Goalkeeper,Goalkeeper,right,188.0,2030-06-30 00:00:00,ROOF,https://img.a.transfermarkt.technology/portrait/header/340918-1708933663.jpg?lm=1,32.0,0.0,,https://www.transfermarkt.co.uk/caoimhin-kelleher/profil/spieler/340918,GB1,Brentford FC,28000000.0,28000000.0
340990,Alfie,Jones,Alfie Jones,2025,641,alfie-jones,England,Bristol  ,Canada,1997-10-07 00:00:00,Centre-Back,Defender,right,191.0,2029-06-30 00:00:00,THE·TEAM,https://img.a.transfermarkt.technology/portrait/header/340990-1780911787.jpg?lm=1,2.0,0.0,3510.0,https://www.transfermarkt.co.uk/alfie-jones/profil/spieler/340990,GB1,Middlesbrough FC,6000000.0,6000000.0
341043,Harry,Lewis,Harry Lewis,2021,180,harry-lewis,England,Shrewsbury  ,England,1997-12-20 00:00:00,Goalkeeper,Goalkeeper,right,191.0,2024-06-30 00:00:00,GW Sports,https://img.a.transfermarkt.technology/portrait/header/341043-1547722862.jpg?lm=1,,,,https://www.transfermarkt.co.uk/harry-lewis/profil/spieler/341043,GB1,Southampton FC,350000.0,350000.0
341051,Kyle,Walker-Peters,Kyle Walker-Peters,2025,379,kyle-walker-peters,England,London  ,England,1997-04-13 00:00:00,Right-Back,Defender,right,173.0,2028-06-30 00:00:00,CAA Base Ltd,https://img.a.transfermarkt.technology/portrait/header/341051-1766483117.jpg?lm=1,2.0,0.0,,https://www.transfermarkt.co.uk/kyle-walker-peters/profil/spieler/341051,GB1,West Ham United,12000000.0,25000000.0
341092,Federico,Chiesa,Federico Chiesa,2025,31,federico-chiesa,Italy,Genova  ,Italy,1997-10-25 00:00:00,Right Winger,Attack,right,175.0,2028-06-30 00:00:00,LIAN Sports Group,https://img.a.transfermarkt.technology/portrait/header/341092-1663576975.jpg?lm=1,51.0,7.0,,https://www.transfermarkt.co.uk/federico-chiesa/profil/spieler/341092,GB1,Liverpool FC,13000000.0,70000000.0
341501,Hamza,Choudhury,Hamza Choudhury,2025,1003,hamza-choudhury,England,Loughborough  ,Bangladesh,1997-10-01 00:00:00,Defensive Midfield,Midfield,right,178.0,2027-06-30 00:00:00,THE·TEAM,https://img.a.transfermarkt.technology/portrait/header/341501-1741026895.jpg?lm=1,10.0,4.0,15033.0,https://www.transfermarkt.co.uk/hamza-choudhury/profil/spieler/341501,GB1,Leicester City,4000000.0,10000000.0
341993,Elliott,Moore,Elliott Moore,2016,1003,elliott-moore,England,Coalville  ,England,1997-03-16 00:00:00,Centre-Back,Defender,right,196.0,,,https://img.a.transfermarkt.technology/portrait/header/341993-1505392049.jpg?lm=1,,,,https://www.transfermarkt.co.uk/elliott-moore/profil/spieler/341993,GB1,Leicester City,500000.0,900000.0
342046,Axel,Tuanzebe,Axel Tuanzebe,2025,1132,axel-tuanzebe,DR Congo,Bunia  ,DR Congo,1997-11-14 00:00:00,Centre-Back,Defender,right,188.0,,Unique Sports Group,https://img.a.transfermarkt.technology/portrait/header/342046-1774470130.jpg?lm=1,17.0,1.0,,https://www.transfermarkt.co.uk/axel-tuanzebe/profil/spieler/342046,GB1,Burnley FC,5000000.0,10000000.0
342050,Nathan,Baxter,Nathan Baxter,2020,631,nathan-baxter,England,London  ,England,1998-11-08 00:00:00,Goalkeeper,Goalkeeper,right,189.0,2023-05-31 00:00:00,Wasserman,https://img.a.transfermarkt.technology/portrait/header/342050-1642684021.jpg?lm=1,,,,https://www.transfermarkt.co.uk/nathan-baxter/profil/spieler/342050,GB1,Chelsea FC,400000.0,600000.0
342385,Guido,Rodríguez,Guido Rodríguez,2025,379,guido-rodriguez,Argentina,Sáenz Peña  ,Argentina,1994-04-12 00:00:00,Defensive Midfield,Midfield,right,185.0,2028-06-30 00:00:00,Interplayers,https://img.a.transfermarkt.technology/portrait/header/342385-1668181269.jpg?lm=1,30.0,1.0,,https://www.transfermarkt.co.uk/guido-rodriguez/profil/spieler/342385,GB1,West Ham United,4000000.0,28000000.0
344004,Cameron,Coxe,Cameron Coxe,2018,603,cameron-coxe,Wales,Merthyr Tydfil  ,Wales,1998-12-18 00:00:00,Right-Back,Defender,right,185.0,2025-06-30 00:00:00,Unique Sports Group,https://img.a.transfermarkt.technology/portrait/header/default.jpg?lm=1,,,,https://www.transfermarkt.co.uk/cameron-coxe/profil/spieler/344004,GB1,Cardiff City,,
344015,Ben,Woodburn,Ben Woodburn,2021,31,ben-woodburn,England,Nottingham  ,Wales,1999-10-15 00:00:00,Attacking Midfield,Midfield,right,174.0,2023-06-30 00:00:00,CAA Stellar,https://img.a.transfermarkt.technology/portrait/header/344015-1478594437.jpg?lm=1,,,,https://www.transfermarkt.co.uk/ben-woodburn/profil/spieler/344015,GB1,Liverpool FC,1000000.0,5000000.0
344069,Anton,Stach,Anton Stach,2025,399,anton-stach,Germany,Buchholz in der Nordheide  ,Germany,1998-11-15 00:00:00,Defensive Midfield,Midfield,right,194.0,2029-06-30 00:00:00,ROOF,https://img.a.transfermarkt.technology/portrait/header/344069-1723921116.jpg?lm=1,3.0,0.0,,https://www.transfermarkt.co.uk/anton-stach/profil/spieler/344069,GB1,Leeds United,28000000.0,28000000.0
344605,Boubakary,Soumaré,Boubakary Soumaré,2024,1003,boubakary-soumare,France,Noisy-le-Sec  ,France,1999-02-27 00:00:00,Defensive Midfield,Midfield,right,188.0,,ESN,https://img.a.transfermarkt.technology/portrait/header/344605-1746644742.jpg?lm=1,14.0,0.0,,https://www.transfermarkt.co.uk/boubakary-soumare/profil/spieler/344605,GB1,Leicester City,14000000.0,28000000.0
344830,Tahith,Chong,Tahith Chong,2025,350,tahith-chong,Curacao,Willemstad  ,Curacao,1999-12-04 00:00:00,Attacking Midfield,Midfield,left,185.0,2029-06-30 00:00:00,,https://img.a.transfermarkt.technology/portrait/header/344830-1781191053.jpg?lm=1,9.0,3.0,32364.0,https://www.transfermarkt.co.uk/tahith-chong/profil/spieler/344830,GB1,Sheffield United,6000000.0,7000000.0
344916,Rory,Watson,Rory Watson,2014,3008,rory-watson,England,York  ,England,1996-02-05 00:00:00,Goalkeeper,Goalkeeper,,190.0,2023-05-31 00:00:00,,https://img.a.transfermarkt.technology/portrait/header/344916-1681314125.jpg?lm=1,,,,https://www.transfermarkt.co.uk/rory-watson/profil/spieler/344916,GB1,Hull City,50000.0,50000.0
345899,Dion,Henry,Dion Henry,2018,873,dion-henry,England,Ipswich  ,England,1997-09-12 00:00:00,Goalkeeper,Goalkeeper,,192.0,2023-06-30 00:00:00,,https://img.a.transfermarkt.technology/portrait/header/default.jpg?lm=1,,,,https://www.transfermarkt.co.uk/dion-henry/profil/spieler/345899,GB1,Crystal Palace,50000.0,50000.0
345960,Alex,Pike,Alex Pike,2016,379,alex-pike,England,London  ,England,1997-02-08 00:00:00,Right-Back,Defender,right,180.0,,,https://img.a.transfermarkt.technology/portrait/header/default.jpg?lm=1,,,,https://www.transfermarkt.co.uk/alex-pike/profil/spieler/345960,GB1,West Ham United,,
345961,Djair,Parfitt-Williams,Djair Parfitt-Williams,2015,379,djair-parfitt-williams,Bermuda,Hamilton  ,Bermuda,1996-10-01 00:00:00,Left Winger,Attack,right,172.0,2023-12-31 00:00:00,,https://img.a.transfermarkt.technology/portrait/header/default.jpg?lm=1,,,,https://www.transfermarkt.co.uk/djair-parfitt-williams/profil/spieler/345961,GB1,West Ham United,200000.0,250000.0
346314,Trevoh,Chalobah,Trevoh Chalobah,2025,631,trevoh-chalobah,Sierra Leone,Freetown  ,England,1999-07-05 00:00:00,Centre-Back,Defender,right,192.0,2028-06-30 00:00:00,CAA Base Ltd,https://img.a.transfermarkt.technology/portrait/header/346314-1773301391.jpg?lm=1,1.0,0.0,,https://www.transfermarkt.co.uk/trevoh-chalobah/profil/spieler/346314,GB1,Chelsea FC,40000000.0,40000000.0
346468,Jordan,Williams,Jordan Williams,2017,1110,jordan-williams,England,Huddersfield  ,England,1999-10-22 00:00:00,Right-Back,Defender,right,179.0,2024-06-30 00:00:00,,https://img.a.transfermarkt.technology/portrait/header/346468-1612349257.jpg?lm=1,,,,https://www.transfermarkt.co.uk/jordan-williams/profil/spieler/346468,GB1,Huddersfield Town,1000000.0,1000000.0
346478,Japhet,Tanganga,Japhet Tanganga,2023,148,japhet-tanganga,England,London  ,England,1999-03-31 00:00:00,Centre-Back,Defender,right,184.0,,RDF Football,https://img.a.transfermarkt.technology/portrait/header/346478-1694588455.jpg?lm=1,,,,https://www.transfermarkt.co.uk/japhet-tanganga/profil/spieler/346478,GB1,Tottenham Hotspur,1800000.0,15000000.0
346483,Mason,Mount,Mason Mount,2025,985,mason-mount,England,Portsmouth  ,England,1999-01-10 00:00:00,Attacking Midfield,Midfield,right,181.0,2028-06-30 00:00:00,,https://img.a.transfermarkt.technology/portrait/header/346483-1683291495.jpg?lm=1,36.0,5.0,,https://www.transfermarkt.co.uk/mason-mount/profil/spieler/346483,GB1,Manchester United,25000000.0,75000000.0
346707,Sean,Longstaff,Sean Longstaff,2025,399,sean-longstaff,England,Newcastle upon Tyne  ,England,1997-10-30 00:00:00,Central Midfield,Midfield,right,187.0,2029-06-30 00:00:00,Gol International,https://img.a.transfermarkt.technology/portrait/header/346707-1682341336.jpg?lm=1,,,,https://www.transfermarkt.co.uk/sean-longstaff/profil/spieler/346707,GB1,Leeds United,15000000.0,25000000.0
346890,Noah,Okafor,Noah Okafor,2025,399,noah-okafor,Switzerland,Binningen  ,Switzerland,2000-05-24 00:00:00,Left Winger,Attack,right,185.0,2029-06-30 00:00:00,Gersh,https://img.a.transfermarkt.technology/portrait/header/346890-1692879855.jpg?lm=1,26.0,2.0,,https://www.transfermarkt.co.uk/noah-okafor/profil/spieler/346890,GB1,Leeds United,25000000.0,25000000.0
347439,Jack,McKay,Jack McKay,2018,603,jack-mckay,Scotland,Glasgow  ,Scotland,1996-11-19 00:00:00,Centre-Forward,Attack,right,190.0,,Willie McKay,https://img.a.transfermarkt.technology/portrait/header/default.jpg?lm=1,,,,https://www.transfermarkt.co.uk/jack-mckay/profil/spieler/347439,GB1,Cardiff City,,
348026,Nordi,Mukiele,Nordi Mukiele,2025,289,nordi-mukiele,France,Montreuil  ,France,1997-11-01 00:00:00,Right-Back,Defender,right,187.0,2029-06-30 00:00:00,Sport Cover,https://img.a.transfermarkt.technology/portrait/header/348026-1727378130.jpg?lm=1,1.0,0.0,,https://www.transfermarkt.co.uk/nordi-mukiele/profil/spieler/348026,GB1,Sunderland AFC,16000000.0,25000000.0
349066,Alexander,Isak,Alexander Isak,2025,31,alexander-isak,Sweden,Solna  ,Sweden,1999-09-21 00:00:00,Centre-Forward,Attack,right,190.0,2031-06-30 00:00:00,Universal Twenty Two,https://img.a.transfermarkt.technology/portrait/header/349066-1680791339.jpg?lm=1,62.0,18.0,,https://www.transfermarkt.co.uk/alexander-isak/profil/spieler/349066,GB1,Liverpool FC,85000000.0,140000000.0
349503,Conor,Chaplin,Conor Chaplin,2024,677,conor-chaplin,England,Worthing  ,England,1997-02-16 00:00:00,Second Striker,Attack,left,168.0,2026-06-30 00:00:00,CAA Stellar,https://img.a.transfermarkt.technology/portrait/header/349503-1612349000.jpg?lm=1,,,,https://www.transfermarkt.co.uk/conor-chaplin/profil/spieler/349503,GB1,Ipswich Town,4000000.0,8000000.0
349701,Antonee,Robinson,Antonee Robinson,2025,931,antonee-robinson,England,Milton Keynes  ,United States,1997-08-08 00:00:00,Left-Back,Defender,left,183.0,2028-06-30 00:00:00,THE·TEAM,https://img.a.transfermarkt.technology/portrait/header/349701-1703926612.jpg?lm=1,58.0,5.0,,https://www.transfermarkt.co.uk/antonee-robinson/profil/spieler/349701,GB1,Fulham FC,22000000.0,35000000.0
351597,Shayne,Lavery,Shayne Lavery,2017,29,shayne-lavery,Northern Ireland,Lurgan  ,Northern Ireland,1998-12-08 00:00:00,Centre-Forward,Attack,right,180.0,2023-06-30 00:00:00,,https://img.a.transfermarkt.technology/portrait/header/351597-1598512263.jpg?lm=1,,,,https://www.transfermarkt.co.uk/shayne-lavery/profil/spieler/351597,GB1,Everton FC,800000.0,900000.0
351749,Kalvin,Phillips,Kalvin Phillips,2025,281,kalvin-phillips,England,Leeds  ,England,1995-12-02 00:00:00,Defensive Midfield,Midfield,right,179.0,2028-06-30 00:00:00,CAA Stellar,https://img.a.transfermarkt.technology/portrait/header/351749-1661978510.jpg?lm=1,31.0,1.0,,https://www.transfermarkt.co.uk/kalvin-phillips/profil/spieler/351749,GB1,Manchester City,2500000.0,50000000.0
351755,Darnell,Furlong,Darnell Furlong,2020,984,darnell-furlong,England,Luton  ,England,1995-10-31 00:00:00,Right-Back,Defender,right,183.0,2025-06-30 00:00:00,,https://img.a.transfermarkt.technology/portrait/header/351755-1484904459.jpg?lm=1,,,,https://www.transfermarkt.co.uk/darnell-furlong/profil/spieler/351755,GB1,West Bromwich Albion,3500000.0,5000000.0
352041,Lucas,Perri,Lucas Perri,2025,399,lucas-perri,Brazil,Valinhos  ,Brazil,1997-12-10 00:00:00,Goalkeeper,Goalkeeper,right,197.0,2029-06-30 00:00:00,LEFT Sports,https://img.a.transfermarkt.technology/portrait/header/352041-1733188777.jpg?lm=1,0.0,0.0,,https://www.transfermarkt.co.uk/lucas-perri/profil/spieler/352041,GB1,Leeds United,10000000.0,16000000.0
353032,Omar,Alderete,Omar Alderete,2025,289,omar-alderete,Paraguay,Asunción  ,Paraguay,1996-12-26 00:00:00,Centre-Back,Defender,left,190.0,2029-06-30 00:00:00,La Squadra Sports,https://img.a.transfermarkt.technology/portrait/header/353032-1669365021.jpg?lm=1,40.0,3.0,,https://www.transfermarkt.co.uk/omar-alderete/profil/spieler/353032,GB1,Sunderland AFC,13000000.0,15000000.0
353129,Nathan,Harker,Nathan Harker,2018,762,nathan-harker,England,Northampton  ,England,1998-11-05 00:00:00,Goalkeeper,Goalkeeper,left,193.0,,,https://img.a.transfermarkt.technology/portrait/header/default.jpg?lm=1,,,,https://www.transfermarkt.co.uk/nathan-harker/profil/spieler/353129,GB1,Newcastle United,,
353674,Keshi,Anderson,Keshi Anderson,2017,873,keshi-anderson,England,Luton  ,England,1995-04-06 00:00:00,Left Winger,Attack,right,175.0,2023-06-30 00:00:00,,https://img.a.transfermarkt.technology/portrait/header/353674-1475577629.jpg?lm=1,,,,https://www.transfermarkt.co.uk/keshi-anderson/profil/spieler/353674,GB1,Crystal Palace,300000.0,600000.0
354017,Adnan,Kanuric,Adnan Kanuric,2022,703,adnan-kanuric,Austria,Linz  ,Bosnia-Herzegovina,2000-08-08 00:00:00,Goalkeeper,Goalkeeper,right,194.0,,,https://img.a.transfermarkt.technology/portrait/header/354017-1630991774.jpg?lm=1,,,,https://www.transfermarkt.co.uk/adnan-kanuric/profil/spieler/354017,GB1,Nottingham Forest,150000.0,200000.0
354134,Joe,Powell,Joe Powell,2018,379,joe-powell,England,London  ,England,1998-10-30 00:00:00,Attacking Midfield,Midfield,left,,2024-06-30 00:00:00,CSM,https://img.a.transfermarkt.technology/portrait/header/default.jpg?lm=1,,,,https://www.transfermarkt.co.uk/joe-powell/profil/spieler/354134,GB1,West Ham United,500000.0,500000.0
354362,Rodrigo,Bentancur,Rodrigo Bentancur,2025,148,rodrigo-bentancur,Uruguay,Nueva Helvecia  ,Uruguay,1997-06-25 00:00:00,Defensive Midfield,Midfield,right,187.0,2029-06-30 00:00:00,Back Sports S.A.,https://img.a.transfermarkt.technology/portrait/header/354362-1740605779.jpg?lm=1,76.0,3.0,,https://www.transfermarkt.co.uk/rodrigo-bentancur/profil/spieler/354362,GB1,Tottenham Hotspur,20000000.0,50000000.0
355915,Cristian,Romero,Cristian Romero,2025,148,cristian-romero,Argentina,Córdoba  ,Argentina,1998-04-27 00:00:00,Centre-Back,Defender,right,185.0,2029-06-30 00:00:00,Ciro Palermo,https://img.a.transfermarkt.technology/portrait/header/355915-1665609429.jpg?lm=1,55.0,4.0,,https://www.transfermarkt.co.uk/cristian-romero/profil/spieler/355915,GB1,Tottenham Hotspur,45000000.0,65000000.0
356141,Daichi,Kamada,Daichi Kamada,2025,873,daichi-kamada,Japan,"Iyo, Ehime  ",Japan,1996-08-05 00:00:00,Attacking Midfield,Midfield,right,180.0,2027-06-30 00:00:00,Sports360 GmbH,https://img.a.transfermarkt.technology/portrait/header/356141-1707947777.jpg?lm=1,53.0,14.0,,https://www.transfermarkt.co.uk/daichi-kamada/profil/spieler/356141,GB1,Crystal Palace,10000000.0,30000000.0
356195,Greg,Luer,Greg Luer,2016,3008,greg-luer,England,Brighton  ,England,1994-12-06 00:00:00,Centre-Forward,Attack,,180.0,2023-06-30 00:00:00,,https://img.a.transfermarkt.technology/portrait/header/356195-1473238757.jpg?lm=1,,,,https://www.transfermarkt.co.uk/greg-luer/profil/spieler/356195,GB1,Hull City,250000.0,250000.0
356569,Olufela,Olomola,Olufela Olomola,2016,180,olufela-olomola,England,London  ,England,1997-09-05 00:00:00,Centre-Forward,Attack,right,170.0,2023-06-30 00:00:00,366 Group,https://img.a.transfermarkt.technology/portrait/header/default.jpg?lm=1,,,,https://www.transfermarkt.co.uk/olufela-olomola/profil/spieler/356569,GB1,Southampton FC,,
357119,Ibrahima,Konaté,Ibrahima Konaté,2025,31,ibrahima-konate,France,Paris  ,France,1999-05-25 00:00:00,Centre-Back,Defender,right,194.0,2030-06-30 00:00:00,CAA Stellar,https://img.a.transfermarkt.technology/portrait/header/357119-1669190550.jpg?lm=1,29.0,0.0,,https://www.transfermarkt.co.uk/ibrahima-konate/profil/spieler/357119,GB1,Liverpool FC,45000000.0,60000000.0
357147,Diogo,Dalot,Diogo Dalot,2025,985,diogo-dalot,Portugal,Braga  ,Portugal,1999-03-18 00:00:00,Right-Back,Defender,right,184.0,2028-06-30 00:00:00,Proeleven S.A.,https://img.a.transfermarkt.technology/portrait/header/357147-1727785546.jpg?lm=1,37.0,3.0,,https://www.transfermarkt.co.uk/diogo-dalot/profil/spieler/357147,GB1,Manchester United,30000000.0,40000000.0
357162,,Florentino,Florentino,2025,1132,florentino,Angola,Lobito  ,Portugal,1999-08-19 00:00:00,Defensive Midfield,Midfield,right,184.0,,Team of Future,https://img.a.transfermarkt.technology/portrait/header/357162-1701295561.jpg?lm=1,12.0,0.0,,https://www.transfermarkt.co.uk/florentino/profil/spieler/357162,GB1,Burnley FC,16000000.0,22000000.0
357397,Kazaiah,Sterling,Kazaiah Sterling,2018,148,kazaiah-sterling,England,London  ,England,1998-11-09 00:00:00,Centre-Forward,Attack,right,175.0,2023-11-30 00:00:00,,https://img.a.transfermarkt.technology/portrait/header/357397-1663401838.jpg?lm=1,,,,https://www.transfermarkt.co.uk/kazaiah-sterling/profil/spieler/357397,GB1,Tottenham Hotspur,250000.0,2000000.0
357565,,Rodri,Rodri,2025,281,rodri,Spain,Madrid  ,Spain,1996-06-22 00:00:00,Defensive Midfield,Midfield,right,190.0,2027-06-30 00:00:00,Pablo Barquero,https://img.a.transfermarkt.technology/portrait/header/357565-1682587890.jpg?lm=1,68.0,4.0,,https://www.transfermarkt.co.uk/rodri/profil/spieler/357565,GB1,Manchester City,50000000.0,130000000.0
357656,Jayson,Molumby,Jayson Molumby,2025,984,jayson-molumby,Ireland,Cappoquin  ,Ireland,1999-08-06 00:00:00,Central Midfield,Midfield,right,176.0,2028-06-30 00:00:00,Gersh,https://img.a.transfermarkt.technology/portrait/header/357656-1731660008.jpg?lm=1,36.0,0.0,3509.0,https://www.transfermarkt.co.uk/jayson-molumby/profil/spieler/357656,GB1,West Bromwich Albion,3500000.0,3500000.0
357658,Mark,Travers,Mark Travers,2025,29,mark-travers,Ireland,Maynooth  ,Ireland,1999-05-18 00:00:00,Goalkeeper,Goalkeeper,right,191.0,2029-06-30 00:00:00,Unique Sports Group,https://img.a.transfermarkt.technology/portrait/header/357658-1702296610.jpg?lm=1,6.0,0.0,,https://www.transfermarkt.co.uk/mark-travers/profil/spieler/357658,GB1,Everton FC,3000000.0,4000000.0
357662,Declan,Rice,Declan Rice,2025,11,declan-rice,England,London  ,England,1999-01-14 00:00:00,Central Midfield,Midfield,right,188.0,2028-06-30 00:00:00,,https://img.a.transfermarkt.technology/portrait/header/357662-1687962936.jpg?lm=1,77.0,7.0,,https://www.transfermarkt.co.uk/declan-rice/profil/spieler/357662,GB1,Arsenal FC,120000000.0,120000000.0
357958,Josh,Robson,Josh Robson,2016,289,josh-robson,England,Bedlington  ,England,1998-02-03 00:00:00,Right-Back,Defender,right,180.0,,Quantum Sport,https://img.a.transfermarkt.technology/portrait/header/default.jpg?lm=1,,,,https://www.transfermarkt.co.uk/josh-robson/profil/spieler/357958,GB1,Sunderland AFC,100000.0,150000.0
357967,Lasse,Sörensen,Lasse Sörensen,2017,512,lasse-sorensen,Denmark,Vejen  ,Denmark,1999-10-21 00:00:00,Central Midfield,Midfield,right,185.0,2024-06-30 00:00:00,First Touch,https://img.a.transfermarkt.technology/portrait/header/357967-1547411464.png?lm=1,,,,https://www.transfermarkt.co.uk/lasse-sorensen/profil/spieler/357967,GB1,Stoke City,500000.0,500000.0
359693,James,Tilley,James Tilley,2017,1237,james-tilley,England,Billingshurst  ,England,1998-06-13 00:00:00,Right Winger,Attack,left,174.0,2024-06-30 00:00:00,YMU Group,https://img.a.transfermarkt.technology/portrait/header/default.jpg?lm=1,,,,https://www.transfermarkt.co.uk/james-tilley/profil/spieler/359693,GB1,Brighton & Hove Albion,250000.0,250000.0
361093,Sven,Botman,Sven Botman,2025,762,sven-botman,Netherlands,Badhoevedorp  ,Netherlands,2000-01-12 00:00:00,Centre-Back,Defender,left,193.0,2030-06-30 00:00:00,Muy Manero,https://img.a.transfermarkt.technology/portrait/header/361093-1683290679.jpg?lm=1,0.0,0.0,,https://www.transfermarkt.co.uk/sven-botman/profil/spieler/361093,GB1,Newcastle United,35000000.0,45000000.0
362108,Gabriel,Gudmundsson,Gabriel Gudmundsson,2025,399,gabriel-gudmundsson,Sweden,Malmö  ,Sweden,1999-04-29 00:00:00,Left-Back,Defender,left,181.0,2029-06-30 00:00:00,MD Management,https://img.a.transfermarkt.technology/portrait/header/362108-1666691160.jpg?lm=1,28.0,0.0,,https://www.transfermarkt.co.uk/gabriel-gudmundsson/profil/spieler/362108,GB1,Leeds United,20000000.0,20000000.0
362809,Brandon,Comley,Brandon Comley,2014,1039,brandon-comley,England,London  ,Montserrat,1995-11-18 00:00:00,Central Midfield,Midfield,right,180.0,2024-06-30 00:00:00,,https://img.a.transfermarkt.technology/portrait/header/default.jpg?lm=1,,,,https://www.transfermarkt.co.uk/brandon-comley/profil/spieler/362809,GB1,Queens Park Rangers,200000.0,200000.0
363205,Gabriel,Jesus,Gabriel Jesus,2025,11,gabriel-jesus,Brazil,São Paulo  ,Brazil,1997-04-03 00:00:00,Centre-Forward,Attack,right,175.0,2027-06-30 00:00:00,,https://img.a.transfermarkt.technology/portrait/header/363205-1669711141.jpg?lm=1,64.0,19.0,,https://www.transfermarkt.co.uk/gabriel-jesus/profil/spieler/363205,GB1,Arsenal FC,17000000.0,80000000.0
363901,Nik,Tzanev,Nik Tzanev,2025,1110,nik-tzanev,New Zealand,Wellington  ,New Zealand,1996-12-23 00:00:00,Goalkeeper,Goalkeeper,right,195.0,2026-06-30 00:00:00,,https://img.a.transfermarkt.technology/portrait/header/363901-1612879233.jpg?lm=1,2.0,0.0,9171.0,https://www.transfermarkt.co.uk/nik-tzanev/profil/spieler/363901,GB1,Huddersfield Town,100000.0,125000.0
364828,Elliot,Embleton,Elliot Embleton,2016,289,elliot-embleton,England,Durham  ,England,1999-04-02 00:00:00,Attacking Midfield,Midfield,right,173.0,2025-06-30 00:00:00,,https://img.a.transfermarkt.technology/portrait/header/364828-1680275909.jpg?lm=1,,,,https://www.transfermarkt.co.uk/elliot-embleton/profil/spieler/364828,GB1,Sunderland AFC,1200000.0,1200000.0
365108,Dan,Ndoye,Dan Ndoye,2025,703,dan-ndoye,Switzerland,Nyon  ,Switzerland,2000-10-25 00:00:00,Right Winger,Attack,right,184.0,2030-06-30 00:00:00,Binary Sports Group,https://img.a.transfermarkt.technology/portrait/header/365108-1718218474.jpg?lm=1,36.0,9.0,,https://www.transfermarkt.co.uk/dan-ndoye/profil/spieler/365108,GB1,Nottingham Forest,32000000.0,40000000.0
365172,Patson,Daka,Patson Daka,2024,1003,patson-daka,Zambia,Chingola  ,Zambia,1998-10-09 00:00:00,Centre-Forward,Attack,right,183.0,2026-06-30 00:00:00,Wasserman,https://img.a.transfermarkt.technology/portrait/header/365172-1638810490.jpg?lm=1,46.0,21.0,,https://www.transfermarkt.co.uk/patson-daka/profil/spieler/365172,GB1,Leicester City,15000000.0,22000000.0
369085,Aaron,Mitchell,Aaron Mitchell,2014,1039,aaron-mitchell,England,Wandsworth  ,England,1996-04-14 00:00:00,Central Midfield,Midfield,,,,Skillequal Ltd.,https://img.a.transfermarkt.technology/portrait/header/default.jpg?lm=1,,,,https://www.transfermarkt.co.uk/aaron-mitchell/profil/spieler/369085,GB1,Queens Park Rangers,,
369171,Niall,Ennis,Niall Ennis,2018,543,niall-ennis,England,Wolverhampton  ,England,1999-05-20 00:00:00,Centre-Forward,Attack,right,178.0,2023-06-30 00:00:00,Triple S Sports,https://img.a.transfermarkt.technology/portrait/header/369171-1683528787.jpg?lm=1,,,,https://www.transfermarkt.co.uk/niall-ennis/profil/spieler/369171,GB1,Wolverhampton Wanderers,450000.0,450000.0
369316,Ferdi,Kadıoğlu,Ferdi Kadıoğlu,2025,1237,ferdi-kadioglu,Netherlands,Arnhem  ,Türkiye,1999-10-07 00:00:00,Left-Back,Defender,right,174.0,2028-06-30 00:00:00,THE·TEAM,https://img.a.transfermarkt.technology/portrait/header/369316-1724792538.jpg?lm=1,32.0,2.0,,https://www.transfermarkt.co.uk/ferdi-kadioglu/profil/spieler/369316,GB1,Brighton & Hove Albion,35000000.0,35000000.0
369962,Joël,Piroe,Joël Piroe,2025,399,joel-piroe,Netherlands,Wijchen  ,Suriname,1999-08-02 00:00:00,Centre-Forward,Attack,left,185.0,2027-06-30 00:00:00,Roebbers,https://img.a.transfermarkt.technology/portrait/header/369962-1715936868.jpg?lm=1,1.0,0.0,,https://www.transfermarkt.co.uk/joel-piroe/profil/spieler/369962,GB1,Leeds United,10000000.0,18000000.0
371013,Ivor,Pandur,Ivor Pandur,2025,3008,ivor-pandur,Croatia,Rijeka  ,Croatia,2000-03-25 00:00:00,Goalkeeper,Goalkeeper,right,187.0,2027-06-30 00:00:00,GAMMA SPORT,https://img.a.transfermarkt.technology/portrait/header/371013-1763647059.jpg?lm=1,0.0,0.0,3556.0,https://www.transfermarkt.co.uk/ivor-pandur/profil/spieler/371013,GB1,Hull City,4500000.0,4500000.0
371814,Nathaniel,Phillips,Nathaniel Phillips,2023,31,nathaniel-phillips,England,Bolton  ,England,1997-03-21 00:00:00,Centre-Back,Defender,right,190.0,2025-06-30 00:00:00,PLG,https://img.a.transfermarkt.technology/portrait/header/371814-1565181228.jpg?lm=1,,,,https://www.transfermarkt.co.uk/nathaniel-phillips/profil/spieler/371814,GB1,Liverpool FC,3500000.0,8000000.0
371851,Jaka,Bijol,Jaka Bijol,2025,399,jaka-bijol,Slovenia,Vuzenica  ,Slovenia,1999-02-05 00:00:00,Centre-Back,Defender,right,190.0,2030-06-30 00:00:00,SEG,https://img.a.transfermarkt.technology/portrait/header/371851-1695029407.jpg?lm=1,73.0,1.0,,https://www.transfermarkt.co.uk/jaka-bijol/profil/spieler/371851,GB1,Leeds United,20000000.0,20000000.0
372670,,Paulinho,Paulinho,2016,31,paulinho,Portugal,São João da Madeira  ,Portugal,1997-12-25 00:00:00,Central Midfield,Midfield,right,176.0,2025-06-30 00:00:00,MC Striker,https://img.a.transfermarkt.technology/portrait/header/default.jpg?lm=1,,,,https://www.transfermarkt.co.uk/paulinho/profil/spieler/372670,GB1,Liverpool FC,200000.0,200000.0
375885,Ibrahim,Sangaré,Ibrahim Sangaré,2025,703,ibrahim-sangare,Cote d'Ivoire,Abidjan  ,Cote d'Ivoire,1997-12-02 00:00:00,Defensive Midfield,Midfield,right,191.0,2028-06-30 00:00:00,,https://img.a.transfermarkt.technology/portrait/header/375885-1700738495.jpg?lm=1,58.0,11.0,,https://www.transfermarkt.co.uk/ibrahim-sangare/profil/spieler/375885,GB1,Nottingham Forest,20000000.0,35000000.0
376856,Charlie,Goode,Charlie Goode,2023,1148,charlie-goode,England,Watford  ,England,1995-08-03 00:00:00,Centre-Back,Defender,right,196.0,2025-06-30 00:00:00,Two Touch Agency,https://img.a.transfermarkt.technology/portrait/header/376856-1663190171.jpg?lm=1,,,,https://www.transfermarkt.co.uk/charlie-goode/profil/spieler/376856,GB1,Brentford FC,500000.0,1000000.0
378629,Michael,Phillips,Michael Phillips,2017,873,michael-phillips,England,London  ,England,1997-09-22 00:00:00,Defensive Midfield,Midfield,right,174.0,,,https://img.a.transfermarkt.technology/portrait/header/default.jpg?lm=1,,,,https://www.transfermarkt.co.uk/michael-phillips/profil/spieler/378629,GB1,Crystal Palace,,
378710,,Richarlison,Richarlison,2025,148,richarlison,Brazil,Nova Venécia  ,Brazil,1997-05-10 00:00:00,Centre-Forward,Attack,right,184.0,2027-06-30 00:00:00,CAA Base Ltd,https://img.a.transfermarkt.technology/portrait/header/378710-1665608231.jpg?lm=1,54.0,20.0,,https://www.transfermarkt.co.uk/richarlison/profil/spieler/378710,GB1,Tottenham Hotspur,25000000.0,65000000.0
380350,,Igor Julio,Igor Julio,2025,379,igor-julio,Brazil,Bom Sucesso  ,Brazil,1998-02-07 00:00:00,Centre-Back,Defender,left,188.0,2027-06-30 00:00:00,,https://img.a.transfermarkt.technology/portrait/header/380350-1700737326.jpg?lm=1,,,,https://www.transfermarkt.co.uk/igor-julio/profil/spieler/380350,GB1,West Ham United,10000000.0,22000000.0
380744,Egil,Selvik,Egil Selvik,2025,1010,egil-selvik,Norway,Sandnes  ,Norway,1997-07-30 00:00:00,Goalkeeper,Goalkeeper,left,193.0,2028-06-30 00:00:00,Golden Sports Mgmt,https://img.a.transfermarkt.technology/portrait/header/380744-1779430706.jpg?lm=1,7.0,0.0,3440.0,https://www.transfermarkt.co.uk/egil-selvik/profil/spieler/380744,GB1,Watford FC,1500000.0,1700000.0
381156,Joel,Mumbongo,Joel Mumbongo,2020,1132,joel-mumbongo,,,Sweden,1999-01-09 00:00:00,Centre-Forward,Attack,right,188.0,2023-06-30 00:00:00,Gen-Z Football,https://img.a.transfermarkt.technology/portrait/header/default.jpg?lm=1,,,,https://www.transfermarkt.co.uk/joel-mumbongo/profil/spieler/381156,GB1,Burnley FC,150000.0,300000.0
381362,,Wesley Moraes,Wesley Moraes,2021,405,wesley-moraes,Brazil,Juiz de Fora  ,Brazil,1996-11-24 00:00:00,Centre-Forward,Attack,right,191.0,2023-06-30 00:00:00,Intergol B.V.,https://img.a.transfermarkt.technology/portrait/header/381362-1630503896.jpg?lm=1,,,,https://www.transfermarkt.co.uk/wesley-moraes/profil/spieler/381362,GB1,Aston Villa,2500000.0,30000000.0
381753,Ilia,Gruev,Ilia Gruev,2025,399,ilia-gruev,Bulgaria,Sofia  ,Bulgaria,2000-05-06 00:00:00,Defensive Midfield,Midfield,left,185.0,2027-06-30 00:00:00,feel soccer GmbH,https://img.a.transfermarkt.technology/portrait/header/381753-1724940121.jpg?lm=1,27.0,0.0,,https://www.transfermarkt.co.uk/ilia-gruev/profil/spieler/381753,GB1,Leeds United,12000000.0,12000000.0
381963,Mike,Tresor,Mike Tresor,2025,1132,mike-tresor,Belgium,Antwerpen  ,Belgium,1999-05-28 00:00:00,Attacking Midfield,Midfield,right,172.0,2028-06-30 00:00:00,GloBall Group,https://img.a.transfermarkt.technology/portrait/header/381963-1626766909.jpg?lm=1,2.0,0.0,,https://www.transfermarkt.co.uk/mike-tresor/profil/spieler/381963,GB1,Burnley FC,2000000.0,15000000.0
382552,Mace,Goodridge,Mace Goodridge,2020,1132,mace-goodridge,England,Oldham  ,England,1999-09-13 00:00:00,Central Midfield,Midfield,right,180.0,,FullNinety,https://img.a.transfermarkt.technology/portrait/header/default.jpg?lm=1,,,,https://www.transfermarkt.co.uk/mace-goodridge/profil/spieler/382552,GB1,Burnley FC,200000.0,200000.0
382554,Tyrese,Campbell,Tyrese Campbell,2017,512,tyrese-campbell,England,Cheadle Hulme  ,England,1999-12-28 00:00:00,Centre-Forward,Attack,left,185.0,2024-06-30 00:00:00,FullNinety,https://img.a.transfermarkt.technology/portrait/header/382554-1460993889.jpg?lm=1,,,,https://www.transfermarkt.co.uk/tyrese-campbell/profil/spieler/382554,GB1,Stoke City,2500000.0,6000000.0
382555,Joe,Hardy,Joe Hardy,2019,31,joe-hardy,England,Wirral  ,England,1998-09-26 00:00:00,Centre-Forward,Attack,right,170.0,2023-05-31 00:00:00,CAA Stellar,https://img.a.transfermarkt.technology/portrait/header/default.jpg?lm=1,,,,https://www.transfermarkt.co.uk/joe-hardy/profil/spieler/382555,GB1,Liverpool FC,75000.0,150000.0
383109,Przemyslaw,Placheta,Przemyslaw Placheta,2021,1123,przemyslaw-placheta,Poland,Łowicz  ,Poland,1998-03-23 00:00:00,Left Winger,Attack,left,178.0,2024-06-30 00:00:00,KFM,https://img.a.transfermarkt.technology/portrait/header/383109-1580401569.png?lm=1,,,,https://www.transfermarkt.co.uk/przemyslaw-placheta/profil/spieler/383109,GB1,Norwich City,1500000.0,2500000.0
383152,André,Olukanmi,André Olukanmi,2015,1003,andre-olukanmi,,,England,1997-12-01 00:00:00,Left Winger,Attack,,,,,https://img.a.transfermarkt.technology/portrait/header/default.jpg?lm=1,,,,https://www.transfermarkt.co.uk/andre-olukanmi/profil/spieler/383152,GB1,Leicester City,,
385848,George,Edmundson,George Edmundson,2024,677,george-edmundson,England,Manchester  ,England,1997-08-15 00:00:00,Centre-Back,Defender,right,190.0,2027-06-30 00:00:00,World in Motion,https://img.a.transfermarkt.technology/portrait/header/385848-1596699073.jpg?lm=1,,,,https://www.transfermarkt.co.uk/george-edmundson/profil/spieler/385848,GB1,Ipswich Town,750000.0,800000.0
385920,Brad,Jackson,Brad Jackson,2016,1132,brad-jackson,England,Manchester  ,England,1996-10-20 00:00:00,Right-Back,Defender,right,175.0,,,https://img.a.transfermarkt.technology/portrait/header/default.jpg?lm=1,,,,https://www.transfermarkt.co.uk/brad-jackson/profil/spieler/385920,GB1,Burnley FC,,
385922,Ntumba,Massanka,Ntumba Massanka,2018,1132,ntumba-massanka,England,Tottenham  ,England,1996-11-30 00:00:00,Centre-Forward,Attack,,191.0,,MARNEB INTERNATIONAL,https://img.a.transfermarkt.technology/portrait/header/default.jpg?lm=1,,,,https://www.transfermarkt.co.uk/ntumba-massanka/profil/spieler/385922,GB1,Burnley FC,,
386047,Axel,Disasi,Axel Disasi,2025,379,axel-disasi,France,Gonesse  ,France,1998-03-11 00:00:00,Centre-Back,Defender,right,191.0,2029-06-30 00:00:00,21 Corp,https://img.a.transfermarkt.technology/portrait/header/386047-1727785671.jpg?lm=1,5.0,0.0,,https://www.transfermarkt.co.uk/axel-disasi/profil/spieler/386047,GB1,West Ham United,15000000.0,42000000.0
386148,Joe,Quigley,Joe Quigley,2015,989,joe-quigley,England,London  ,Ireland,1996-12-10 00:00:00,Centre-Forward,Attack,,191.0,2024-06-30 00:00:00,Volenti,https://img.a.transfermarkt.technology/portrait/header/default.jpg?lm=1,,,,https://www.transfermarkt.co.uk/joe-quigley/profil/spieler/386148,GB1,AFC Bournemouth,100000.0,100000.0
386201,Archie,Davies,Archie Davies,2019,1237,archie-davies,England,Saint Leonards  ,England,1998-10-07 00:00:00,Right-Back,Defender,right,183.0,2023-11-30 00:00:00,Wasserman,https://img.a.transfermarkt.technology/portrait/header/default.jpg?lm=1,,,,https://www.transfermarkt.co.uk/archie-davies/profil/spieler/386201,GB1,Brighton & Hove Albion,100000.0,100000.0
387036,Joe,Riley,Joe Riley,2015,985,joe-riley,England,Blackpool  ,England,1996-12-06 00:00:00,Defensive Midfield,Midfield,right,176.0,,,https://img.a.transfermarkt.technology/portrait/header/387036-1484662054.jpg?lm=1,,,,https://www.transfermarkt.co.uk/joe-riley/profil/spieler/387036,GB1,Manchester United,125000.0,125000.0
387331,Sam,Field,Sam Field,2020,984,sam-field,England,Stourbridge  ,England,1998-05-08 00:00:00,Defensive Midfield,Midfield,left,191.0,2024-06-30 00:00:00,,https://img.a.transfermarkt.technology/portrait/header/387331-1473687370.jpg?lm=1,,,,https://www.transfermarkt.co.uk/sam-field/profil/spieler/387331,GB1,West Bromwich Albion,3500000.0,3500000.0
388165,Yoane,Wissa,Yoane Wissa,2025,762,yoane-wissa,France,Villeneuve-Saint-Georges  ,DR Congo,1996-09-03 00:00:00,Centre-Forward,Attack,right,176.0,2029-06-30 00:00:00,Rudy Raba,https://img.a.transfermarkt.technology/portrait/header/388165-1740646948.jpg?lm=1,42.0,11.0,,https://www.transfermarkt.co.uk/yoane-wissa/profil/spieler/388165,GB1,Newcastle United,25000000.0,42000000.0
391005,Mads,Roerslev,Mads Roerslev,2025,1148,mads-roerslev,Denmark,København  ,Denmark,1999-06-24 00:00:00,Right-Back,Defender,right,184.0,2029-06-30 00:00:00,THE·TEAM,https://img.a.transfermarkt.technology/portrait/header/391005-1684772936.jpg?lm=1,1.0,0.0,,https://www.transfermarkt.co.uk/mads-roerslev/profil/spieler/391005,GB1,Brentford FC,4000000.0,12000000.0
391470,Marcus,Browne,Marcus Browne,2017,379,marcus-browne,England,London  ,England,1997-12-18 00:00:00,Attacking Midfield,Midfield,right,178.0,,CAA Base Ltd,https://img.a.transfermarkt.technology/portrait/header/391470-1483973801.jpg?lm=1,,,,https://www.transfermarkt.co.uk/marcus-browne/profil/spieler/391470,GB1,West Ham United,300000.0,900000.0
392179,Hjalmar,Ekdal,Hjalmar Ekdal,2025,1132,hjalmar-ekdal,Sweden,Stockholm  ,Sweden,1998-10-21 00:00:00,Centre-Back,Defender,right,187.0,2027-06-30 00:00:00,BHM Sports Agency,https://img.a.transfermarkt.technology/portrait/header/392179-1685717602.jpg?lm=1,13.0,0.0,,https://www.transfermarkt.co.uk/hjalmar-ekdal/profil/spieler/392179,GB1,Burnley FC,5000000.0,8000000.0
392591,Chiedozie,Ogbene,Chiedozie Ogbene,2025,677,chiedozie-ogbene,Nigeria,Lagos  ,Ireland,1997-05-01 00:00:00,Right Winger,Attack,right,181.0,2028-06-30 00:00:00,SEG,https://img.a.transfermarkt.technology/portrait/header/392591-1700737518.jpg?lm=1,35.0,5.0,3509.0,https://www.transfermarkt.co.uk/chiedozie-ogbene/profil/spieler/392591,GB1,Ipswich Town,4000000.0,8000000.0
392757,Marc,Guéhi,Marc Guéhi,2025,281,marc-guehi,Cote d'Ivoire,Abidjan  ,England,2000-07-13 00:00:00,Centre-Back,Defender,right,182.0,2031-06-30 00:00:00,Unique Sports Group,https://img.a.transfermarkt.technology/portrait/header/392757-1683030598.jpg?lm=1,34.0,1.0,,https://www.transfermarkt.co.uk/marc-guehi/profil/spieler/392757,GB1,Manchester City,70000000.0,70000000.0
392765,Emile,Smith Rowe,Emile Smith Rowe,2025,931,emile-smith-rowe,England,London  ,England,2000-07-28 00:00:00,Attacking Midfield,Midfield,right,182.0,2029-06-30 00:00:00,Jordan Wise,https://img.a.transfermarkt.technology/portrait/header/392765-1684164628.jpg?lm=1,3.0,1.0,,https://www.transfermarkt.co.uk/emile-smith-rowe/profil/spieler/392765,GB1,Fulham FC,20000000.0,40000000.0
392766,George,McEachran,George McEachran,2018,631,george-mceachran,England,Oxford  ,England,2000-08-30 00:00:00,Central Midfield,Midfield,left,172.0,2023-06-30 00:00:00,SBM,https://img.a.transfermarkt.technology/portrait/header/392766-1574325904.jpg?lm=1,,,,https://www.transfermarkt.co.uk/george-mceachran/profil/spieler/392766,GB1,Chelsea FC,200000.0,200000.0
392768,Callum,Hudson-Odoi,Callum Hudson-Odoi,2025,703,callum-hudson-odoi,England,London  ,England,2000-11-07 00:00:00,Left Winger,Attack,right,178.0,2028-06-30 00:00:00,BTS,https://img.a.transfermarkt.technology/portrait/header/392768-1659969850.png?lm=1,3.0,0.0,,https://www.transfermarkt.co.uk/callum-hudson-odoi/profil/spieler/392768,GB1,Nottingham Forest,30000000.0,35000000.0
392771,Ethan,Ampadu,Ethan Ampadu,2025,399,ethan-ampadu,England,Exeter  ,Wales,2000-09-14 00:00:00,Defensive Midfield,Midfield,right,182.0,2030-06-30 00:00:00,Platinum One Group,https://img.a.transfermarkt.technology/portrait/header/392771-1658829697.jpg?lm=1,63.0,0.0,,https://www.transfermarkt.co.uk/ethan-ampadu/profil/spieler/392771,GB1,Leeds United,30000000.0,30000000.0
392772,Marcel,Lavinier,Marcel Lavinier,2021,148,marcel-lavinier,England,London  ,Portugal,2000-12-16 00:00:00,Right-Back,Defender,right,185.0,,,https://img.a.transfermarkt.technology/portrait/header/392772-1598131209.jpg?lm=1,,,,https://www.transfermarkt.co.uk/marcel-lavinier/profil/spieler/392772,GB1,Tottenham Hotspur,300000.0,300000.0
392774,Kane,Wilson,Kane Wilson,2017,984,kane-wilson,England,Birmingham  ,England,2000-03-11 00:00:00,Right-Back,Defender,right,178.0,2025-06-30 00:00:00,Wasserman,https://img.a.transfermarkt.technology/portrait/header/default.jpg?lm=1,,,,https://www.transfermarkt.co.uk/kane-wilson/profil/spieler/392774,GB1,West Bromwich Albion,300000.0,350000.0
392775,Ryan,Sessegnon,Ryan Sessegnon,2025,931,ryan-sessegnon,England,London  ,England,2000-05-18 00:00:00,Left-Back,Defender,left,178.0,2027-06-30 00:00:00,Unique Sports Group,https://img.a.transfermarkt.technology/portrait/header/392775-1722077271.jpg?lm=1,20.0,1.0,,https://www.transfermarkt.co.uk/ryan-sessegnon/profil/spieler/392775,GB1,Fulham FC,22000000.0,35000000.0
393323,Brenden,Aaronson,Brenden Aaronson,2025,399,brenden-aaronson,United States,"Medford, New Jersey  ",United States,2000-10-22 00:00:00,Attacking Midfield,Midfield,right,177.0,2027-06-30 00:00:00,THE·TEAM,https://img.a.transfermarkt.technology/portrait/header/393323-1691614083.jpg?lm=1,59.0,9.0,,https://www.transfermarkt.co.uk/brenden-aaronson/profil/spieler/393323,GB1,Leeds United,22000000.0,30000000.0
394327,Boubacar,Kamara,Boubacar Kamara,2025,405,boubacar-kamara,France,Marseille  ,France,1999-11-23 00:00:00,Defensive Midfield,Midfield,right,184.0,2030-06-30 00:00:00,Sport Cover,https://img.a.transfermarkt.technology/portrait/header/394327-1736160460.jpg?lm=1,5.0,0.0,,https://www.transfermarkt.co.uk/boubacar-kamara/profil/spieler/394327,GB1,Aston Villa,40000000.0,40000000.0
395239,Claudio,Gomes,Claudio Gomes,2022,281,claudio-gomes,France,Argenteuil  ,France,2000-07-23 00:00:00,Defensive Midfield,Midfield,right,180.0,2027-06-30 00:00:00,Footinveston,https://img.a.transfermarkt.technology/portrait/header/395239-1494231247.jpg?lm=1,,,,https://www.transfermarkt.co.uk/claudio-gomes/profil/spieler/395239,GB1,Manchester City,1400000.0,1400000.0
395797,Sam,Hughes,Sam Hughes,2021,1003,sam-hughes,England,West Kirby  ,England,1997-04-15 00:00:00,Centre-Back,Defender,right,,2024-06-30 00:00:00,SEG,https://img.a.transfermarkt.technology/portrait/header/default.jpg?lm=1,,,,https://www.transfermarkt.co.uk/sam-hughes/profil/spieler/395797,GB1,Leicester City,350000.0,350000.0
396165,Callum,Whelan,Callum Whelan,2019,1010,callum-whelan,England,Barnsley  ,England,1998-09-24 00:00:00,Defensive Midfield,Midfield,right,175.0,2023-05-31 00:00:00,,https://img.a.transfermarkt.technology/portrait/header/default.jpg?lm=1,,,,https://www.transfermarkt.co.uk/callum-whelan/profil/spieler/396165,GB1,Watford FC,,
396174,Jimmy,Dunne,Jimmy Dunne,2025,1039,jimmy-dunne,Ireland,Dundalk  ,Ireland,1997-10-19 00:00:00,Right-Back,Defender,right,191.0,,Murdock Sports Group,https://img.a.transfermarkt.technology/portrait/header/396174-1679675984.jpg?lm=1,3.0,0.0,3509.0,https://www.transfermarkt.co.uk/jimmy-dunne/profil/spieler/396174,GB1,Queens Park Rangers,5000000.0,5000000.0
396284,Zak,Dearnley,Zak Dearnley,2016,985,zak-dearnley,England,Sheffield  ,England,1998-09-28 00:00:00,Centre-Forward,Attack,right,180.0,,,https://img.a.transfermarkt.technology/portrait/header/default.jpg?lm=1,,,,https://www.transfermarkt.co.uk/zak-dearnley/profil/spieler/396284,GB1,Manchester United,,
396857,Dan,Kemp,Dan Kemp,2019,379,dan-kemp,England,Sidcup  ,England,1999-01-11 00:00:00,Right Winger,Attack,left,168.0,2023-05-31 00:00:00,,https://img.a.transfermarkt.technology/portrait/header/default.jpg?lm=1,,,,https://www.transfermarkt.co.uk/dan-kemp/profil/spieler/396857,GB1,West Ham United,250000.0,300000.0
396859,Jamie,Cumming,Jamie Cumming,2019,631,jamie-cumming,England,Winchester  ,England,1999-09-04 00:00:00,Goalkeeper,Goalkeeper,right,185.0,2023-05-31 00:00:00,CAA Stellar,https://img.a.transfermarkt.technology/portrait/header/396859-1594727185.jpg?lm=1,,,,https://www.transfermarkt.co.uk/jamie-cumming/profil/spieler/396859,GB1,Chelsea FC,1000000.0,1000000.0
396861,Richard,Nartey,Richard Nartey,2020,1132,richard-nartey,England,London  ,England,1998-09-06 00:00:00,Centre-Back,Defender,right,185.0,2023-06-30 00:00:00,,https://img.a.transfermarkt.technology/portrait/header/default.jpg?lm=1,,,,https://www.transfermarkt.co.uk/richard-nartey/profil/spieler/396861,GB1,Burnley FC,150000.0,200000.0
397033,Sandro,Tonali,Sandro Tonali,2025,762,sandro-tonali,Italy,Lodi  ,Italy,2000-05-08 00:00:00,Defensive Midfield,Midfield,right,181.0,2032-06-30 00:00:00,GR Sports,https://img.a.transfermarkt.technology/portrait/header/397033-1688389270.jpg?lm=1,32.0,4.0,,https://www.transfermarkt.co.uk/sandro-tonali/profil/spieler/397033,GB1,Newcastle United,80000000.0,80000000.0
397102,Josh,Benson,Josh Benson,2020,1132,josh-benson,England,Thurrock  ,England,1999-12-05 00:00:00,Central Midfield,Midfield,right,175.0,2025-06-30 00:00:00,,https://img.a.transfermarkt.technology/portrait/header/default.jpg?lm=1,,,,https://www.transfermarkt.co.uk/josh-benson/profil/spieler/397102,GB1,Burnley FC,350000.0,400000.0
398065,Harvey,Barnes,Harvey Barnes,2025,762,harvey-barnes,England,Burnley  ,England,1997-12-09 00:00:00,Left Winger,Attack,right,182.0,2028-06-30 00:00:00,THE·TEAM,https://img.a.transfermarkt.technology/portrait/header/398065-1761079974.jpg?lm=1,2.0,0.0,,https://www.transfermarkt.co.uk/harvey-barnes/profil/spieler/398065,GB1,Newcastle United,32000000.0,35000000.0
398398,Callum,Buckley,Callum Buckley,2016,989,callum-buckley,,,England,1996-01-12 00:00:00,Left-Back,Defender,left,175.0,,,https://img.a.transfermarkt.technology/portrait/header/default.jpg?lm=1,,,,https://www.transfermarkt.co.uk/callum-buckley/profil/spieler/398398,GB1,AFC Bournemouth,,
399373,Morgan,Feeney,Morgan Feeney,2017,29,morgan-feeney,England,Bootle  ,England,1999-02-08 00:00:00,Centre-Back,Defender,right,190.0,2023-06-30 00:00:00,,https://img.a.transfermarkt.technology/portrait/header/default.jpg?lm=1,,,,https://www.transfermarkt.co.uk/morgan-feeney/profil/spieler/399373,GB1,Everton FC,175000.0,175000.0
399434,Marcus,Tavernier,Marcus Tavernier,2025,989,marcus-tavernier,England,Leeds  ,England,1999-03-22 00:00:00,Attacking Midfield,Midfield,left,178.0,2029-06-30 00:00:00,StormSportsX,https://img.a.transfermarkt.technology/portrait/header/399434-1700650360.jpg?lm=1,15.0,0.0,,https://www.transfermarkt.co.uk/marcus-tavernier/profil/spieler/399434,GB1,AFC Bournemouth,25000000.0,25000000.0
399776,Pau,Torres,Pau Torres,2025,405,pau-torres,Spain,Villarreal  ,Spain,1997-01-16 00:00:00,Centre-Back,Defender,left,192.0,2028-06-30 00:00:00,InterStarDeporte,https://img.a.transfermarkt.technology/portrait/header/399776-1765899002.jpg?lm=1,24.0,1.0,,https://www.transfermarkt.co.uk/pau-torres/profil/spieler/399776,GB1,Aston Villa,20000000.0,50000000.0
400536,Mads,Hermansen,Mads Hermansen,2025,379,mads-hermansen,Denmark,Odense  ,Denmark,2000-07-11 00:00:00,Goalkeeper,Goalkeeper,right,187.0,2030-06-30 00:00:00,CAA Stellar,https://img.a.transfermarkt.technology/portrait/header/400536-1707386039.jpg?lm=1,3.0,0.0,,https://www.transfermarkt.co.uk/mads-hermansen/profil/spieler/400536,GB1,West Ham United,15000000.0,18000000.0
401173,Jadon,Sancho,Jadon Sancho,2025,405,jadon-sancho,England,London  ,England,2000-03-25 00:00:00,Left Winger,Attack,right,180.0,,,https://img.a.transfermarkt.technology/portrait/header/401173-1688564217.jpg?lm=1,23.0,3.0,,https://www.transfermarkt.co.uk/jadon-sancho/profil/spieler/401173,GB1,Aston Villa,18000000.0,130000000.0
401320,Dara,O'Shea,Dara O'Shea,2025,677,dara-oshea,Ireland,Dublin  ,Ireland,1999-03-04 00:00:00,Centre-Back,Defender,right,189.0,2030-06-30 00:00:00,Unique Sports Group,https://img.a.transfermarkt.technology/portrait/header/401320-1632909442.jpg?lm=1,45.0,0.0,3509.0,https://www.transfermarkt.co.uk/dara-oshea/profil/spieler/401320,GB1,Ipswich Town,16000000.0,16000000.0
401356,Edson,Álvarez,Edson Álvarez,2025,379,edson-alvarez,Mexico,Tlalnepantla  ,Mexico,1997-10-24 00:00:00,Defensive Midfield,Midfield,right,190.0,2028-06-30 00:00:00,Muy Manero,https://img.a.transfermarkt.technology/portrait/header/401356-1765380634.jpg?lm=1,103.0,7.0,,https://www.transfermarkt.co.uk/edson-alvarez/profil/spieler/401356,GB1,West Ham United,15000000.0,35000000.0
401604,Michal,Karbownik,Michal Karbownik,2021,1237,michal-karbownik,Poland,Radom  ,Poland,2001-03-13 00:00:00,Left-Back,Defender,right,175.0,2023-06-30 00:00:00,UNIDOS,https://img.a.transfermarkt.technology/portrait/header/401604-1659559936.jpg?lm=1,,,,https://www.transfermarkt.co.uk/michal-karbownik/profil/spieler/401604,GB1,Brighton & Hove Albion,4000000.0,6000000.0
403151,Robert,Sánchez,Robert Sánchez,2025,631,robert-sanchez,Spain,Cartagena  ,Spain,1997-11-18 00:00:00,Goalkeeper,Goalkeeper,right,197.0,2030-06-30 00:00:00,CAA Stellar,https://img.a.transfermarkt.technology/portrait/header/403151-1695028195.jpg?lm=1,3.0,0.0,,https://www.transfermarkt.co.uk/robert-sanchez/profil/spieler/403151,GB1,Chelsea FC,22000000.0,32000000.0
403898,Jordan,Beyer,Jordan Beyer,2025,1132,jordan-beyer,Germany,Kempen  ,Germany,2000-05-19 00:00:00,Centre-Back,Defender,right,187.0,2027-06-30 00:00:00,Robert Schneider,https://img.a.transfermarkt.technology/portrait/header/403898-1685706514.jpg?lm=1,7.0,0.0,,https://www.transfermarkt.co.uk/jordan-beyer/profil/spieler/403898,GB1,Burnley FC,1500000.0,16000000.0
404386,Robbie,Burton,Robbie Burton,2019,11,robbie-burton,England,Gravesend  ,Wales,1999-12-26 00:00:00,Central Midfield,Midfield,right,175.0,,Football Capital,https://img.a.transfermarkt.technology/portrait/header/404386-1605121050.jpg?lm=1,,,,https://www.transfermarkt.co.uk/robbie-burton/profil/spieler/404386,GB1,Arsenal FC,300000.0,650000.0
404584,Marcus,Forss,Marcus Forss,2021,1148,marcus-forss,Finland,Turku  ,Finland,1999-06-18 00:00:00,Centre-Forward,Attack,right,182.0,2026-06-30 00:00:00,,https://img.a.transfermarkt.technology/portrait/header/404584-1538466238.jpg?lm=1,,,,https://www.transfermarkt.co.uk/marcus-forss/profil/spieler/404584,GB1,Brentford FC,3500000.0,4500000.0
404586,Tyreke,Johnson,Tyreke Johnson,2018,180,tyreke-johnson,England,Swindon  ,England,1998-11-03 00:00:00,Left Midfield,Midfield,right,173.0,2023-05-31 00:00:00,Twelve,https://img.a.transfermarkt.technology/portrait/header/404586-1587063654.jpg?lm=1,,,,https://www.transfermarkt.co.uk/tyreke-johnson/profil/spieler/404586,GB1,Southampton FC,,
404842,Vitaliy,Mykolenko,Vitaliy Mykolenko,2025,29,vitaliy-mykolenko,Ukraine,Cherkasy  ,Ukraine,1999-05-29 00:00:00,Left-Back,Defender,left,180.0,2029-06-30 00:00:00,ProStar,https://img.a.transfermarkt.technology/portrait/header/404842-1708012303.jpg?lm=1,54.0,1.0,,https://www.transfermarkt.co.uk/vitaliy-mykolenko/profil/spieler/404842,GB1,Everton FC,25000000.0,28000000.0
406556,Tom,McGill,Tom McGill,2025,1237,tom-mcgill,Canada,"Belleville, Ontario  ",Canada,2000-03-25 00:00:00,Goalkeeper,Goalkeeper,right,185.0,2027-06-30 00:00:00,CAA Base Ltd,https://img.a.transfermarkt.technology/portrait/header/406556-1718472851.jpg?lm=1,0.0,0.0,,https://www.transfermarkt.co.uk/tom-mcgill/profil/spieler/406556,GB1,Brighton & Hove Albion,500000.0,600000.0
406558,Steven,Sessegnon,Steven Sessegnon,2022,931,steven-sessegnon,,London  ,,2000-05-18 00:00:00,Right-Back,Defender,right,175.0,,Unique Sports Group,https://img.a.transfermarkt.technology/portrait/header/406558-1544621790.jpg?lm=1,,,,https://www.transfermarkt.co.uk/steven-sessegnon/profil/spieler/406558,GB1,Fulham FC,800000.0,2500000.0
406559,Timothy,Eyoma,Timothy Eyoma,2018,148,timothy-eyoma,England,London  ,England,2000-01-29 00:00:00,Right-Back,Defender,right,183.0,,TMUS Sports,https://img.a.transfermarkt.technology/portrait/header/406559-1494404408.jpg?lm=1,,,,https://www.transfermarkt.co.uk/timothy-eyoma/profil/spieler/406559,GB1,Tottenham Hotspur,500000.0,500000.0
406560,Rhian,Brewster,Rhian Brewster,2023,350,rhian-brewster,England,London  ,England,2000-04-01 00:00:00,Centre-Forward,Attack,right,180.0,2025-06-30 00:00:00,ROOF,https://img.a.transfermarkt.technology/portrait/header/406560-1684310874.jpg?lm=1,,,,https://www.transfermarkt.co.uk/rhian-brewster/profil/spieler/406560,GB1,Sheffield United,3000000.0,15000000.0
406633,Nya,Kirby,Nya Kirby,2020,873,nya-kirby,England,London  ,England,2000-01-31 00:00:00,Central Midfield,Midfield,right,174.0,,,https://img.a.transfermarkt.technology/portrait/header/default.jpg?lm=1,,,,https://www.transfermarkt.co.uk/nya-kirby/profil/spieler/406633,GB1,Crystal Palace,300000.0,300000.0
406635,Phil,Foden,Phil Foden,2025,281,phil-foden,England,Stockport  ,England,2000-05-28 00:00:00,Attacking Midfield,Midfield,left,171.0,2027-06-30 00:00:00,,https://img.a.transfermarkt.technology/portrait/header/406635-1668524492.jpg?lm=1,49.0,4.0,,https://www.transfermarkt.co.uk/phil-foden/profil/spieler/406635,GB1,Manchester City,70000000.0,150000000.0
406636,Jamie,Soule,Jamie Soule,2020,984,jamie-soule,England,Cheltenham  ,England,2000-11-26 00:00:00,Centre-Forward,Attack,right,183.0,2023-06-30 00:00:00,CAA Stellar,https://img.a.transfermarkt.technology/portrait/header/406636-1556807558.jpg?lm=1,,,,https://www.transfermarkt.co.uk/jamie-soule/profil/spieler/406636,GB1,West Bromwich Albion,,
406638,Oliver,Skipp,Oliver Skipp,2024,1003,oliver-skipp,England,Welwyn Garden City  ,England,2000-09-16 00:00:00,Defensive Midfield,Midfield,right,175.0,2029-06-30 00:00:00,ARETÉ,https://img.a.transfermarkt.technology/portrait/header/406638-1738824198.jpg?lm=1,24.0,0.0,,https://www.transfermarkt.co.uk/oliver-skipp/profil/spieler/406638,GB1,Leicester City,7000000.0,20000000.0
407021,Mads,Andersen,Mads Andersen,2023,1031,mads-andersen,Denmark,Albertslund  ,Denmark,1997-12-27 00:00:00,Centre-Back,Defender,right,194.0,,,https://img.a.transfermarkt.technology/portrait/header/407021-1612348755.jpg?lm=1,,,,https://www.transfermarkt.co.uk/mads-andersen/profil/spieler/407021,GB1,Luton Town,3000000.0,5000000.0
407487,Lloyd,Humphries,Lloyd Humphries,2018,603,lloyd-humphries,,,Wales,1997-10-03 00:00:00,Central Midfield,Midfield,,,,,https://img.a.transfermarkt.technology/portrait/header/default.jpg?lm=1,,,,https://www.transfermarkt.co.uk/lloyd-humphries/profil/spieler/407487,GB1,Cardiff City,,
408872,Paul,Smyth,Paul Smyth,2025,1039,paul-smyth,Northern Ireland,Belfast  ,Northern Ireland,1997-09-10 00:00:00,Right Winger,Attack,right,175.0,2026-06-30 00:00:00,Murdock Sports Group,https://img.a.transfermarkt.technology/portrait/header/408872-1615798482.jpg?lm=1,25.0,2.0,5674.0,https://www.transfermarkt.co.uk/paul-smyth/profil/spieler/408872,GB1,Queens Park Rangers,800000.0,800000.0
410225,Ismaïla,Sarr,Ismaïla Sarr,2025,873,ismaila-sarr,Senegal,Saint-Louis  ,Senegal,1998-02-25 00:00:00,Right Winger,Attack,right,185.0,2029-06-30 00:00:00,,https://img.a.transfermarkt.technology/portrait/header/410225-1765811669.jpg?lm=1,87.0,23.0,,https://www.transfermarkt.co.uk/ismaila-sarr/profil/spieler/410225,GB1,Crystal Palace,40000000.0,40000000.0
410425,Yves,Bissouma,Yves Bissouma,2025,148,yves-bissouma,Cote d'Ivoire,Issia  ,Mali,1996-08-30 00:00:00,Defensive Midfield,Midfield,right,182.0,,AMS CONSULTING,https://img.a.transfermarkt.technology/portrait/header/410425-1665607355.jpg?lm=1,46.0,5.0,,https://www.transfermarkt.co.uk/yves-bissouma/profil/spieler/410425,GB1,Tottenham Hotspur,10000000.0,35000000.0
410708,Pascal,Struijk,Pascal Struijk,2025,399,pascal-struijk,Belgium,Deurne  ,Netherlands,1999-08-11 00:00:00,Centre-Back,Defender,left,190.0,2031-06-30 00:00:00,Forza Sports Group,https://img.a.transfermarkt.technology/portrait/header/410708-1708002225.jpg?lm=1,3.0,0.0,,https://www.transfermarkt.co.uk/pascal-struijk/profil/spieler/410708,GB1,Leeds United,22000000.0,22000000.0
411495,Max,Sanders,Max Sanders,2020,1237,max-sanders,England,Crawley  ,England,1999-01-04 00:00:00,Central Midfield,Midfield,right,175.0,2023-06-30 00:00:00,,https://img.a.transfermarkt.technology/portrait/header/default.jpg?lm=1,,,,https://www.transfermarkt.co.uk/max-sanders/profil/spieler/411495,GB1,Brighton & Hove Albion,275000.0,275000.0
411537,Zian,Flemming,Zian Flemming,2025,1132,zian-flemming,Netherlands,Amsterdam  ,Netherlands,1998-08-01 00:00:00,Centre-Forward,Attack,right,185.0,2029-06-30 00:00:00,THE·TEAM,https://img.a.transfermarkt.technology/portrait/header/411537-1741273915.jpg?lm=1,,,,https://www.transfermarkt.co.uk/zian-flemming/profil/spieler/411537,GB1,Burnley FC,12000000.0,12000000.0
412596,Adam,Parkes,Adam Parkes,2019,1010,adam-parkes,England,Weymouth  ,England,1999-11-30 00:00:00,Goalkeeper,Goalkeeper,right,185.0,2023-06-30 00:00:00,Midas Sports,https://img.a.transfermarkt.technology/portrait/header/default.jpg?lm=1,,,,https://www.transfermarkt.co.uk/adam-parkes/profil/spieler/412596,GB1,Watford FC,150000.0,150000.0
412616,Giorgi,Chakvetadze,Giorgi Chakvetadze,2025,1010,giorgi-chakvetadze,Georgia,Tiflis  ,Georgia,1999-08-29 00:00:00,Attacking Midfield,Midfield,right,183.0,2029-06-30 00:00:00,Vision Foot,https://img.a.transfermarkt.technology/portrait/header/412616-1716542553.jpg?lm=1,39.0,10.0,3669.0,https://www.transfermarkt.co.uk/giorgi-chakvetadze/profil/spieler/412616,GB1,Watford FC,3500000.0,9000000.0
413032,Ibrahima,Diallo,Ibrahima Diallo,2022,180,ibrahima-diallo,France,Tours  ,France,1999-03-08 00:00:00,Defensive Midfield,Midfield,right,179.0,2024-06-30 00:00:00,Classico,https://img.a.transfermarkt.technology/portrait/header/413032-1558511607.png?lm=1,,,,https://www.transfermarkt.co.uk/ibrahima-diallo/profil/spieler/413032,GB1,Southampton FC,6500000.0,15000000.0
413039,Bryan,Mbeumo,Bryan Mbeumo,2025,985,bryan-mbeumo,France,Avallon  ,Cameroon,1999-08-07 00:00:00,Right Winger,Attack,left,171.0,2030-06-30 00:00:00,ESN,https://img.a.transfermarkt.technology/portrait/header/413039-1769532496.jpg?lm=1,32.0,7.0,,https://www.transfermarkt.co.uk/bryan-mbeumo/profil/spieler/413039,GB1,Manchester United,75000000.0,80000000.0
413220,James,Justin,James Justin,2025,399,james-justin,England,Luton  ,England,1998-02-23 00:00:00,Right-Back,Defender,both,183.0,2029-06-30 00:00:00,CAA Stellar,https://img.a.transfermarkt.technology/portrait/header/413220-1746646113.jpg?lm=1,1.0,0.0,,https://www.transfermarkt.co.uk/james-justin/profil/spieler/413220,GB1,Leeds United,12000000.0,25000000.0
413403,Ezri,Konsa,Ezri Konsa,2025,405,ezri-konsa,England,London  ,England,1997-10-23 00:00:00,Centre-Back,Defender,right,180.0,2028-06-30 00:00:00,CAA Stellar,https://img.a.transfermarkt.technology/portrait/header/413403-1700651779.jpg?lm=1,25.0,1.0,,https://www.transfermarkt.co.uk/ezri-konsa/profil/spieler/413403,GB1,Aston Villa,40000000.0,40000000.0
413507,Nikola,Milenković,Nikola Milenković,2025,703,nikola-milenkovic,Yugoslavia (Republic),Belgrade  ,Serbia,1997-10-12 00:00:00,Centre-Back,Defender,right,195.0,2029-06-30 00:00:00,LIAN Sports Group,https://img.a.transfermarkt.technology/portrait/header/413507-1661166461.jpg?lm=1,72.0,3.0,,https://www.transfermarkt.co.uk/nikola-milenkovic/profil/spieler/413507,GB1,Nottingham Forest,28000000.0,35000000.0
415381,Mats,Wieffer,Mats Wieffer,2025,1237,mats-wieffer,Netherlands,Borne  ,Netherlands,1999-11-16 00:00:00,Right-Back,Defender,right,189.0,2029-06-30 00:00:00,V4S,https://img.a.transfermarkt.technology/portrait/header/415381-1779892289.jpg?lm=1,15.0,1.0,,https://www.transfermarkt.co.uk/mats-wieffer/profil/spieler/415381,GB1,Brighton & Hove Albion,25000000.0,30000000.0
415912,Konstantinos,Mavropanos,Konstantinos Mavropanos,2025,379,konstantinos-mavropanos,Greece,Athens  ,Greece,1997-12-11 00:00:00,Centre-Back,Defender,right,194.0,2028-06-30 00:00:00,Konstantinos Farras,https://img.a.transfermarkt.technology/portrait/header/415912-1691999569.jpg?lm=1,42.0,2.0,,https://www.transfermarkt.co.uk/konstantinos-mavropanos/profil/spieler/415912,GB1,West Ham United,18000000.0,20000000.0
415970,Joe,Worrall,Joe Worrall,2025,1132,joe-worrall,England,Nottingham  ,England,1997-01-10 00:00:00,Centre-Back,Defender,right,190.0,2028-06-30 00:00:00,Footwork,https://img.a.transfermarkt.technology/portrait/header/415970-1712666411.png?lm=1,3.0,0.0,,https://www.transfermarkt.co.uk/joe-worrall/profil/spieler/415970,GB1,Burnley FC,2000000.0,12000000.0
416621,Jordan,Lee,Jordan Lee,2016,989,jordan-lee,England,Bournemouth  ,England,1996-12-31 00:00:00,Right-Back,Defender,right,178.0,,,https://img.a.transfermarkt.technology/portrait/header/default.jpg?lm=1,,,,https://www.transfermarkt.co.uk/jordan-lee/profil/spieler/416621,GB1,AFC Bournemouth,,
416622,Jordan,Green,Jordan Green,2015,989,jordan-green,England,London  ,England,1995-02-22 00:00:00,Right Winger,Attack,right,168.0,2023-06-30 00:00:00,Wasserman,https://img.a.transfermarkt.technology/portrait/header/default.jpg?lm=1,,,,https://www.transfermarkt.co.uk/jordan-green/profil/spieler/416622,GB1,AFC Bournemouth,125000.0,125000.0
417346,Jack,Harrison,Jack Harrison,2025,399,jack-harrison,England,Stoke-on-Trent  ,England,1996-11-20 00:00:00,Left Winger,Attack,left,175.0,2028-06-30 00:00:00,,https://img.a.transfermarkt.technology/portrait/header/417346-1711746777.jpg?lm=1,2.0,0.0,,https://www.transfermarkt.co.uk/jack-harrison/profil/spieler/417346,GB1,Leeds United,6500000.0,28000000.0
418560,Erling,Haaland,Erling Haaland,2025,281,erling-haaland,England,Leeds  ,Norway,2000-07-21 00:00:00,Centre-Forward,Attack,left,195.0,2034-06-30 00:00:00,Rafaela Pimenta,https://img.a.transfermarkt.technology/portrait/header/418560-1709108116.png?lm=1,54.0,62.0,,https://www.transfermarkt.co.uk/erling-haaland/profil/spieler/418560,GB1,Manchester City,200000000.0,200000000.0
419325,Lewis,Gibson,Lewis Gibson,2019,29,lewis-gibson,England,Durham  ,England,2000-07-19 00:00:00,Centre-Back,Defender,left,185.0,2023-05-31 00:00:00,Wasserman,https://img.a.transfermarkt.technology/portrait/header/419325-1494403993.jpg?lm=1,,,,https://www.transfermarkt.co.uk/lewis-gibson/profil/spieler/419325,GB1,Everton FC,900000.0,900000.0
420002,Jean-Philippe,Mateta,Jean-Philippe Mateta,2025,873,jean-philippe-mateta,France,Sevran  ,France,1997-06-28 00:00:00,Centre-Forward,Attack,right,192.0,2027-06-30 00:00:00,Paul Latouche,https://img.a.transfermarkt.technology/portrait/header/420002-1723202650.jpg?lm=1,7.0,2.0,,https://www.transfermarkt.co.uk/jean-philippe-mateta/profil/spieler/420002,GB1,Crystal Palace,30000000.0,40000000.0
420243,Jurriën,Timber,Jurriën Timber,2025,11,jurrien-timber,Netherlands,Utrecht  ,Netherlands,2001-06-17 00:00:00,Right-Back,Defender,right,179.0,2028-06-30 00:00:00,Forza Sports Group,https://img.a.transfermarkt.technology/portrait/header/420243-1702413077.jpg?lm=1,23.0,0.0,,https://www.transfermarkt.co.uk/jurrien-timber/profil/spieler/420243,GB1,Arsenal FC,70000000.0,70000000.0
420808,George,Hirst,George Hirst,2025,677,george-hirst,England,Sheffield  ,Scotland,1999-02-15 00:00:00,Centre-Forward,Attack,right,191.0,2029-06-30 00:00:00,Footwork,https://img.a.transfermarkt.technology/portrait/header/420808-1738823357.jpg?lm=1,10.0,1.0,3380.0,https://www.transfermarkt.co.uk/george-hirst/profil/spieler/420808,GB1,Ipswich Town,10000000.0,10000000.0
421637,Frank,Onyeka,Frank Onyeka,2025,1148,frank-onyeka,Nigeria,Abuya  ,Nigeria,1998-01-01 00:00:00,Central Midfield,Midfield,right,183.0,2030-06-30 00:00:00,CAA Base Ltd,https://img.a.transfermarkt.technology/portrait/header/421637-1726605377.jpg?lm=1,45.0,3.0,,https://www.transfermarkt.co.uk/frank-onyeka/profil/spieler/421637,GB1,Brentford FC,8000000.0,10000000.0
423440,Martín,Zubimendi,Martín Zubimendi,2025,11,martin-zubimendi,Spain,Donostia-San Sebastián  ,Spain,1999-02-02 00:00:00,Defensive Midfield,Midfield,right,181.0,2030-06-30 00:00:00,IDUB GLOBAL,https://img.a.transfermarkt.technology/portrait/header/423440-1684149419.jpg?lm=1,26.0,3.0,,https://www.transfermarkt.co.uk/martin-zubimendi/profil/spieler/423440,GB1,Arsenal FC,75000000.0,80000000.0
423571,Alfie,Lewis,Alfie Lewis,2019,379,alfie-lewis,England,London  ,England,1999-09-28 00:00:00,Central Midfield,Midfield,right,169.0,2023-11-30 00:00:00,PIR,https://img.a.transfermarkt.technology/portrait/header/default.jpg?lm=1,,,,https://www.transfermarkt.co.uk/alfie-lewis/profil/spieler/423571,GB1,West Ham United,100000.0,100000.0
424015,Nathan,Patterson,Nathan Patterson,2025,29,nathan-patterson,Scotland,Glasgow  ,Scotland,2001-10-16 00:00:00,Right-Back,Defender,right,183.0,2027-06-30 00:00:00,SA33,https://img.a.transfermarkt.technology/portrait/header/424015-1736161412.jpg?lm=1,29.0,1.0,,https://www.transfermarkt.co.uk/nathan-patterson/profil/spieler/424015,GB1,Everton FC,10000000.0,16000000.0
424051,Samuel,Kalu,Samuel Kalu,2021,1010,samuel-kalu,Nigeria,Abia State  ,Nigeria,1997-08-26 00:00:00,Right Winger,Attack,right,177.0,2025-06-30 00:00:00,DW Sports Management,https://img.a.transfermarkt.technology/portrait/header/424051-1485425928.jpg?lm=1,,,,https://www.transfermarkt.co.uk/samuel-kalu/profil/spieler/424051,GB1,Watford FC,2500000.0,10000000.0
424901,Joe,Tupper,Joe Tupper,2018,873,joe-tupper,,,England,1997-11-15 00:00:00,Goalkeeper,Goalkeeper,right,184.0,,Footfeel ISM,https://img.a.transfermarkt.technology/portrait/header/default.jpg?lm=1,,,,https://www.transfermarkt.co.uk/joe-tupper/profil/spieler/424901,GB1,Crystal Palace,,
425026,Josh,Knight,Josh Knight,2020,1003,josh-knight,England,Leicester  ,England,1997-09-07 00:00:00,Centre-Back,Defender,right,185.0,2024-06-30 00:00:00,Midas Sports,https://img.a.transfermarkt.technology/portrait/header/425026-1625480153.jpg?lm=1,,,,https://www.transfermarkt.co.uk/josh-knight/profil/spieler/425026,GB1,Leicester City,1000000.0,1000000.0
425334,Matty,Cash,Matty Cash,2025,405,matty-cash,England,Slough  ,Poland,1997-08-07 00:00:00,Right-Back,Defender,right,185.0,2029-06-30 00:00:00,Two Touch Agency,https://img.a.transfermarkt.technology/portrait/header/425334-1668091733.jpg?lm=1,25.0,4.0,,https://www.transfermarkt.co.uk/matty-cash/profil/spieler/425334,GB1,Aston Villa,22000000.0,28000000.0
425713,Akin,Famewo,Akin Famewo,2021,1123,akin-famewo,England,London  ,England,1998-11-09 00:00:00,Centre-Back,Defender,left,188.0,2025-06-30 00:00:00,,https://img.a.transfermarkt.technology/portrait/header/425713-1615797268.jpg?lm=1,,,,https://www.transfermarkt.co.uk/akin-famewo/profil/spieler/425713,GB1,Norwich City,300000.0,300000.0
425894,Cameron,John,Cameron John,2018,543,cameron-john,England,Romford  ,England,1999-08-24 00:00:00,Centre-Back,Defender,left,181.0,2024-06-30 00:00:00,,https://img.a.transfermarkt.technology/portrait/header/default.jpg?lm=1,,,,https://www.transfermarkt.co.uk/cameron-john/profil/spieler/425894,GB1,Wolverhampton Wanderers,150000.0,175000.0
425902,Ryan,Yates,Ryan Yates,2025,703,ryan-yates,England,Lincoln  ,England,1997-11-21 00:00:00,Central Midfield,Midfield,right,190.0,2028-06-30 00:00:00,CAA Base Ltd,https://img.a.transfermarkt.technology/portrait/header/425902-1684239778.jpg?lm=1,,,,https://www.transfermarkt.co.uk/ryan-yates/profil/spieler/425902,GB1,Nottingham Forest,7000000.0,13000000.0
425918,Jakub,Kiwior,Jakub Kiwior,2025,11,jakub-kiwior,Poland,Tychy  ,Poland,2000-02-15 00:00:00,Centre-Back,Defender,left,189.0,2030-06-30 00:00:00,FairSport,https://img.a.transfermarkt.technology/portrait/header/425918-1683101307.jpg?lm=1,45.0,2.0,,https://www.transfermarkt.co.uk/jakub-kiwior/profil/spieler/425918,GB1,Arsenal FC,35000000.0,35000000.0
426192,Ben,Brereton Díaz,Ben Brereton Díaz,2025,180,ben-brereton-diaz,England,Stoke-on-Trent  ,Chile,1999-04-18 00:00:00,Centre-Forward,Attack,right,185.0,2028-06-30 00:00:00,THE·TEAM,https://img.a.transfermarkt.technology/portrait/header/426192-1684144984.jpg?lm=1,42.0,10.0,3700.0,https://www.transfermarkt.co.uk/ben-brereton-diaz/profil/spieler/426192,GB1,Southampton FC,5000000.0,16000000.0
427568,Aaron,Ramsdale,Aaron Ramsdale,2025,762,aaron-ramsdale,England,Stoke-on-Trent  ,England,1998-05-14 00:00:00,Goalkeeper,Goalkeeper,right,190.0,2028-06-30 00:00:00,World in Motion,https://img.a.transfermarkt.technology/portrait/header/427568-1681828000.jpg?lm=1,5.0,0.0,,https://www.transfermarkt.co.uk/aaron-ramsdale/profil/spieler/427568,GB1,Newcastle United,12000000.0,40000000.0
427927,Jordan,Davies,Jordan Davies,2019,1237,jordan-davies,Wales,Coedpoeth  ,Wales,1998-08-18 00:00:00,Central Midfield,Midfield,left,,2025-06-30 00:00:00,OmniSports,https://img.a.transfermarkt.technology/portrait/header/427927-1681395478.jpg?lm=1,,,,https://www.transfermarkt.co.uk/jordan-davies/profil/spieler/427927,GB1,Brighton & Hove Albion,,
428016,Brandon,Austin,Brandon Austin,2025,148,brandon-austin,England,Hemel Hempstead  ,England,1999-01-08 00:00:00,Goalkeeper,Goalkeeper,right,188.0,2029-06-30 00:00:00,Unique Sports Group,https://img.a.transfermarkt.technology/portrait/header/428016-1737735261.jpg?lm=1,0.0,0.0,,https://www.transfermarkt.co.uk/brandon-austin/profil/spieler/428016,GB1,Tottenham Hotspur,500000.0,600000.0
428061,Riley,McGree,Riley McGree,2025,641,riley-mcgree,Australia,Gawler  ,Australia,1998-11-02 00:00:00,Central Midfield,Midfield,left,178.0,2028-06-30 00:00:00,Unique Sports Group,https://img.a.transfermarkt.technology/portrait/header/428061-1642195656.jpg?lm=1,35.0,1.0,3433.0,https://www.transfermarkt.co.uk/riley-mcgree/profil/spieler/428061,GB1,Middlesbrough FC,3500000.0,4000000.0
429014,Morgan,Gibbs-White,Morgan Gibbs-White,2025,703,morgan-gibbs-white,England,Stafford  ,England,2000-01-27 00:00:00,Attacking Midfield,Midfield,right,171.0,2028-06-30 00:00:00,CAA Stellar,https://img.a.transfermarkt.technology/portrait/header/429014-1687975822.jpg?lm=1,6.0,0.0,,https://www.transfermarkt.co.uk/morgan-gibbs-white/profil/spieler/429014,GB1,Nottingham Forest,70000000.0,70000000.0
429915,Maxim,De Cuyper,Maxim De Cuyper,2025,1237,maxim-de-cuyper,Belgium,Knokke-Heist  ,Belgium,2000-12-22 00:00:00,Left-Back,Defender,left,182.0,2030-06-30 00:00:00,AXL,https://img.a.transfermarkt.technology/portrait/header/429915-1733899691.jpg?lm=1,25.0,4.0,,https://www.transfermarkt.co.uk/maxim-de-cuyper/profil/spieler/429915,GB1,Brighton & Hove Albion,22000000.0,22000000.0
429983,Jørgen Strand,Larsen,Jørgen Strand Larsen,2025,543,jorgen-strand-larsen,Norway,Halden  ,Norway,2000-02-06 00:00:00,Centre-Forward,Attack,right,193.0,2030-06-30 00:00:00,TPSportManagement,https://img.a.transfermarkt.technology/portrait/header/429983-1743541067.jpg?lm=1,29.0,6.0,,https://www.transfermarkt.co.uk/jorgen-strand-larsen/profil/spieler/429983,GB1,Wolverhampton Wanderers,40000000.0,45000000.0
430310,Andrew,Irving,Andrew Irving,2025,379,andrew-irving,Scotland,Edinburgh  ,Scotland,2000-05-13 00:00:00,Central Midfield,Midfield,left,190.0,2029-06-30 00:00:00,,https://img.a.transfermarkt.technology/portrait/header/430310-1692965140.png?lm=1,1.0,0.0,,https://www.transfermarkt.co.uk/andrew-irving/profil/spieler/430310,GB1,West Ham United,4500000.0,5000000.0
430788,Tom,Edwards,Tom Edwards,2017,512,tom-edwards,England,Stafford  ,England,1999-01-22 00:00:00,Right-Back,Defender,right,176.0,2024-06-30 00:00:00,Beswicks Sports Ltd,https://img.a.transfermarkt.technology/portrait/header/430788-1645118461.jpg?lm=1,,,,https://www.transfermarkt.co.uk/tom-edwards/profil/spieler/430788,GB1,Stoke City,1200000.0,3000000.0
431424,George,Marsh,George Marsh,2018,148,george-marsh,England,Pembury  ,England,1998-11-05 00:00:00,Defensive Midfield,Midfield,right,177.0,2023-06-30 00:00:00,Lee Marsh,https://img.a.transfermarkt.technology/portrait/header/default.jpg?lm=1,,,,https://www.transfermarkt.co.uk/george-marsh/profil/spieler/431424,GB1,Tottenham Hotspur,250000.0,250000.0
431755,Dejan,Kulusevski,Dejan Kulusevski,2025,148,dejan-kulusevski,Sweden,Stockholm  ,Sweden,2000-04-25 00:00:00,Attacking Midfield,Midfield,left,186.0,2028-06-30 00:00:00,World Soccer Agency,https://img.a.transfermarkt.technology/portrait/header/431755-1684943454.jpg?lm=1,45.0,5.0,,https://www.transfermarkt.co.uk/dejan-kulusevski/profil/spieler/431755,GB1,Tottenham Hotspur,17000000.0,60000000.0
432164,,Igor Jesus,Igor Jesus,2025,703,igor-jesus,Brazil,Cuiabá  ,Brazil,2001-02-25 00:00:00,Centre-Forward,Attack,right,179.0,2029-06-30 00:00:00,JBSports,https://img.a.transfermarkt.technology/portrait/header/432164-1725325779.jpg?lm=1,5.0,1.0,,https://www.transfermarkt.co.uk/igor-jesus/profil/spieler/432164,GB1,Nottingham Forest,25000000.0,25000000.0
432293,Luke,Dreher,Luke Dreher,2018,873,luke-dreher,England,Epsom  ,England,1998-11-27 00:00:00,Central Midfield,Midfield,right,184.0,,Footfeel ISM,https://img.a.transfermarkt.technology/portrait/header/default.jpg?lm=1,,,,https://www.transfermarkt.co.uk/luke-dreher/profil/spieler/432293,GB1,Crystal Palace,,
432914,,John Victor,John Victor,2025,703,john-victor,Brazil,Diadema  ,Brazil,1996-02-13 00:00:00,Goalkeeper,Goalkeeper,right,197.0,2028-06-30 00:00:00,Bertolucci Sports,https://img.a.transfermarkt.technology/portrait/header/432914-1734107350.jpg?lm=1,0.0,0.0,,https://www.transfermarkt.co.uk/john-victor/profil/spieler/432914,GB1,Nottingham Forest,5000000.0,8000000.0
433177,Bukayo,Saka,Bukayo Saka,2025,11,bukayo-saka,England,London  ,England,2001-09-05 00:00:00,Right Winger,Attack,left,178.0,2030-06-30 00:00:00,,https://img.a.transfermarkt.technology/portrait/header/433177-1684155052.jpg?lm=1,54.0,14.0,,https://www.transfermarkt.co.uk/bukayo-saka/profil/spieler/433177,GB1,Arsenal FC,110000000.0,150000000.0
433180,Elijah,Dixon-Bonner,Elijah Dixon-Bonner,2021,31,elijah-dixon-bonner,England,London  ,England,2001-01-01 00:00:00,Central Midfield,Midfield,right,,,,https://img.a.transfermarkt.technology/portrait/header/433180-1655974491.png?lm=1,,,,https://www.transfermarkt.co.uk/elijah-dixon-bonner/profil/spieler/433180,GB1,Liverpool FC,200000.0,300000.0
433182,Luis,Longstaff,Luis Longstaff,2019,31,luis-longstaff,England,Darlington  ,England,2001-02-24 00:00:00,Right Winger,Attack,left,167.0,2023-05-31 00:00:00,PIR,https://img.a.transfermarkt.technology/portrait/header/default.jpg?lm=1,,,,https://www.transfermarkt.co.uk/luis-longstaff/profil/spieler/433182,GB1,Liverpool FC,150000.0,150000.0
433183,Tommy,Doyle,Tommy Doyle,2025,543,tommy-doyle,England,Manchester  ,England,2001-10-17 00:00:00,Central Midfield,Midfield,right,172.0,2028-06-30 00:00:00,Unique Sports Group,https://img.a.transfermarkt.technology/portrait/header/433183-1682690588.jpg?lm=1,13.0,0.0,,https://www.transfermarkt.co.uk/tommy-doyle/profil/spieler/433183,GB1,Wolverhampton Wanderers,7000000.0,10000000.0
433184,Rayhaan,Tulloch,Rayhaan Tulloch,2017,984,rayhaan-tulloch,England,Birmingham  ,England,2001-01-20 00:00:00,Second Striker,Attack,right,178.0,,,https://img.a.transfermarkt.technology/portrait/header/433184-1632909277.jpg?lm=1,,,,https://www.transfermarkt.co.uk/rayhaan-tulloch/profil/spieler/433184,GB1,West Bromwich Albion,200000.0,200000.0
433186,Bali,Mumba,Bali Mumba,2021,1123,bali-mumba,England,South Shields  ,England,2001-10-08 00:00:00,Right-Back,Defender,right,168.0,2023-05-31 00:00:00,Wasserman,https://img.a.transfermarkt.technology/portrait/header/433186-1544621857.jpg?lm=1,,,,https://www.transfermarkt.co.uk/bali-mumba/profil/spieler/433186,GB1,Norwich City,1500000.0,1500000.0
433188,Curtis,Jones,Curtis Jones,2025,31,curtis-jones,England,Liverpool  ,England,2001-01-30 00:00:00,Central Midfield,Midfield,right,185.0,2027-06-30 00:00:00,THE·TEAM,https://img.a.transfermarkt.technology/portrait/header/433188-1701681163.jpg?lm=1,6.0,1.0,,https://www.transfermarkt.co.uk/curtis-jones/profil/spieler/433188,GB1,Liverpool FC,35000000.0,50000000.0
433818,Scott,Twine,Scott Twine,2023,1132,scott-twine,England,Swindon  ,England,1999-07-14 00:00:00,Attacking Midfield,Midfield,right,174.0,2028-06-30 00:00:00,,https://img.a.transfermarkt.technology/portrait/header/433818-1645779459.jpg?lm=1,,,,https://www.transfermarkt.co.uk/scott-twine/profil/spieler/433818,GB1,Burnley FC,3000000.0,3000000.0
433991,Ethan,Galbraith,Ethan Galbraith,2025,2288,ethan-galbraith,Northern Ireland,Glengormley  ,Northern Ireland,2001-05-11 00:00:00,Central Midfield,Midfield,right,175.0,2028-06-30 00:00:00,CAA Base Ltd,https://img.a.transfermarkt.technology/portrait/header/433991-1629189986.jpg?lm=1,16.0,0.0,5674.0,https://www.transfermarkt.co.uk/ethan-galbraith/profil/spieler/433991,GB1,Swansea City,2500000.0,2500000.0
434015,Terry,Ablade,Terry Ablade,2022,931,terry-ablade,Ghana,Accra  ,Finland,2001-10-12 00:00:00,Centre-Forward,Attack,,,2025-06-30 00:00:00,CSM,https://img.a.transfermarkt.technology/portrait/header/434015-1639406353.jpg?lm=1,,,,https://www.transfermarkt.co.uk/terry-ablade/profil/spieler/434015,GB1,Fulham FC,200000.0,200000.0
434207,Aaron,Connolly,Aaron Connolly,2022,1237,aaron-connolly,Ireland,Galway  ,Ireland,2000-01-28 00:00:00,Centre-Forward,Attack,right,174.0,2024-06-30 00:00:00,,https://img.a.transfermarkt.technology/portrait/header/434207-1614851750.jpg?lm=1,,,,https://www.transfermarkt.co.uk/aaron-connolly/profil/spieler/434207,GB1,Brighton & Hove Albion,3500000.0,7000000.0
434224,Maxence,Lacroix,Maxence Lacroix,2025,873,maxence-lacroix,France,Villeneuve-Saint-Georges  ,France,2000-04-06 00:00:00,Centre-Back,Defender,right,190.0,2029-06-30 00:00:00,Unique Sports Group,https://img.a.transfermarkt.technology/portrait/header/434224-1657202248.jpg?lm=1,5.0,0.0,,https://www.transfermarkt.co.uk/maxence-lacroix/profil/spieler/434224,GB1,Crystal Palace,50000000.0,50000000.0
434675,Cody,Gakpo,Cody Gakpo,2025,31,cody-gakpo,Netherlands,Eindhoven  ,Netherlands,1999-05-07 00:00:00,Left Winger,Attack,right,193.0,2030-06-30 00:00:00,SEG,https://img.a.transfermarkt.technology/portrait/header/434675-1682690965.jpg?lm=1,54.0,24.0,,https://www.transfermarkt.co.uk/cody-gakpo/profil/spieler/434675,GB1,Liverpool FC,60000000.0,70000000.0
435062,Callum,Styles,Callum Styles,2025,984,callum-styles,England,Oldham  ,Hungary,2000-03-27 00:00:00,Left-Back,Defender,left,167.0,2030-06-30 00:00:00,THE·TEAM,https://img.a.transfermarkt.technology/portrait/header/435062-1612349230.jpg?lm=1,31.0,0.0,3468.0,https://www.transfermarkt.co.uk/callum-styles/profil/spieler/435062,GB1,West Bromwich Albion,3000000.0,3500000.0
435338,,Gabriel,Gabriel,2025,11,gabriel,Brazil,São Paulo  ,Brazil,1997-12-19 00:00:00,Centre-Back,Defender,left,190.0,2029-06-30 00:00:00,Bertolucci Sports,https://img.a.transfermarkt.technology/portrait/header/435338-1684162833.jpg?lm=1,22.0,1.0,,https://www.transfermarkt.co.uk/gabriel/profil/spieler/435338,GB1,Arsenal FC,75000000.0,75000000.0
435648,Joshua,Zirkzee,Joshua Zirkzee,2025,985,joshua-zirkzee,Netherlands,Schiedam  ,Netherlands,2001-05-22 00:00:00,Centre-Forward,Attack,right,193.0,2029-06-30 00:00:00,Sports Invest UK ltd,https://img.a.transfermarkt.technology/portrait/header/435648-1775738266.jpg?lm=1,6.0,1.0,,https://www.transfermarkt.co.uk/joshua-zirkzee/profil/spieler/435648,GB1,Manchester United,20000000.0,50000000.0
435765,Corey,Jordan,Corey Jordan,2019,989,corey-jordan,England,Bournemouth  ,England,1999-03-04 00:00:00,Centre-Back,Defender,right,188.0,2023-06-30 00:00:00,,https://img.a.transfermarkt.technology/portrait/header/default.jpg?lm=1,,,,https://www.transfermarkt.co.uk/corey-jordan/profil/spieler/435765,GB1,AFC Bournemouth,,
438001,Santiago,Bueno,Santiago Bueno,2025,543,santiago-bueno,Uruguay,Montevideo  ,Uruguay,1998-11-09 00:00:00,Centre-Back,Defender,right,191.0,2028-06-30 00:00:00,,https://img.a.transfermarkt.technology/portrait/header/438001-1738823992.jpg?lm=1,8.0,0.0,,https://www.transfermarkt.co.uk/santiago-bueno/profil/spieler/438001,GB1,Wolverhampton Wanderers,10000000.0,10000000.0
442248,Ethan,Pinnock,Ethan Pinnock,2025,1148,ethan-pinnock,England,London  ,Jamaica,1993-05-29 00:00:00,Centre-Back,Defender,left,194.0,2027-06-30 00:00:00,Two Touch Agency,https://img.a.transfermarkt.technology/portrait/header/442248-1719836196.jpg?lm=1,28.0,0.0,,https://www.transfermarkt.co.uk/ethan-pinnock/profil/spieler/442248,GB1,Brentford FC,3000000.0,15000000.0
444208,Michael,Obafemi,Michael Obafemi,2025,1132,michael-obafemi,Ireland,Dublin  ,Ireland,2000-07-06 00:00:00,Centre-Forward,Attack,right,170.0,2027-06-30 00:00:00,PlayerWorks,https://img.a.transfermarkt.technology/portrait/header/444208-1700738918.jpg?lm=1,12.0,2.0,,https://www.transfermarkt.co.uk/michael-obafemi/profil/spieler/444208,GB1,Burnley FC,600000.0,5000000.0
444523,Lucas,Paquetá,Lucas Paquetá,2025,379,lucas-paqueta,Brazil,Rio de Janeiro  ,Brazil,1997-08-27 00:00:00,Attacking Midfield,Midfield,left,183.0,2030-12-31 00:00:00,Roc Nation Sports,https://img.a.transfermarkt.technology/portrait/header/444523-1780929763.jpg?lm=1,67.0,13.0,,https://www.transfermarkt.co.uk/lucas-paqueta/profil/spieler/444523,GB1,West Ham United,32000000.0,65000000.0
444641,Louie,Moulden,Louie Moulden,2023,543,louie-moulden,England,Bolton  ,England,2002-01-06 00:00:00,Goalkeeper,Goalkeeper,right,190.0,,Unique Sports Group,https://img.a.transfermarkt.technology/portrait/header/444641-1575280505.png?lm=1,,,,https://www.transfermarkt.co.uk/louie-moulden/profil/spieler/444641,GB1,Wolverhampton Wanderers,175000.0,200000.0
445939,Omar,Marmoush,Omar Marmoush,2025,281,omar-marmoush,Egypt,Cairo  ,Egypt,1999-02-07 00:00:00,Centre-Forward,Attack,right,183.0,2029-06-30 00:00:00,CAA Stellar,https://img.a.transfermarkt.technology/portrait/header/445939-1747656490.jpg?lm=1,55.0,11.0,,https://www.transfermarkt.co.uk/omar-marmoush/profil/spieler/445939,GB1,Manchester City,50000000.0,75000000.0
447661,,Douglas Luiz,Douglas Luiz,2025,703,douglas-luiz,Brazil,Rio de Janeiro  ,Brazil,1998-05-09 00:00:00,Central Midfield,Midfield,right,177.0,2029-06-30 00:00:00,Bertolucci Sports,https://img.a.transfermarkt.technology/portrait/header/447661-1696598670.jpg?lm=1,18.0,0.0,,https://www.transfermarkt.co.uk/douglas-luiz/profil/spieler/447661,GB1,Nottingham Forest,18000000.0,70000000.0
447995,Ross,Stewart,Ross Stewart,2024,180,ross-stewart,Scotland,Irvine  ,Scotland,1996-07-11 00:00:00,Centre-Forward,Attack,right,188.0,2026-06-30 00:00:00,,https://img.a.transfermarkt.technology/portrait/header/447995-1645779367.jpg?lm=1,2.0,0.0,,https://www.transfermarkt.co.uk/ross-stewart/profil/spieler/447995,GB1,Southampton FC,2800000.0,4500000.0
450050,Jean-Ricner,Bellegarde,Jean-Ricner Bellegarde,2025,543,jean-ricner-bellegarde,France,Colombes  ,Haiti,1998-06-27 00:00:00,Central Midfield,Midfield,right,170.0,2028-06-30 00:00:00,,https://img.a.transfermarkt.technology/portrait/header/450050-1769112628.jpg?lm=1,13.0,0.0,,https://www.transfermarkt.co.uk/jean-ricner-bellegarde/profil/spieler/450050,GB1,Wolverhampton Wanderers,16000000.0,18000000.0
451276,Dominik,Szoboszlai,Dominik Szoboszlai,2025,31,dominik-szoboszlai,Hungary,Székesfehérvár  ,Hungary,2000-10-25 00:00:00,Attacking Midfield,Midfield,right,187.0,2028-06-30 00:00:00,EM Sports Consulting,https://img.a.transfermarkt.technology/portrait/header/451276-1758715234.jpg?lm=1,65.0,18.0,,https://www.transfermarkt.co.uk/dominik-szoboszlai/profil/spieler/451276,GB1,Liverpool FC,100000000.0,100000000.0
453306,Josh,Clackstone,Josh Clackstone,2016,3008,josh-clackstone,England,Beverley  ,England,1996-09-18 00:00:00,Right-Back,Defender,right,,2023-06-30 00:00:00,,https://img.a.transfermarkt.technology/portrait/header/default.jpg?lm=1,,,,https://www.transfermarkt.co.uk/josh-clackstone/profil/spieler/453306,GB1,Hull City,,
454576,Róbert,Boženík,Róbert Boženík,2025,512,robert-bozenik,Slovakia,Terchová  ,Slovakia,1999-11-18 00:00:00,Centre-Forward,Attack,right,188.0,2028-06-30 00:00:00,ROGON,https://img.a.transfermarkt.technology/portrait/header/454576-1716968211.jpg?lm=1,57.0,8.0,3503.0,https://www.transfermarkt.co.uk/robert-bozenik/profil/spieler/454576,GB1,Stoke City,2500000.0,5000000.0
455661,Nick,Woltemade,Nick Woltemade,2025,762,nick-woltemade,Germany,Bremen  ,Germany,2002-02-14 00:00:00,Centre-Forward,Attack,right,198.0,2031-06-30 00:00:00,,https://img.a.transfermarkt.technology/portrait/header/455661-1779983237.jpg?lm=1,12.0,4.0,,https://www.transfermarkt.co.uk/nick-woltemade/profil/spieler/455661,GB1,Newcastle United,55000000.0,70000000.0
456111,Will,Mannion,Will Mannion,2016,3008,will-mannion,England,London  ,England,1998-05-05 00:00:00,Goalkeeper,Goalkeeper,right,191.0,2024-06-30 00:00:00,World in Motion,https://img.a.transfermarkt.technology/portrait/header/456111-1513066823.jpg?lm=1,,,,https://www.transfermarkt.co.uk/will-mannion/profil/spieler/456111,GB1,Hull City,150000.0,150000.0
456292,Ellery,Balcombe,Ellery Balcombe,2025,1148,ellery-balcombe,England,Bedfordshire  ,England,1999-10-15 00:00:00,Goalkeeper,Goalkeeper,right,190.0,2027-06-30 00:00:00,Straight Ace Sports,https://img.a.transfermarkt.technology/portrait/header/456292-1659706694.jpg?lm=1,0.0,0.0,,https://www.transfermarkt.co.uk/ellery-balcombe/profil/spieler/456292,GB1,Brentford FC,400000.0,400000.0
456877,Rekeem,Harper,Rekeem Harper,2020,984,rekeem-harper,England,Birmingham  ,England,2000-03-08 00:00:00,Central Midfield,Midfield,right,183.0,2023-05-31 00:00:00,Wasserman,https://img.a.transfermarkt.technology/portrait/header/456877-1632909570.jpg?lm=1,,,,https://www.transfermarkt.co.uk/rekeem-harper/profil/spieler/456877,GB1,West Bromwich Albion,400000.0,2500000.0
457129,Ben,Hinchliffe,Ben Hinchliffe,2016,3008,ben-hinchliffe,England,Kingston upon Hull  ,England,1997-09-25 00:00:00,,Missing,,,,,https://img.a.transfermarkt.technology/portrait/header/default.jpg?lm=1,,,,https://www.transfermarkt.co.uk/ben-hinchliffe/profil/spieler/457129,GB1,Hull City,,
458178,Jack,Taylor,Jack Taylor,2025,677,jack-taylor,England,London  ,Ireland,1998-06-23 00:00:00,Central Midfield,Midfield,right,185.0,2028-06-30 00:00:00,Unique Sports Group,https://img.a.transfermarkt.technology/portrait/header/458178-1706522764.jpg?lm=1,11.0,0.0,3509.0,https://www.transfermarkt.co.uk/jack-taylor/profil/spieler/458178,GB1,Ipswich Town,3000000.0,3000000.0
459322,Callum,Rowe,Callum Rowe,2020,405,callum-rowe,England,Leicester  ,England,1999-09-02 00:00:00,,Missing,left,180.0,,,https://img.a.transfermarkt.technology/portrait/header/459322-1669125296.png?lm=1,,,,https://www.transfermarkt.co.uk/callum-rowe/profil/spieler/459322,GB1,Aston Villa,150000.0,150000.0
459873,Harvey,Rodgers,Harvey Rodgers,2016,3008,harvey-rodgers,England,York  ,England,1996-10-20 00:00:00,Centre-Back,Defender,right,189.0,2023-06-30 00:00:00,OmniSports,https://img.a.transfermarkt.technology/portrait/header/default.jpg?lm=1,,,,https://www.transfermarkt.co.uk/harvey-rodgers/profil/spieler/459873,GB1,Hull City,250000.0,250000.0
460683,Max,Taylor,Max Taylor,2019,985,max-taylor,England,Manchester  ,England,2000-01-10 00:00:00,Centre-Back,Defender,right,188.0,2024-06-30 00:00:00,,https://img.a.transfermarkt.technology/portrait/header/default.jpg?lm=1,,,,https://www.transfermarkt.co.uk/max-taylor/profil/spieler/460683,GB1,Manchester United,100000.0,100000.0
460939,Tijjani,Reijnders,Tijjani Reijnders,2025,281,tijjani-reijnders,Netherlands,Zwolle  ,Netherlands,1998-07-29 00:00:00,Central Midfield,Midfield,right,178.0,2030-06-30 00:00:00,,https://img.a.transfermarkt.technology/portrait/header/460939-1773302677.jpg?lm=1,35.0,7.0,,https://www.transfermarkt.co.uk/tijjani-reijnders/profil/spieler/460939,GB1,Manchester City,50000000.0,70000000.0
461833,Caleb,Okoli,Caleb Okoli,2024,1003,caleb-okoli,Italy,Vicenza  ,Italy,2001-07-13 00:00:00,Centre-Back,Defender,right,191.0,2029-06-30 00:00:00,CAA Base Ltd,https://img.a.transfermarkt.technology/portrait/header/461833-1652094910.jpg?lm=1,0.0,0.0,,https://www.transfermarkt.co.uk/caleb-okoli/profil/spieler/461833,GB1,Leicester City,8000000.0,10000000.0
461882,Khanya,Leshabela,Khanya Leshabela,2020,1003,khanya-leshabela,South Africa,Soshanguve  ,South Africa,1999-09-18 00:00:00,Central Midfield,Midfield,,175.0,,Unique Sports Group,https://img.a.transfermarkt.technology/portrait/header/461882-1645617824.jpg?lm=1,,,,https://www.transfermarkt.co.uk/khanya-leshabela/profil/spieler/461882,GB1,Leicester City,100000.0,100000.0
461883,Calvin,Bassey,Calvin Bassey,2025,931,calvin-bassey,Italy,Aosta  ,Nigeria,1999-12-31 00:00:00,Centre-Back,Defender,left,185.0,2027-06-30 00:00:00,Unique Sports Group,https://img.a.transfermarkt.technology/portrait/header/461883-1662989506.jpg?lm=1,45.0,1.0,,https://www.transfermarkt.co.uk/calvin-bassey/profil/spieler/461883,GB1,Fulham FC,28000000.0,28000000.0
462698,Brooklyn,Lyons-Foster,Brooklyn Lyons-Foster,2021,148,brooklyn-lyons-foster,England,London  ,England,2000-12-01 00:00:00,Centre-Back,Defender,right,,,CAA Stellar,https://img.a.transfermarkt.technology/portrait/header/default.jpg?lm=1,,,,https://www.transfermarkt.co.uk/brooklyn-lyons-foster/profil/spieler/462698,GB1,Tottenham Hotspur,,
463603,Benoît,Badiashile,Benoît Badiashile,2025,631,benoit-badiashile,France,Limoges  ,France,2001-03-26 00:00:00,Centre-Back,Defender,left,194.0,2030-06-30 00:00:00,CANTERASPORT,https://img.a.transfermarkt.technology/portrait/header/463603-1714721596.jpg?lm=1,2.0,0.0,,https://www.transfermarkt.co.uk/benoit-badiashile/profil/spieler/463603,GB1,Chelsea FC,15000000.0,40000000.0
463605,Bafodé,Diakité,Bafodé Diakité,2025,989,bafode-diakite,France,Toulouse  ,France,2001-01-06 00:00:00,Centre-Back,Defender,right,184.0,2030-06-30 00:00:00,Classico,https://img.a.transfermarkt.technology/portrait/header/463605-1666691072.jpg?lm=1,2.0,0.0,,https://www.transfermarkt.co.uk/bafode-diakite/profil/spieler/463605,GB1,AFC Bournemouth,25000000.0,35000000.0
463694,Ollie,Harfield,Ollie Harfield,2016,989,ollie-harfield,England,Southampton  ,England,1998-01-09 00:00:00,Left-Back,Defender,left,178.0,2024-06-30 00:00:00,Volenti,https://img.a.transfermarkt.technology/portrait/header/default.jpg?lm=1,,,,https://www.transfermarkt.co.uk/ollie-harfield/profil/spieler/463694,GB1,AFC Bournemouth,,
463695,Keelan,O'Connell,Keelan O'Connell,2016,989,keelan-oconnell,England,Portsmouth  ,England,1999-11-30 00:00:00,Right Midfield,Midfield,,,2023-06-30 00:00:00,FA Sport,https://img.a.transfermarkt.technology/portrait/header/default.jpg?lm=1,,,,https://www.transfermarkt.co.uk/keelan-oconnell/profil/spieler/463695,GB1,AFC Bournemouth,,
463758,Terry,Taylor,Terry Taylor,2019,543,terry-taylor,Scotland,Aberdeen  ,Wales,2001-06-29 00:00:00,Defensive Midfield,Midfield,right,185.0,2023-06-30 00:00:00,Wasserman,https://img.a.transfermarkt.technology/portrait/header/default.jpg?lm=1,,,,https://www.transfermarkt.co.uk/terry-taylor/profil/spieler/463758,GB1,Wolverhampton Wanderers,300000.0,300000.0
464738,Ben,Wynter,Ben Wynter,2016,873,ben-wynter,,,England,1997-12-11 00:00:00,Right-Back,Defender,right,185.0,2023-06-30 00:00:00,Playersinc.,https://img.a.transfermarkt.technology/portrait/header/default.jpg?lm=1,,,,https://www.transfermarkt.co.uk/ben-wynter/profil/spieler/464738,GB1,Crystal Palace,,
465294,Allan,Tchaptchet,Allan Tchaptchet,2020,180,allan-tchaptchet,France,Besançon  ,France,2001-12-21 00:00:00,Centre-Back,Defender,,193.0,2024-06-30 00:00:00,Cracksman,https://img.a.transfermarkt.technology/portrait/header/default.jpg?lm=1,,,,https://www.transfermarkt.co.uk/allan-tchaptchet/profil/spieler/465294,GB1,Southampton FC,600000.0,900000.0
465555,Djordje,Petrovic,Djordje Petrovic,2025,989,djordje-petrovic,Yugoslavia (Republic),Požarevac  ,Serbia,1999-10-08 00:00:00,Goalkeeper,Goalkeeper,right,194.0,2030-06-30 00:00:00,Unique Sports Group,https://img.a.transfermarkt.technology/portrait/header/465555-1775574265.jpg?lm=1,12.0,0.0,,https://www.transfermarkt.co.uk/djordje-petrovic/profil/spieler/465555,GB1,AFC Bournemouth,28000000.0,28000000.0
465717,Jayden,Bogle,Jayden Bogle,2025,399,jayden-bogle,England,Reading  ,England,2000-07-27 00:00:00,Right-Back,Defender,right,178.0,2028-06-30 00:00:00,CAA Stellar,https://img.a.transfermarkt.technology/portrait/header/465717-1764840719.jpg?lm=1,3.0,0.0,,https://www.transfermarkt.co.uk/jayden-bogle/profil/spieler/465717,GB1,Leeds United,15000000.0,15000000.0
465950,Alex,Denny,Alex Denny,2017,29,alex-denny,England,Chester  ,England,2000-04-12 00:00:00,Defensive Midfield,Midfield,,186.0,,,https://img.a.transfermarkt.technology/portrait/header/default.jpg?lm=1,,,,https://www.transfermarkt.co.uk/alex-denny/profil/spieler/465950,GB1,Everton FC,50000.0,50000.0
466805,Nico,González,Nico González,2025,281,nico-gonzalez,Spain,A Coruña  ,Spain,2002-01-03 00:00:00,Defensive Midfield,Midfield,right,188.0,2029-06-30 00:00:00,Gestifute,https://img.a.transfermarkt.technology/portrait/header/466805-1743669968.jpg?lm=1,11.0,0.0,,https://www.transfermarkt.co.uk/nico-gonzalez/profil/spieler/466805,GB1,Manchester City,40000000.0,45000000.0
467623,Lyle,Foster,Lyle Foster,2025,1132,lyle-foster,South Africa,"Soweto, Gauteng  ",South Africa,2000-09-03 00:00:00,Centre-Forward,Attack,right,185.0,2028-06-30 00:00:00,CAA Stellar,https://img.a.transfermarkt.technology/portrait/header/467623-1779949909.jpg?lm=1,28.0,10.0,,https://www.transfermarkt.co.uk/lyle-foster/profil/spieler/467623,GB1,Burnley FC,8000000.0,13000000.0
468002,Ben,Johnson,Ben Johnson,2024,677,ben-johnson,England,London  ,England,2000-01-24 00:00:00,Right-Back,Defender,right,184.0,2028-06-30 00:00:00,CAA Base Ltd,https://img.a.transfermarkt.technology/portrait/header/468002-1694618190.jpg?lm=1,10.0,0.0,,https://www.transfermarkt.co.uk/ben-johnson/profil/spieler/468002,GB1,Ipswich Town,7000000.0,12000000.0
468066,Jens,Cajuste,Jens Cajuste,2024,677,jens-cajuste,Sweden,Göteborg  ,Sweden,1999-08-10 00:00:00,Defensive Midfield,Midfield,right,188.0,2026-06-30 00:00:00,World in Motion,https://img.a.transfermarkt.technology/portrait/header/468066-1691568301.jpg?lm=1,25.0,0.0,,https://www.transfermarkt.co.uk/jens-cajuste/profil/spieler/468066,GB1,Ipswich Town,8000000.0,12000000.0
468198,Joe,Aribo,Joe Aribo,2025,180,joe-aribo,England,London  ,Nigeria,1996-07-21 00:00:00,Central Midfield,Midfield,left,183.0,2026-06-30 00:00:00,,https://img.a.transfermarkt.technology/portrait/header/468198-1770053489.jpg?lm=1,34.0,2.0,3444.0,https://www.transfermarkt.co.uk/joe-aribo/profil/spieler/468198,GB1,Southampton FC,1800000.0,15000000.0
469050,Nathan,Collins,Nathan Collins,2025,1148,nathan-collins,Ireland,Leixlip  ,Ireland,2001-04-30 00:00:00,Centre-Back,Defender,right,193.0,2029-06-30 00:00:00,Unique Sports Group,https://img.a.transfermarkt.technology/portrait/header/469050-1688381729.jpg?lm=1,40.0,3.0,,https://www.transfermarkt.co.uk/nathan-collins/profil/spieler/469050,GB1,Brentford FC,30000000.0,35000000.0
469064,Gavin,Kilkenny,Gavin Kilkenny,2023,989,gavin-kilkenny,Ireland,Dublin  ,Ireland,2000-02-01 00:00:00,Central Midfield,Midfield,right,175.0,2026-06-30 00:00:00,YMU Management Ltd.,https://img.a.transfermarkt.technology/portrait/header/469064-1645697167.jpg?lm=1,,,,https://www.transfermarkt.co.uk/gavin-kilkenny/profil/spieler/469064,GB1,AFC Bournemouth,300000.0,1500000.0
469781,Marcos,Senesi,Marcos Senesi,2025,989,marcos-senesi,Argentina,Concordia  ,Argentina,1997-05-10 00:00:00,Centre-Back,Defender,left,184.0,2030-06-30 00:00:00,ROOF,https://img.a.transfermarkt.technology/portrait/header/469781-1738824319.jpg?lm=1,4.0,0.0,,https://www.transfermarkt.co.uk/marcos-senesi/profil/spieler/469781,GB1,AFC Bournemouth,25000000.0,25000000.0
469958,Jacob,Brown,Jacob Brown,2023,1031,jacob-brown,England,Halifax  ,Scotland,1998-04-10 00:00:00,Centre-Forward,Attack,right,178.0,2027-06-30 00:00:00,,https://img.a.transfermarkt.technology/portrait/header/469958-1700638599.jpg?lm=1,,,,https://www.transfermarkt.co.uk/jacob-brown/profil/spieler/469958,GB1,Luton Town,4000000.0,6000000.0
470596,Paris,Maghoma,Paris Maghoma,2024,1148,paris-maghoma,England,London  ,England,2001-05-08 00:00:00,Central Midfield,Midfield,right,184.0,2029-06-30 00:00:00,Unique Sports Group,https://img.a.transfermarkt.technology/portrait/header/470596-1738823220.jpg?lm=1,1.0,0.0,,https://www.transfermarkt.co.uk/paris-maghoma/profil/spieler/470596,GB1,Brentford FC,350000.0,350000.0
470597,Ben,Cottrell,Ben Cottrell,2020,11,ben-cottrell,England,Watford  ,England,2001-10-31 00:00:00,Central Midfield,Midfield,left,166.0,,Wasserman,https://img.a.transfermarkt.technology/portrait/header/470597-1611910637.jpg?lm=1,,,,https://www.transfermarkt.co.uk/ben-cottrell/profil/spieler/470597,GB1,Arsenal FC,175000.0,200000.0
470607,Brennan,Johnson,Brennan Johnson,2025,148,brennan-johnson,England,Nottingham  ,Wales,2001-05-23 00:00:00,Right Winger,Attack,right,186.0,2030-06-30 00:00:00,Unique Sports Group,https://img.a.transfermarkt.technology/portrait/header/470607-1692959021.jpg?lm=1,45.0,7.0,,https://www.transfermarkt.co.uk/brennan-johnson/profil/spieler/470607,GB1,Tottenham Hotspur,30000000.0,50000000.0
472423,Reece,James,Reece James,2025,631,reece-james,England,London  ,England,1999-12-08 00:00:00,Right-Back,Defender,right,180.0,2032-06-30 00:00:00,Golden Gate Group,https://img.a.transfermarkt.technology/portrait/header/472423-1683900849.jpg?lm=1,26.0,1.0,,https://www.transfermarkt.co.uk/reece-james/profil/spieler/472423,GB1,Chelsea FC,60000000.0,70000000.0
473050,Kevin,Schade,Kevin Schade,2025,1148,kevin-schade,Germany,Potsdam  ,Germany,2001-11-27 00:00:00,Left Winger,Attack,right,185.0,2028-06-30 00:00:00,Epic Schade,https://img.a.transfermarkt.technology/portrait/header/473050-1700560328.jpg?lm=1,5.0,0.0,,https://www.transfermarkt.co.uk/kevin-schade/profil/spieler/473050,GB1,Brentford FC,35000000.0,35000000.0
473080,Regan,Slater,Regan Slater,2020,350,regan-slater,England,Gleadless  ,England,1999-09-11 00:00:00,Defensive Midfield,Midfield,right,171.0,2024-06-30 00:00:00,GW Sports,https://img.a.transfermarkt.technology/portrait/header/473080-1643280542.jpg?lm=1,,,,https://www.transfermarkt.co.uk/regan-slater/profil/spieler/473080,GB1,Sheffield United,3500000.0,3500000.0
473169,Brian,Brobbey,Brian Brobbey,2025,289,brian-brobbey,Netherlands,Amsterdam  ,Netherlands,2002-02-01 00:00:00,Centre-Forward,Attack,right,181.0,2029-06-30 00:00:00,Sport Cover,https://img.a.transfermarkt.technology/portrait/header/473169-1718013901.jpg?lm=1,16.0,4.0,,https://www.transfermarkt.co.uk/brian-brobbey/profil/spieler/473169,GB1,Sunderland AFC,30000000.0,35000000.0
474382,Lewis,Cass,Lewis Cass,2019,762,lewis-cass,England,North Shields  ,England,2000-02-27 00:00:00,Centre-Back,Defender,right,185.0,,CAA Base Ltd,https://img.a.transfermarkt.technology/portrait/header/474382-1572887677.jpg?lm=1,,,,https://www.transfermarkt.co.uk/lewis-cass/profil/spieler/474382,GB1,Newcastle United,250000.0,250000.0
474701,Crysencio,Summerville,Crysencio Summerville,2025,379,crysencio-summerville,Netherlands,Rotterdam  ,Netherlands,2001-10-30 00:00:00,Left Winger,Attack,right,172.0,2029-06-30 00:00:00,THE·TEAM,https://img.a.transfermarkt.technology/portrait/header/474701-1781510697.jpg?lm=1,6.0,2.0,,https://www.transfermarkt.co.uk/crysencio-summerville/profil/spieler/474701,GB1,West Ham United,35000000.0,35000000.0
475188,Kiernan,Dewsbury-Hall,Kiernan Dewsbury-Hall,2025,29,kiernan-dewsbury-hall,England,Shepshed  ,England,1998-09-06 00:00:00,Central Midfield,Midfield,left,176.0,2030-06-30 00:00:00,THE·TEAM,https://img.a.transfermarkt.technology/portrait/header/475188-1774470020.jpg?lm=1,,,,https://www.transfermarkt.co.uk/kiernan-dewsbury-hall/profil/spieler/475188,GB1,Everton FC,35000000.0,35000000.0
475411,Wesley,Fofana,Wesley Fofana,2025,631,wesley-fofana,France,Marseille  ,France,2000-12-17 00:00:00,Centre-Back,Defender,right,188.0,2029-06-30 00:00:00,DWMA,https://img.a.transfermarkt.technology/portrait/header/475411-1683899212.jpg?lm=1,1.0,0.0,,https://www.transfermarkt.co.uk/wesley-fofana/profil/spieler/475411,GB1,Chelsea FC,28000000.0,65000000.0
475416,Sorba,Thomas,Sorba Thomas,2025,512,sorba-thomas,England,London  ,Wales,1999-01-25 00:00:00,Left Winger,Attack,right,185.0,2028-06-30 00:00:00,THE·TEAM,https://img.a.transfermarkt.technology/portrait/header/475416-1668520548.jpg?lm=1,27.0,2.0,3864.0,https://www.transfermarkt.co.uk/sorba-thomas/profil/spieler/475416,GB1,Stoke City,14000000.0,14000000.0
475946,Anthony,Patterson,Anthony Patterson,2025,289,anthony-patterson,England,Newcastle-upon-Tyne  ,England,2000-05-10 00:00:00,Goalkeeper,Goalkeeper,right,189.0,2028-06-30 00:00:00,CAA Base Ltd,https://img.a.transfermarkt.technology/portrait/header/475946-1679678936.jpg?lm=1,1.0,0.0,,https://www.transfermarkt.co.uk/anthony-patterson/profil/spieler/475946,GB1,Sunderland AFC,,
475959,Josko,Gvardiol,Josko Gvardiol,2025,281,josko-gvardiol,Croatia,Zagreb  ,Croatia,2002-01-23 00:00:00,Centre-Back,Defender,left,185.0,2028-06-30 00:00:00,Marjan Sisic,https://img.a.transfermarkt.technology/portrait/header/475959-1713391602.jpg?lm=1,52.0,4.0,,https://www.transfermarkt.co.uk/josko-gvardiol/profil/spieler/475959,GB1,Manchester City,70000000.0,80000000.0
476367,Bernardo,Rosa,Bernardo Rosa,2019,379,bernardo-rosa,Brazil,Rio de Janeiro  ,Brazil,2000-09-20 00:00:00,Central Midfield,Midfield,right,177.0,2025-06-30 00:00:00,Octagon,https://img.a.transfermarkt.technology/portrait/header/default.jpg?lm=1,,,,https://www.transfermarkt.co.uk/bernardo-rosa/profil/spieler/476367,GB1,West Ham United,150000.0,150000.0
476532,Andrew,Eleftheriou,Andrew Eleftheriou,2016,1010,andrew-eleftheriou,England,Islington   ,England,1997-11-08 00:00:00,Right-Back,Defender,right,172.0,,,https://img.a.transfermarkt.technology/portrait/header/default.jpg?lm=1,,,,https://www.transfermarkt.co.uk/andrew-eleftheriou/profil/spieler/476532,GB1,Watford FC,,
476701,Manuel,Ugarte,Manuel Ugarte,2025,985,manuel-ugarte,Uruguay,Montevideo  ,Uruguay,2001-04-11 00:00:00,Defensive Midfield,Midfield,right,182.0,2029-06-30 00:00:00,Gestifute,https://img.a.transfermarkt.technology/portrait/header/476701-1715107512.jpg?lm=1,38.0,1.0,,https://www.transfermarkt.co.uk/manuel-ugarte/profil/spieler/476701,GB1,Manchester United,25000000.0,60000000.0
477758,Aaron,Wan-Bissaka,Aaron Wan-Bissaka,2025,379,aaron-wan-bissaka,England,London  ,DR Congo,1997-11-26 00:00:00,Right-Back,Defender,right,183.0,2031-06-30 00:00:00,Unique Sports Group,https://img.a.transfermarkt.technology/portrait/header/477758-1769112496.jpg?lm=1,16.0,0.0,,https://www.transfermarkt.co.uk/aaron-wan-bissaka/profil/spieler/477758,GB1,West Ham United,15000000.0,40000000.0
478573,Ryan,Gravenberch,Ryan Gravenberch,2025,31,ryan-gravenberch,Netherlands,Amsterdam  ,Netherlands,2002-05-16 00:00:00,Defensive Midfield,Midfield,right,190.0,2032-06-30 00:00:00,Team Raiola,https://img.a.transfermarkt.technology/portrait/header/478573-1718097194.jpg?lm=1,31.0,1.0,,https://www.transfermarkt.co.uk/ryan-gravenberch/profil/spieler/478573,GB1,Liverpool FC,80000000.0,90000000.0
479939,Michael,Folivi,Michael Folivi,2017,1010,michael-folivi,England,London  ,England,1998-02-25 00:00:00,Centre-Forward,Attack,right,180.0,,FullNinety,https://img.a.transfermarkt.technology/portrait/header/default.jpg?lm=1,,,,https://www.transfermarkt.co.uk/michael-folivi/profil/spieler/479939,GB1,Watford FC,,
479944,Charlie,Rowan,Charlie Rowan,2016,1010,charlie-rowan,,,England,1997-12-14 00:00:00,Centre-Back,Defender,right,192.0,,,https://img.a.transfermarkt.technology/portrait/header/default.jpg?lm=1,,,,https://www.transfermarkt.co.uk/charlie-rowan/profil/spieler/479944,GB1,Watford FC,,
479945,Carl,Stewart,Carl Stewart,2017,1010,carl-stewart,England,London  ,England,1997-05-02 00:00:00,Central Midfield,Midfield,right,175.0,,EQ Sports Management,https://img.a.transfermarkt.technology/portrait/header/default.jpg?lm=1,,,,https://www.transfermarkt.co.uk/carl-stewart/profil/spieler/479945,GB1,Watford FC,50000.0,50000.0
479999,Eberechi,Eze,Eberechi Eze,2025,11,eberechi-eze,England,London  ,England,1998-06-29 00:00:00,Attacking Midfield,Midfield,right,178.0,2029-06-30 00:00:00,CAA Base Ltd,https://img.a.transfermarkt.technology/portrait/header/479999-1761083931.jpg?lm=1,20.0,3.0,,https://www.transfermarkt.co.uk/eberechi-eze/profil/spieler/479999,GB1,Arsenal FC,65000000.0,65000000.0
480191,Cohen,Bramall,Cohen Bramall,2017,11,cohen-bramall,England,Crewe  ,England,1996-04-02 00:00:00,Left-Back,Defender,left,178.0,2025-06-30 00:00:00,Panthera Sports,https://img.a.transfermarkt.technology/portrait/header/default.jpg?lm=1,,,,https://www.transfermarkt.co.uk/cohen-bramall/profil/spieler/480191,GB1,Arsenal FC,600000.0,600000.0
480723,Finn,Azaz,Finn Azaz,2025,180,finn-azaz,England,London  ,Ireland,2000-09-07 00:00:00,Attacking Midfield,Midfield,right,185.0,2029-06-30 00:00:00,Unique Sports Group,https://img.a.transfermarkt.technology/portrait/header/480723-1683528696.jpg?lm=1,14.0,1.0,3509.0,https://www.transfermarkt.co.uk/finn-azaz/profil/spieler/480723,GB1,Southampton FC,20000000.0,20000000.0
480762,Lisandro,Martínez,Lisandro Martínez,2025,985,lisandro-martinez,Argentina,Gualeguay  ,Argentina,1998-01-18 00:00:00,Centre-Back,Defender,left,175.0,2027-06-30 00:00:00,Score Futbol,https://img.a.transfermarkt.technology/portrait/header/480762-1680681507.jpg?lm=1,32.0,2.0,,https://www.transfermarkt.co.uk/lisandro-martinez/profil/spieler/480762,GB1,Manchester United,40000000.0,50000000.0
480987,Chris,Mepham,Chris Mepham,2025,984,chris-mepham,England,London  ,Wales,1997-11-05 00:00:00,Centre-Back,Defender,right,190.0,2028-06-30 00:00:00,THE·TEAM,https://img.a.transfermarkt.technology/portrait/header/480987-1700737712.jpg?lm=1,55.0,0.0,3864.0,https://www.transfermarkt.co.uk/chris-mepham/profil/spieler/480987,GB1,West Bromwich Albion,3000000.0,13000000.0
482836,David,Strelec,David Strelec,2025,641,david-strelec,Slovakia,Nové Zámky  ,Slovakia,2001-04-04 00:00:00,Centre-Forward,Attack,left,185.0,2030-06-30 00:00:00,Atlas Sports,https://img.a.transfermarkt.technology/portrait/header/482836-1772542190.jpg?lm=1,39.0,10.0,3503.0,https://www.transfermarkt.co.uk/david-strelec/profil/spieler/482836,GB1,Middlesbrough FC,8000000.0,8000000.0
483348,Djed,Spence,Djed Spence,2025,148,djed-spence,England,London  ,England,2000-08-09 00:00:00,Left-Back,Defender,right,184.0,2029-06-30 00:00:00,CAA Base Ltd,https://img.a.transfermarkt.technology/portrait/header/483348-1746645656.jpg?lm=1,11.0,0.0,,https://www.transfermarkt.co.uk/djed-spence/profil/spieler/483348,GB1,Tottenham Hotspur,30000000.0,32000000.0
484389,Kell,Watts,Kell Watts,2023,762,kell-watts,England,Alnwick  ,England,1999-11-03 00:00:00,Centre-Back,Defender,left,192.0,2026-06-30 00:00:00,CAA Stellar,https://img.a.transfermarkt.technology/portrait/header/default.jpg?lm=1,,,,https://www.transfermarkt.co.uk/kell-watts/profil/spieler/484389,GB1,Newcastle United,250000.0,300000.0
484390,Tom,Allan,Tom Allan,2019,762,tom-allan,England,Newcastle upon Tyne  ,England,1999-09-23 00:00:00,Right Winger,Attack,right,173.0,2024-06-30 00:00:00,Quantum Sport,https://img.a.transfermarkt.technology/portrait/header/default.jpg?lm=1,,,,https://www.transfermarkt.co.uk/tom-allan/profil/spieler/484390,GB1,Newcastle United,100000.0,100000.0
484547,Jeremie,Frimpong,Jeremie Frimpong,2025,31,jeremie-frimpong,Netherlands,Amsterdam  ,Netherlands,2000-12-10 00:00:00,Right-Back,Defender,right,172.0,2030-06-30 00:00:00,,https://img.a.transfermarkt.technology/portrait/header/484547-1689710682.jpg?lm=1,15.0,1.0,,https://www.transfermarkt.co.uk/jeremie-frimpong/profil/spieler/484547,GB1,Liverpool FC,35000000.0,50000000.0
484551,Taylor,Richards,Taylor Richards,2022,1237,taylor-richards,England,London  ,England,2000-12-04 00:00:00,Central Midfield,Midfield,left,180.0,2026-06-30 00:00:00,Unique Sports Group,https://img.a.transfermarkt.technology/portrait/header/484551-1659355310.jpg?lm=1,,,,https://www.transfermarkt.co.uk/taylor-richards/profil/spieler/484551,GB1,Brighton & Hove Albion,400000.0,400000.0
485583,Ki-Jana,Hoever,Ki-Jana Hoever,2025,543,ki-jana-hoever,Netherlands,Amsterdam  ,Netherlands,2002-01-18 00:00:00,Right-Back,Defender,right,183.0,2027-06-30 00:00:00,THE·TEAM,https://img.a.transfermarkt.technology/portrait/header/485583-1724259461.jpg?lm=1,6.0,1.0,,https://www.transfermarkt.co.uk/ki-jana-hoever/profil/spieler/485583,GB1,Wolverhampton Wanderers,3500000.0,7000000.0
485585,Ian,Maatsen,Ian Maatsen,2025,405,ian-maatsen,Netherlands,Vlaardingen  ,Netherlands,2002-03-10 00:00:00,Left-Back,Defender,left,178.0,2030-06-30 00:00:00,Epic Maatsen,https://img.a.transfermarkt.technology/portrait/header/485585-1704795222.jpg?lm=1,1.0,1.0,,https://www.transfermarkt.co.uk/ian-maatsen/profil/spieler/485585,GB1,Aston Villa,30000000.0,40000000.0
485706,Amadou,Onana,Amadou Onana,2025,405,amadou-onana,Senegal,Dakar  ,Belgium,2001-08-16 00:00:00,Defensive Midfield,Midfield,right,195.0,2029-06-30 00:00:00,BTFM,https://img.a.transfermarkt.technology/portrait/header/485706-1718697649.jpg?lm=1,33.0,1.0,,https://www.transfermarkt.co.uk/amadou-onana/profil/spieler/485706,GB1,Aston Villa,45000000.0,55000000.0
486049,Jérémy,Doku,Jérémy Doku,2025,281,jeremy-doku,Belgium,Antwerpen  ,Belgium,2002-05-27 00:00:00,Left Winger,Attack,right,173.0,2028-06-30 00:00:00,Elevate,https://img.a.transfermarkt.technology/portrait/header/486049-1743670159.jpg?lm=1,48.0,7.0,,https://www.transfermarkt.co.uk/jeremy-doku/profil/spieler/486049,GB1,Manchester City,75000000.0,75000000.0
486100,Jake,Walker,Jake Walker,2020,405,jake-walker,,,England,2000-11-03 00:00:00,Central Midfield,Midfield,right,179.0,2023-06-30 00:00:00,,https://img.a.transfermarkt.technology/portrait/header/default.jpg?lm=1,,,,https://www.transfermarkt.co.uk/jake-walker/profil/spieler/486100,GB1,Aston Villa,75000.0,150000.0
486144,Jakub,Stolarczyk,Jakub Stolarczyk,2024,1003,jakub-stolarczyk,Poland,Kielce  ,Poland,2000-12-19 00:00:00,Goalkeeper,Goalkeeper,right,194.0,2027-06-30 00:00:00,Two Touch Agency,https://img.a.transfermarkt.technology/portrait/header/486144-1692967745.jpg?lm=1,1.0,0.0,,https://www.transfermarkt.co.uk/jakub-stolarczyk/profil/spieler/486144,GB1,Leicester City,300000.0,300000.0
486477,Edo,Kayembe,Edo Kayembe,2025,1010,edo-kayembe,DR Congo,Kananga  ,DR Congo,1998-06-03 00:00:00,Central Midfield,Midfield,left,183.0,2027-06-30 00:00:00,VV Consulting,https://img.a.transfermarkt.technology/portrait/header/486477-1724774156.jpg?lm=1,44.0,2.0,3854.0,https://www.transfermarkt.co.uk/edo-kayembe/profil/spieler/486477,GB1,Watford FC,4000000.0,5000000.0
487417,Liam,Millar,Liam Millar,2025,3008,liam-millar,Canada,"Toronto, Ontario  ",Canada,1999-09-27 00:00:00,Left Winger,Attack,right,181.0,2027-06-30 00:00:00,,https://img.a.transfermarkt.technology/portrait/header/487417-1738999688.jpg?lm=1,42.0,1.0,3510.0,https://www.transfermarkt.co.uk/liam-millar/profil/spieler/487417,GB1,Hull City,1700000.0,3000000.0
487428,Nikola,Tavares,Nikola Tavares,2019,873,nikola-tavares,South Africa,"Cape Town, Western Cape  ",Croatia,1999-01-17 00:00:00,Centre-Back,Defender,right,188.0,,Footfeel ISM,https://img.a.transfermarkt.technology/portrait/header/default.jpg?lm=1,,,,https://www.transfermarkt.co.uk/nikola-tavares/profil/spieler/487428,GB1,Crystal Palace,,
487465,Pedro,Neto,Pedro Neto,2025,631,pedro-neto,Portugal,Viana do Castelo  ,Portugal,2000-03-09 00:00:00,Right Winger,Attack,left,174.0,2031-06-30 00:00:00,Gestifute,https://img.a.transfermarkt.technology/portrait/header/487465-1763106447.jpg?lm=1,30.0,3.0,,https://www.transfermarkt.co.uk/pedro-neto/profil/spieler/487465,GB1,Chelsea FC,60000000.0,60000000.0
487969,Randal,Kolo Muani,Randal Kolo Muani,2025,148,randal-kolo-muani,France,Bondy  ,France,1998-12-05 00:00:00,Centre-Forward,Attack,right,187.0,2028-06-30 00:00:00,,https://img.a.transfermarkt.technology/portrait/header/487969-1718697120.jpg?lm=1,32.0,9.0,,https://www.transfermarkt.co.uk/randal-kolo-muani/profil/spieler/487969,GB1,Tottenham Hotspur,20000000.0,80000000.0
488362,Conor,Gallagher,Conor Gallagher,2025,148,conor-gallagher,England,Epsom  ,England,2000-02-06 00:00:00,Central Midfield,Midfield,right,182.0,2031-06-30 00:00:00,,https://img.a.transfermarkt.technology/portrait/header/488362-1668500476.jpg?lm=1,22.0,1.0,,https://www.transfermarkt.co.uk/conor-gallagher/profil/spieler/488362,GB1,Tottenham Hotspur,32000000.0,50000000.0
488656,Siriki,Dembélé,Siriki Dembélé,2022,989,siriki-dembele,Cote d'Ivoire,Ouragahio  ,Scotland,1996-09-07 00:00:00,Left Winger,Attack,right,173.0,2025-06-30 00:00:00,,https://img.a.transfermarkt.technology/portrait/header/488656-1609851610.jpg?lm=1,,,,https://www.transfermarkt.co.uk/siriki-dembele/profil/spieler/488656,GB1,AFC Bournemouth,2000000.0,2800000.0
488935,Hákon,Valdimarsson,Hákon Valdimarsson,2025,1148,hakon-valdimarsson,Iceland,Reykjavik  ,Iceland,2001-10-13 00:00:00,Goalkeeper,Goalkeeper,right,195.0,2030-06-30 00:00:00,CAA Stellar,https://img.a.transfermarkt.technology/portrait/header/488935-1689319830.jpg?lm=1,22.0,0.0,,https://www.transfermarkt.co.uk/hakon-valdimarsson/profil/spieler/488935,GB1,Brentford FC,2500000.0,2500000.0
489359,Ao,Tanaka,Ao Tanaka,2025,399,ao-tanaka,Japan,"Kawasaki, Kanagawa  ",Japan,1998-09-10 00:00:00,Central Midfield,Midfield,right,180.0,2028-06-30 00:00:00,CAA Base Ltd,https://img.a.transfermarkt.technology/portrait/header/489359-1780324258.jpg?lm=1,41.0,8.0,,https://www.transfermarkt.co.uk/ao-tanaka/profil/spieler/489359,GB1,Leeds United,13000000.0,13000000.0
490307,Enock,Mwepu,Enock Mwepu,2022,1237,enock-mwepu,Zambia,Chambishi  ,Zambia,1998-01-01 00:00:00,Central Midfield,Midfield,right,184.0,,12 MANagement,https://img.a.transfermarkt.technology/portrait/header/490307-1601103558.png?lm=1,,,,https://www.transfermarkt.co.uk/enock-mwepu/profil/spieler/490307,GB1,Brighton & Hove Albion,18000000.0,20000000.0
493003,Daniel,Muñoz,Daniel Muñoz,2025,873,daniel-munoz,Colombia,Amalfi  ,Colombia,1996-05-26 00:00:00,Right-Back,Defender,right,180.0,2028-06-30 00:00:00,Goal Management SAS,https://img.a.transfermarkt.technology/portrait/header/493003-1718642628.jpg?lm=1,51.0,5.0,,https://www.transfermarkt.co.uk/daniel-munoz/profil/spieler/493003,GB1,Crystal Palace,22000000.0,27000000.0
493607,Matt,Worthington,Matt Worthington,2016,989,matt-worthington,England,Southampton  ,England,1997-12-18 00:00:00,Central Midfield,Midfield,,,2023-06-30 00:00:00,Fifty Fifty Sports,https://img.a.transfermarkt.technology/portrait/header/default.jpg?lm=1,,,,https://www.transfermarkt.co.uk/matt-worthington/profil/spieler/493607,GB1,AFC Bournemouth,,
494237,Wilson,Isidor,Wilson Isidor,2025,289,wilson-isidor,France,Rennes  ,Haiti,2000-08-27 00:00:00,Centre-Forward,Attack,right,184.0,2028-06-30 00:00:00,Ettori Management,https://img.a.transfermarkt.technology/portrait/header/494237-1739871086.jpg?lm=1,7.0,3.0,,https://www.transfermarkt.co.uk/wilson-isidor/profil/spieler/494237,GB1,Sunderland AFC,18000000.0,18000000.0
494284,Liam,Hughes,Liam Hughes,2021,31,liam-hughes,Northern Ireland,Craigavon  ,Northern Ireland,2001-08-19 00:00:00,Goalkeeper,Goalkeeper,right,193.0,,CAA Base Ltd,https://img.a.transfermarkt.technology/portrait/header/494284-1655972857.png?lm=1,,,,https://www.transfermarkt.co.uk/liam-hughes/profil/spieler/494284,GB1,Liverpool FC,,
494684,Kyle,Jameson,Kyle Jameson,2017,984,kyle-jameson,England,Urmston  ,England,1998-09-11 00:00:00,Centre-Back,Defender,,183.0,2023-06-30 00:00:00,OmniSports,https://img.a.transfermarkt.technology/portrait/header/default.jpg?lm=1,,,,https://www.transfermarkt.co.uk/kyle-jameson/profil/spieler/494684,GB1,West Bromwich Albion,125000.0,125000.0
494880,Jorge,Cuenca,Jorge Cuenca,2025,931,jorge-cuenca,Spain,Madrid  ,Spain,1999-11-17 00:00:00,Centre-Back,Defender,left,190.0,2028-06-30 00:00:00,InterStarDeporte,https://img.a.transfermarkt.technology/portrait/header/494880-1737920132.jpg?lm=1,0.0,0.0,,https://www.transfermarkt.co.uk/jorge-cuenca/profil/spieler/494880,GB1,Fulham FC,8000000.0,8000000.0
495033,Nathan,Bishop,Nathan Bishop,2022,985,nathan-bishop,England,Hillingdon  ,England,1999-10-15 00:00:00,Goalkeeper,Goalkeeper,right,185.0,2024-06-30 00:00:00,Unique Sports Group,https://img.a.transfermarkt.technology/portrait/header/495033-1580298371.jpg?lm=1,,,,https://www.transfermarkt.co.uk/nathan-bishop/profil/spieler/495033,GB1,Manchester United,300000.0,300000.0
495666,William,Saliba,William Saliba,2025,11,william-saliba,France,Bondy  ,France,2001-03-24 00:00:00,Centre-Back,Defender,right,192.0,2030-06-30 00:00:00,ND SPORTS MANAGEMENT,https://img.a.transfermarkt.technology/portrait/header/495666-1718697201.jpg?lm=1,37.0,0.0,,https://www.transfermarkt.co.uk/william-saliba/profil/spieler/495666,GB1,Arsenal FC,100000000.0,100000000.0
495993,Dion,Sanderson,Dion Sanderson,2021,543,dion-sanderson,England,Wednesfield  ,England,1999-12-15 00:00:00,Centre-Back,Defender,right,188.0,2023-05-31 00:00:00,,https://img.a.transfermarkt.technology/portrait/header/495993-1675156295.jpg?lm=1,,,,https://www.transfermarkt.co.uk/dion-sanderson/profil/spieler/495993,GB1,Wolverhampton Wanderers,4000000.0,4000000.0
496659,Ben,Cabango,Ben Cabango,2025,2288,ben-cabango,Wales,Cardiff  ,Wales,2000-05-30 00:00:00,Centre-Back,Defender,right,186.0,2028-06-30 00:00:00,THE·TEAM,https://img.a.transfermarkt.technology/portrait/header/496659-1668519719.jpg?lm=1,16.0,0.0,3864.0,https://www.transfermarkt.co.uk/ben-cabango/profil/spieler/496659,GB1,Swansea City,9000000.0,13000000.0
496661,Elliot,Thorpe,Elliot Thorpe,2023,1031,elliot-thorpe,England,Hinchingbrooke  ,Wales,2000-11-09 00:00:00,Central Midfield,Midfield,right,176.0,,,https://img.a.transfermarkt.technology/portrait/header/496661-1632909853.png?lm=1,,,,https://www.transfermarkt.co.uk/elliot-thorpe/profil/spieler/496661,GB1,Luton Town,200000.0,300000.0
497291,Nicolás,Domínguez,Nicolás Domínguez,2025,703,nicolas-dominguez,Argentina,Haedo  ,Argentina,1998-06-28 00:00:00,Central Midfield,Midfield,right,179.0,2028-06-30 00:00:00,Interplayers,https://img.a.transfermarkt.technology/portrait/header/497291-1767772056.jpg?lm=1,11.0,1.0,,https://www.transfermarkt.co.uk/nicolas-dominguez/profil/spieler/497291,GB1,Nottingham Forest,15000000.0,18000000.0
499604,Dion,Pereira,Dion Pereira,2023,1031,dion-pereira,England,Watford  ,Antigua and Barbuda,1999-03-25 00:00:00,Left Winger,Attack,left,180.0,2025-05-31 00:00:00,FullNinety,https://img.a.transfermarkt.technology/portrait/header/499604-1550308858.jpg?lm=1,,,,https://www.transfermarkt.co.uk/dion-pereira/profil/spieler/499604,GB1,Luton Town,175000.0,450000.0
500689,Evann,Guessand,Evann Guessand,2025,873,evann-guessand,France,Ajaccio   ,Cote d'Ivoire,2001-07-01 00:00:00,Right Winger,Attack,right,188.0,2030-06-30 00:00:00,One Team Management,https://img.a.transfermarkt.technology/portrait/header/500689-1765812945.jpg?lm=1,23.0,4.0,,https://www.transfermarkt.co.uk/evann-guessand/profil/spieler/500689,GB1,Crystal Palace,25000000.0,30000000.0
501156,Ákos,Onódi,Ákos Onódi,2020,405,akos-onodi,Hungary,Győr  ,Hungary,2001-09-02 00:00:00,Goalkeeper,Goalkeeper,right,195.0,2024-05-31 00:00:00,SBE Management AG,https://img.a.transfermarkt.technology/portrait/header/501156-1664538994.JPG?lm=1,,,,https://www.transfermarkt.co.uk/akos-onodi/profil/spieler/501156,GB1,Aston Villa,150000.0,150000.0
501743,Koki,Saito,Koki Saito,2025,1039,koki-saito,Japan,"Kawasaki, Kanagawa  ",Japan,2001-08-10 00:00:00,Left Winger,Attack,right,170.0,,,https://img.a.transfermarkt.technology/portrait/header/501743-1626772054.jpg?lm=1,1.0,0.0,3435.0,https://www.transfermarkt.co.uk/koki-saito/profil/spieler/501743,GB1,Queens Park Rangers,3200000.0,4000000.0
502065,Aji,Alese,Aji Alese,2021,379,aji-alese,England,London  ,England,2001-01-17 00:00:00,Centre-Back,Defender,left,192.0,2025-06-30 00:00:00,Unique Sports Group,https://img.a.transfermarkt.technology/portrait/header/502065-1544622088.jpg?lm=1,,,,https://www.transfermarkt.co.uk/aji-alese/profil/spieler/502065,GB1,West Ham United,1200000.0,1200000.0
502073,Taylor,Perry,Taylor Perry,2020,543,taylor-perry,England,Stourbridge  ,England,2001-07-15 00:00:00,Central Midfield,Midfield,right,180.0,2023-05-31 00:00:00,OmniSports,https://img.a.transfermarkt.technology/portrait/header/default.jpg?lm=1,,,,https://www.transfermarkt.co.uk/taylor-perry/profil/spieler/502073,GB1,Wolverhampton Wanderers,350000.0,350000.0
502676,Giorgi,Mamardashvili,Giorgi Mamardashvili,2025,31,giorgi-mamardashvili,Georgia,Tiflis  ,Georgia,2000-09-29 00:00:00,Goalkeeper,Goalkeeper,left,197.0,2031-06-30 00:00:00,Free Football,https://img.a.transfermarkt.technology/portrait/header/502676-1716542116.jpg?lm=1,38.0,0.0,,https://www.transfermarkt.co.uk/giorgi-mamardashvili/profil/spieler/502676,GB1,Liverpool FC,28000000.0,45000000.0
502821,Riccardo,Calafiori,Riccardo Calafiori,2025,11,riccardo-calafiori,Italy,Roma  ,Italy,2002-05-19 00:00:00,Left-Back,Defender,left,188.0,2029-06-30 00:00:00,World Soccer Agency,https://img.a.transfermarkt.technology/portrait/header/502821-1727382174.jpg?lm=1,14.0,0.0,,https://www.transfermarkt.co.uk/riccardo-calafiori/profil/spieler/502821,GB1,Arsenal FC,55000000.0,55000000.0
503241,Reece,Hannam,Reece Hannam,2021,873,reece-hannam,England,London  ,England,2000-09-11 00:00:00,Left-Back,Defender,left,186.0,2023-06-30 00:00:00,,https://img.a.transfermarkt.technology/portrait/header/default.jpg?lm=1,,,,https://www.transfermarkt.co.uk/reece-hannam/profil/spieler/503241,GB1,Crystal Palace,200000.0,200000.0
503679,Rhys,Williams,Rhys Williams,2025,31,rhys-williams,England,Preston  ,England,2001-02-03 00:00:00,Centre-Back,Defender,right,195.0,,CAA Stellar,https://img.a.transfermarkt.technology/portrait/header/503679-1674491393.jpg?lm=1,2.0,0.0,,https://www.transfermarkt.co.uk/rhys-williams/profil/spieler/503679,GB1,Liverpool FC,500000.0,5000000.0
503680,Neco,Williams,Neco Williams,2025,703,neco-williams,Wales,Wrexham  ,Wales,2001-04-13 00:00:00,Left-Back,Defender,right,183.0,2029-06-30 00:00:00,Unique Sports Group,https://img.a.transfermarkt.technology/portrait/header/503680-1705499825.jpg?lm=1,57.0,4.0,,https://www.transfermarkt.co.uk/neco-williams/profil/spieler/503680,GB1,Nottingham Forest,28000000.0,28000000.0
503683,Anthony,Driscoll-Glennon,Anthony Driscoll-Glennon,2020,1132,anthony-driscoll-glennon,England,Bootle  ,England,1999-11-26 00:00:00,Left-Back,Defender,left,181.0,2024-06-30 00:00:00,CAA Base Ltd,https://img.a.transfermarkt.technology/portrait/header/default.jpg?lm=1,,,,https://www.transfermarkt.co.uk/anthony-driscoll-glennon/profil/spieler/503683,GB1,Burnley FC,250000.0,250000.0
503686,Dan,Ballard,Dan Ballard,2025,289,dan-ballard,England,Stevenage  ,Northern Ireland,1999-09-22 00:00:00,Centre-Back,Defender,right,187.0,2029-06-30 00:00:00,,https://img.a.transfermarkt.technology/portrait/header/503686-1748347870.jpg?lm=1,33.0,5.0,,https://www.transfermarkt.co.uk/dan-ballard/profil/spieler/503686,GB1,Sunderland AFC,20000000.0,20000000.0
503687,Tobi,Omole,Tobi Omole,2021,148,tobi-omole,England,Brockley  ,England,1999-12-17 00:00:00,Centre-Back,Defender,left,189.0,2024-06-30 00:00:00,,https://img.a.transfermarkt.technology/portrait/header/503687-1659707112.jpg?lm=1,,,,https://www.transfermarkt.co.uk/tobi-omole/profil/spieler/503687,GB1,Tottenham Hotspur,75000.0,100000.0
503733,Anthony,Gordon,Anthony Gordon,2025,762,anthony-gordon,England,Liverpool  ,England,2001-02-24 00:00:00,Left Winger,Attack,right,183.0,2031-06-30 00:00:00,Unique Sports Group,https://img.a.transfermarkt.technology/portrait/header/503733-1761080304.jpg?lm=1,23.0,3.0,,https://www.transfermarkt.co.uk/anthony-gordon/profil/spieler/503733,GB1,Newcastle United,65000000.0,65000000.0
503743,Morgan,Rogers,Morgan Rogers,2025,405,morgan-rogers,England,Halesowen  ,England,2002-07-26 00:00:00,Attacking Midfield,Midfield,right,187.0,2031-06-30 00:00:00,Footwork,https://img.a.transfermarkt.technology/portrait/header/503743-1706786450.jpg?lm=1,19.0,1.0,,https://www.transfermarkt.co.uk/morgan-rogers/profil/spieler/503743,GB1,Aston Villa,90000000.0,90000000.0
503749,Jacob,Ramsey,Jacob Ramsey,2025,762,jacob-ramsey,England,Birmingham  ,England,2001-05-28 00:00:00,Central Midfield,Midfield,right,180.0,2030-06-30 00:00:00,Unique Sports Group,https://img.a.transfermarkt.technology/portrait/header/503749-1687975464.jpg?lm=1,16.0,4.0,,https://www.transfermarkt.co.uk/jacob-ramsey/profil/spieler/503749,GB1,Newcastle United,35000000.0,42000000.0
503750,Dominic,Revan,Dominic Revan,2020,405,dominic-revan,England,West Bromwich  ,England,2000-09-19 00:00:00,Centre-Back,Defender,right,180.0,2023-06-30 00:00:00,,https://img.a.transfermarkt.technology/portrait/header/default.jpg?lm=1,,,,https://www.transfermarkt.co.uk/dominic-revan/profil/spieler/503750,GB1,Aston Villa,150000.0,150000.0
503762,Jamal,Balogun,Jamal Balogun,2019,1010,jamal-balogun,,,England,2000-01-18 00:00:00,Right-Back,Defender,right,,,SRV Sports Group,https://img.a.transfermarkt.technology/portrait/header/default.jpg?lm=1,,,,https://www.transfermarkt.co.uk/jamal-balogun/profil/spieler/503762,GB1,Watford FC,,
503765,James,Hillson,James Hillson,2025,631,james-hillson,England,Bedford  ,England,2001-01-14 00:00:00,Goalkeeper,Goalkeeper,left,187.0,,One GK Agency,https://img.a.transfermarkt.technology/portrait/header/default.jpg?lm=1,,,,https://www.transfermarkt.co.uk/james-hillson/profil/spieler/503765,GB1,Chelsea FC,,
503769,Arthur,Okonkwo,Arthur Okonkwo,2023,11,arthur-okonkwo,England,London  ,England,2001-09-09 00:00:00,Goalkeeper,Goalkeeper,right,198.0,2027-06-30 00:00:00,ARETÉ,https://img.a.transfermarkt.technology/portrait/header/503769-1673651811.jpg?lm=1,,,,https://www.transfermarkt.co.uk/arthur-okonkwo/profil/spieler/503769,GB1,Arsenal FC,1800000.0,2000000.0
503795,Jeremy,Ngakia,Jeremy Ngakia,2025,1010,jeremy-ngakia,England,London  ,DR Congo,2000-09-07 00:00:00,Right-Back,Defender,right,184.0,2027-06-30 00:00:00,Jason Mac,https://img.a.transfermarkt.technology/portrait/header/503795-1741274481.jpg?lm=1,0.0,0.0,3854.0,https://www.transfermarkt.co.uk/jeremy-ngakia/profil/spieler/503795,GB1,Watford FC,2200000.0,4000000.0
503976,Dynel,Simeu,Dynel Simeu,2022,180,dynel-simeu,Cameroon,Yaoundé  ,England,2002-03-13 00:00:00,Centre-Back,Defender,right,187.0,2024-06-30 00:00:00,FA Sport,https://img.a.transfermarkt.technology/portrait/header/default.jpg?lm=1,,,,https://www.transfermarkt.co.uk/dynel-simeu/profil/spieler/503976,GB1,Southampton FC,800000.0,1000000.0
503977,Taylor,Harwood-Bellis,Taylor Harwood-Bellis,2024,180,taylor-harwood-bellis,England,Stockport  ,England,2002-01-30 00:00:00,Centre-Back,Defender,right,188.0,2028-06-30 00:00:00,Unique Sports Group,https://img.a.transfermarkt.technology/portrait/header/503977-1687975943.jpg?lm=1,1.0,1.0,,https://www.transfermarkt.co.uk/taylor-harwood-bellis/profil/spieler/503977,GB1,Southampton FC,20000000.0,25000000.0
503980,Joe,Gelhardt,Joe Gelhardt,2022,399,joe-gelhardt,England,Liverpool  ,England,2002-05-04 00:00:00,Centre-Forward,Attack,left,179.0,2027-06-30 00:00:00,Triple S Sports,https://img.a.transfermarkt.technology/portrait/header/503980-1557307981.png?lm=1,,,,https://www.transfermarkt.co.uk/joe-gelhardt/profil/spieler/503980,GB1,Leeds United,7000000.0,8000000.0
503981,Tino,Livramento,Tino Livramento,2025,762,tino-livramento,England,London  ,England,2002-11-12 00:00:00,Right-Back,Defender,right,182.0,2028-06-30 00:00:00,THE·TEAM,https://img.a.transfermarkt.technology/portrait/header/503981-1699383321.jpg?lm=1,6.0,0.0,,https://www.transfermarkt.co.uk/tino-livramento/profil/spieler/503981,GB1,Newcastle United,45000000.0,45000000.0
503987,Noni,Madueke,Noni Madueke,2025,11,noni-madueke,England,London  ,England,2002-03-10 00:00:00,Right Winger,Attack,left,182.0,2030-06-30 00:00:00,,https://img.a.transfermarkt.technology/portrait/header/503987-1683102348.jpg?lm=1,15.0,1.0,,https://www.transfermarkt.co.uk/noni-madueke/profil/spieler/503987,GB1,Arsenal FC,50000000.0,50000000.0
503990,Nathan,Wood,Nathan Wood,2024,180,nathan-wood,England,Middlesbrough  ,England,2002-05-31 00:00:00,Centre-Back,Defender,right,188.0,2028-06-30 00:00:00,,https://img.a.transfermarkt.technology/portrait/header/503990-1720788273.jpg?lm=1,4.0,0.0,,https://www.transfermarkt.co.uk/nathan-wood/profil/spieler/503990,GB1,Southampton FC,4000000.0,5000000.0
504042,Daniel,Barden,Daniel Barden,2021,1123,daniel-barden,,,Wales,2001-01-02 00:00:00,Goalkeeper,Goalkeeper,right,195.0,2023-05-31 00:00:00,,https://img.a.transfermarkt.technology/portrait/header/504042-1616661557.jpg?lm=1,,,,https://www.transfermarkt.co.uk/daniel-barden/profil/spieler/504042,GB1,Norwich City,200000.0,250000.0
504051,Jamie,Bowden,Jamie Bowden,2021,148,jamie-bowden,England,Middlesex  ,Ireland,2001-07-09 00:00:00,Defensive Midfield,Midfield,right,183.0,,CAA Stellar,https://img.a.transfermarkt.technology/portrait/header/504051-1616409820.jpg?lm=1,,,,https://www.transfermarkt.co.uk/jamie-bowden/profil/spieler/504051,GB1,Tottenham Hotspur,,
504507,Kyle,John,Kyle John,2022,29,kyle-john,,,England,2001-02-13 00:00:00,Right-Back,Defender,right,,2024-06-30 00:00:00,Triple S Sports,https://img.a.transfermarkt.technology/portrait/header/default.jpg?lm=1,,,,https://www.transfermarkt.co.uk/kyle-john/profil/spieler/504507,GB1,Everton FC,150000.0,150000.0
504508,Michael,Collins,Michael Collins,2017,29,michael-collins,,,England,2000-09-22 00:00:00,Centre-Back,Defender,,,,,https://img.a.transfermarkt.technology/portrait/header/default.jpg?lm=1,,,,https://www.transfermarkt.co.uk/michael-collins/profil/spieler/504508,GB1,Everton FC,,
504542,Henry,Wise,Henry Wise,2019,1010,henry-wise,England,London  ,England,2000-01-01 00:00:00,Central Midfield,Midfield,,175.0,2023-12-31 00:00:00,,https://img.a.transfermarkt.technology/portrait/header/default.jpg?lm=1,,,,https://www.transfermarkt.co.uk/henry-wise/profil/spieler/504542,GB1,Watford FC,25000.0,25000.0
504581,Ryan,Giles,Ryan Giles,2023,1031,ryan-giles,England,Telford  ,England,2000-01-26 00:00:00,Left-Back,Defender,left,183.0,2027-06-30 00:00:00,Unique Sports Group,https://img.a.transfermarkt.technology/portrait/header/504581-1639140648.jpg?lm=1,,,,https://www.transfermarkt.co.uk/ryan-giles/profil/spieler/504581,GB1,Luton Town,4500000.0,9000000.0
504849,Kaoru,Mitoma,Kaoru Mitoma,2025,1237,kaoru-mitoma,Japan,"Kawasaki, Kanagawa  ",Japan,1997-05-20 00:00:00,Left Winger,Attack,right,178.0,2027-06-30 00:00:00,,https://img.a.transfermarkt.technology/portrait/header/504849-1731683095.jpg?lm=1,31.0,9.0,,https://www.transfermarkt.co.uk/kaoru-mitoma/profil/spieler/504849,GB1,Brighton & Hove Albion,22000000.0,50000000.0
504855,John,McAtee,John McAtee,2023,1031,john-mcatee,England,Manchester  ,England,1999-07-23 00:00:00,Second Striker,Attack,right,180.0,2027-06-30 00:00:00,,https://img.a.transfermarkt.technology/portrait/header/default.jpg?lm=1,,,,https://www.transfermarkt.co.uk/john-mcatee/profil/spieler/504855,GB1,Luton Town,300000.0,300000.0
504966,Mason,Barrett,Mason Barrett,2019,1010,mason-barrett,,,England,1999-09-24 00:00:00,Centre-Back,Defender,right,190.0,,,https://img.a.transfermarkt.technology/portrait/header/default.jpg?lm=1,,,,https://www.transfermarkt.co.uk/mason-barrett/profil/spieler/504966,GB1,Watford FC,50000.0,50000.0
505046,Ben,Winterbottom,Ben Winterbottom,2024,1148,ben-winterbottom,England,Preston  ,England,2001-07-16 00:00:00,Goalkeeper,Goalkeeper,left,188.0,2027-06-30 00:00:00,Wasserman,https://img.a.transfermarkt.technology/portrait/header/505046-1758895389.png?lm=1,,,,https://www.transfermarkt.co.uk/ben-winterbottom/profil/spieler/505046,GB1,Brentford FC,,
505194,Luke,Thomas,Luke Thomas,2024,1003,luke-thomas,England,Syston  ,England,2001-06-10 00:00:00,Left-Back,Defender,left,181.0,2029-06-30 00:00:00,Wasserman,https://img.a.transfermarkt.technology/portrait/header/505194-1687975540.jpg?lm=1,15.0,0.0,,https://www.transfermarkt.co.uk/luke-thomas/profil/spieler/505194,GB1,Leicester City,6000000.0,12000000.0
505219,James,Garner,James Garner,2025,29,james-garner,England,Birkenhead  ,England,2001-03-13 00:00:00,Defensive Midfield,Midfield,right,182.0,2030-06-30 00:00:00,Triple S Sports,https://img.a.transfermarkt.technology/portrait/header/505219-1662067244.jpg?lm=1,2.0,0.0,,https://www.transfermarkt.co.uk/james-garner/profil/spieler/505219,GB1,Everton FC,45000000.0,45000000.0
505548,Louie,Watson,Louie Watson,2023,1031,louie-watson,England,Croydon  ,Ireland,2001-06-07 00:00:00,Central Midfield,Midfield,,180.0,,CAA Stellar,https://img.a.transfermarkt.technology/portrait/header/default.jpg?lm=1,,,,https://www.transfermarkt.co.uk/louie-watson/profil/spieler/505548,GB1,Luton Town,250000.0,400000.0
506189,Flynn,Downes,Flynn Downes,2024,180,flynn-downes,England,Brentwood  ,England,1999-01-20 00:00:00,Defensive Midfield,Midfield,right,178.0,2028-06-30 00:00:00,Wasserman,https://img.a.transfermarkt.technology/portrait/header/506189-1659355597.jpg?lm=1,6.0,0.0,,https://www.transfermarkt.co.uk/flynn-downes/profil/spieler/506189,GB1,Southampton FC,12000000.0,15000000.0
506213,Joy,Mukena,Joy Mukena,2017,1010,joy-mukena,England,London  ,England,1999-07-03 00:00:00,Centre-Back,Defender,,190.0,,,https://img.a.transfermarkt.technology/portrait/header/default.jpg?lm=1,,,,https://www.transfermarkt.co.uk/joy-mukena/profil/spieler/506213,GB1,Watford FC,,
506470,Josh,Bowler,Josh Bowler,2024,703,josh-bowler,England,Chertsey  ,England,1999-03-05 00:00:00,Right Winger,Attack,left,184.0,2027-06-30 00:00:00,CAA Base Ltd,https://img.a.transfermarkt.technology/portrait/header/506470-1760549804.jpg?lm=1,,,,https://www.transfermarkt.co.uk/josh-bowler/profil/spieler/506470,GB1,Nottingham Forest,900000.0,2000000.0
506942,Zan,Vipotnik,Zan Vipotnik,2025,2288,zan-vipotnik,Slovenia,Celje  ,Slovenia,2002-03-18 00:00:00,Centre-Forward,Attack,both,185.0,2030-06-30 00:00:00,BOLA CONSULTING,https://img.a.transfermarkt.technology/portrait/header/506942-1716317342.jpg?lm=1,26.0,5.0,3588.0,https://www.transfermarkt.co.uk/zan-vipotnik/profil/spieler/506942,GB1,Swansea City,22000000.0,22000000.0
506965,James,Olayinka,James Olayinka,2020,11,james-olayinka,England,London  ,England,2000-10-05 00:00:00,Central Midfield,Midfield,right,175.0,2024-06-30 00:00:00,ARETÉ,https://img.a.transfermarkt.technology/portrait/header/506965-1611910456.jpg?lm=1,,,,https://www.transfermarkt.co.uk/james-olayinka/profil/spieler/506965,GB1,Arsenal FC,300000.0,300000.0
507235,Jack,Young,Jack Young,2019,762,jack-young,England,Newcastle upon Tyne  ,England,2000-10-21 00:00:00,Central Midfield,Midfield,right,171.0,2025-06-30 00:00:00,SEG,https://img.a.transfermarkt.technology/portrait/header/default.jpg?lm=1,,,,https://www.transfermarkt.co.uk/jack-young/profil/spieler/507235,GB1,Newcastle United,150000.0,250000.0
507254,Nathan,Ferguson,Nathan Ferguson,2023,873,nathan-ferguson,England,Birmingham  ,England,2000-10-06 00:00:00,Centre-Back,Defender,right,184.0,,Roc Nation Sports,https://img.a.transfermarkt.technology/portrait/header/507254-1571993452.jpg?lm=1,,,,https://www.transfermarkt.co.uk/nathan-ferguson/profil/spieler/507254,GB1,Crystal Palace,1000000.0,4500000.0
507700,Brandon,Williams,Brandon Williams,2023,985,brandon-williams,England,Crumpsall  ,England,2000-09-03 00:00:00,Left-Back,Defender,right,180.0,,,https://img.a.transfermarkt.technology/portrait/header/507700-1570788670.jpg?lm=1,,,,https://www.transfermarkt.co.uk/brandon-williams/profil/spieler/507700,GB1,Manchester United,2500000.0,12000000.0
509268,Daniel,Batty,Daniel Batty,2016,3008,daniel-batty,England,Pontefract  ,England,1997-12-10 00:00:00,Central Midfield,Midfield,right,178.0,2023-06-30 00:00:00,,https://img.a.transfermarkt.technology/portrait/header/509268-1524136470.jpg?lm=1,,,,https://www.transfermarkt.co.uk/daniel-batty/profil/spieler/509268,GB1,Hull City,300000.0,1000000.0
511550,Ellis,Simms,Ellis Simms,2022,29,ellis-simms,England,Oldham  ,England,2001-01-05 00:00:00,Centre-Forward,Attack,right,191.0,2027-06-30 00:00:00,,https://img.a.transfermarkt.technology/portrait/header/511550-1553872488.jpg?lm=1,,,,https://www.transfermarkt.co.uk/ellis-simms/profil/spieler/511550,GB1,Everton FC,6000000.0,6000000.0
511964,Jackson,Smith,Jackson Smith,2022,543,jackson-smith,England,Telford  ,England,2001-10-14 00:00:00,Goalkeeper,Goalkeeper,,187.0,2024-06-30 00:00:00,CAA Stellar,https://img.a.transfermarkt.technology/portrait/header/default.jpg?lm=1,,,,https://www.transfermarkt.co.uk/jackson-smith/profil/spieler/511964,GB1,Wolverhampton Wanderers,150000.0,150000.0
512175,Ryan,Longman,Ryan Longman,2019,1237,ryan-longman,England,Redhill  ,England,2000-11-06 00:00:00,Right Winger,Attack,right,180.0,2025-06-30 00:00:00,Dirk Hebel,https://img.a.transfermarkt.technology/portrait/header/512175-1612878804.jpg?lm=1,,,,https://www.transfermarkt.co.uk/ryan-longman/profil/spieler/512175,GB1,Brighton & Hove Albion,2200000.0,2500000.0
512354,Malcolm,Ebiowei,Malcolm Ebiowei,2024,873,malcolm-ebiowei,England,London  ,England,2003-09-04 00:00:00,Right Winger,Attack,left,185.0,,,https://img.a.transfermarkt.technology/portrait/header/512354-1709884757.png?lm=1,3.0,0.0,,https://www.transfermarkt.co.uk/malcolm-ebiowei/profil/spieler/512354,GB1,Crystal Palace,1000000.0,3000000.0
513968,Aidan,Morris,Aidan Morris,2025,641,aidan-morris,United States,"Fort Lauderdale, Florida  ",United States,2001-11-16 00:00:00,Central Midfield,Midfield,right,175.0,2028-06-30 00:00:00,THE·TEAM,https://img.a.transfermarkt.technology/portrait/header/513968-1709481996.jpg?lm=1,14.0,0.0,3505.0,https://www.transfermarkt.co.uk/aidan-morris/profil/spieler/513968,GB1,Middlesbrough FC,10000000.0,10000000.0
513970,Julián,Araujo,Julián Araujo,2025,989,julian-araujo,United States,"Lompoc, California  ",Mexico,2001-08-13 00:00:00,Right-Back,Defender,right,176.0,2029-06-30 00:00:00,CAA Stellar,https://img.a.transfermarkt.technology/portrait/header/513970-1771532648.jpg?lm=1,16.0,0.0,,https://www.transfermarkt.co.uk/julian-araujo/profil/spieler/513970,GB1,AFC Bournemouth,8000000.0,10000000.0
514285,Quilindschy,Hartman,Quilindschy Hartman,2025,1132,quilindschy-hartman,Netherlands,Zwijndrecht  ,Netherlands,2001-11-14 00:00:00,Left-Back,Defender,left,183.0,2027-06-30 00:00:00,,https://img.a.transfermarkt.technology/portrait/header/514285-1723820103.jpg?lm=1,5.0,1.0,,https://www.transfermarkt.co.uk/quilindschy-hartman/profil/spieler/514285,GB1,Burnley FC,16000000.0,23000000.0
515544,Trai,Hume,Trai Hume,2025,289,trai-hume,Northern Ireland,Ballymena  ,Northern Ireland,2002-03-18 00:00:00,Right-Back,Defender,right,180.0,2030-06-30 00:00:00,CAA Base Ltd,https://img.a.transfermarkt.technology/portrait/header/515544-1748348258.jpg?lm=1,31.0,1.0,,https://www.transfermarkt.co.uk/trai-hume/profil/spieler/515544,GB1,Sunderland AFC,22000000.0,22000000.0
517894,Matheus,Cunha,Matheus Cunha,2025,985,matheus-cunha,Brazil,João Pessoa  ,Brazil,1999-05-27 00:00:00,Centre-Forward,Attack,right,183.0,2030-06-30 00:00:00,Bertolucci Sports,https://img.a.transfermarkt.technology/portrait/header/517894-1780390711.jpg?lm=1,28.0,4.0,,https://www.transfermarkt.co.uk/matheus-cunha/profil/spieler/517894,GB1,Manchester United,75000000.0,75000000.0
518644,Largie,Ramazani,Largie Ramazani,2025,399,largie-ramazani,Belgium,Berchem-Sainte-Agathe  ,Belgium,2001-02-27 00:00:00,Left Winger,Attack,right,168.0,2028-06-30 00:00:00,Ramazani Mwanuke,https://img.a.transfermarkt.technology/portrait/header/518644-1692367509.jpg?lm=1,8.0,3.0,,https://www.transfermarkt.co.uk/largie-ramazani/profil/spieler/518644,GB1,Leeds United,8000000.0,10000000.0
520624,Bruno,Guimarães,Bruno Guimarães,2025,762,bruno-guimaraes,Brazil,Rio de Janeiro  ,Brazil,1997-11-16 00:00:00,Central Midfield,Midfield,right,182.0,2028-06-30 00:00:00,Bertolucci Sports,https://img.a.transfermarkt.technology/portrait/header/520624-1780929894.jpg?lm=1,48.0,3.0,,https://www.transfermarkt.co.uk/bruno-guimaraes/profil/spieler/520624,GB1,Newcastle United,70000000.0,85000000.0
520651,Jensen,Weir,Jensen Weir,2024,1237,jensen-weir,England,Warrington  ,England,2002-01-31 00:00:00,Central Midfield,Midfield,right,184.0,2026-06-30 00:00:00,CAA Stellar,https://img.a.transfermarkt.technology/portrait/header/520651-1748200434.jpg?lm=1,2.0,1.0,,https://www.transfermarkt.co.uk/jensen-weir/profil/spieler/520651,GB1,Brighton & Hove Albion,375000.0,450000.0
521964,Malick,Thiaw,Malick Thiaw,2025,762,malick-thiaw,Germany,Düsseldorf  ,Germany,2001-08-08 00:00:00,Centre-Back,Defender,right,194.0,2029-06-30 00:00:00,Unique Sports Group,https://img.a.transfermarkt.technology/portrait/header/521964-1682063635.jpg?lm=1,7.0,0.0,,https://www.transfermarkt.co.uk/malick-thiaw/profil/spieler/521964,GB1,Newcastle United,45000000.0,45000000.0
522784,Taty,Castellanos,Taty Castellanos,2025,379,taty-castellanos,Argentina,Mendoza  ,Argentina,1998-10-03 00:00:00,Centre-Forward,Attack,right,178.0,2030-06-30 00:00:00,,https://img.a.transfermarkt.technology/portrait/header/522784-1723926679.jpg?lm=1,2.0,0.0,,https://www.transfermarkt.co.uk/taty-castellanos/profil/spieler/522784,GB1,West Ham United,28000000.0,28000000.0
525247,Maximilian,Kilman,Maximilian Kilman,2025,379,maximilian-kilman,England,London  ,England,1997-05-23 00:00:00,Centre-Back,Defender,left,194.0,2031-06-30 00:00:00,THE·TEAM,https://img.a.transfermarkt.technology/portrait/header/525247-1688370291.jpg?lm=1,,,,https://www.transfermarkt.co.uk/maximilian-kilman/profil/spieler/525247,GB1,West Ham United,13000000.0,38000000.0
527425,Luke,Woolfenden,Luke Woolfenden,2024,677,luke-woolfenden,England,Ipswich  ,England,1998-10-21 00:00:00,Centre-Back,Defender,right,193.0,2028-06-30 00:00:00,,https://img.a.transfermarkt.technology/portrait/header/527425-1664180037.jpg?lm=1,,,,https://www.transfermarkt.co.uk/luke-woolfenden/profil/spieler/527425,GB1,Ipswich Town,2000000.0,2000000.0
528888,Tyrese,Francois,Tyrese Francois,2023,931,tyrese-francois,Australia,Campbell Town  ,Australia,2000-07-16 00:00:00,Central Midfield,Midfield,left,173.0,2026-06-30 00:00:00,Footwork,https://img.a.transfermarkt.technology/portrait/header/528888-1628697596.jpg?lm=1,,,,https://www.transfermarkt.co.uk/tyrese-francois/profil/spieler/528888,GB1,Fulham FC,600000.0,600000.0
528892,Harry,Clarke,Harry Clarke,2024,677,harry-clarke,England,Ipswich  ,England,2001-03-02 00:00:00,Right-Back,Defender,right,180.0,2026-06-30 00:00:00,CAA Stellar,https://img.a.transfermarkt.technology/portrait/header/528892-1628698186.jpg?lm=1,2.0,0.0,,https://www.transfermarkt.co.uk/harry-clarke/profil/spieler/528892,GB1,Ipswich Town,4000000.0,5000000.0
528894,Matt,Smith,Matt Smith,2022,11,matt-smith,England,Harlow  ,England,2000-10-05 00:00:00,Central Midfield,Midfield,right,176.0,2026-06-30 00:00:00,Two Touch Agency,https://img.a.transfermarkt.technology/portrait/header/528894-1615799126.jpg?lm=1,,,,https://www.transfermarkt.co.uk/matt-smith/profil/spieler/528894,GB1,Arsenal FC,350000.0,350000.0
530222,Michael,Tait,Michael Tait,2020,405,michael-tait,England,Birmingham  ,England,2001-01-29 00:00:00,Centre-Forward,Attack,right,177.0,2023-06-30 00:00:00,Raps Management,https://img.a.transfermarkt.technology/portrait/header/default.jpg?lm=1,,,,https://www.transfermarkt.co.uk/michael-tait/profil/spieler/530222,GB1,Aston Villa,,
530223,Mungo,Bridge,Mungo Bridge,2020,405,mungo-bridge,England,London  ,England,2000-09-12 00:00:00,Centre-Back,Defender,left,,2023-06-30 00:00:00,Tim Pole,https://img.a.transfermarkt.technology/portrait/header/default.jpg?lm=1,,,,https://www.transfermarkt.co.uk/mungo-bridge/profil/spieler/530223,GB1,Aston Villa,150000.0,150000.0
530813,Anis,Mehmeti,Anis Mehmeti,2025,677,anis-mehmeti,England,London  ,Albania,2001-01-09 00:00:00,Attacking Midfield,Midfield,right,180.0,2029-06-30 00:00:00,Besten Sports,https://img.a.transfermarkt.technology/portrait/header/530813-1680273487.jpg?lm=1,5.0,0.0,3561.0,https://www.transfermarkt.co.uk/anis-mehmeti/profil/spieler/530813,GB1,Ipswich Town,,
530916,Jack,Spong,Jack Spong,2022,1237,jack-spong,England,Redhill  ,England,2002-02-04 00:00:00,Central Midfield,Midfield,,,2025-05-31 00:00:00,,https://img.a.transfermarkt.technology/portrait/header/default.jpg?lm=1,,,,https://www.transfermarkt.co.uk/jack-spong/profil/spieler/530916,GB1,Brighton & Hove Albion,175000.0,175000.0
531677,Di'Shon,Bernard,Di'Shon Bernard,2019,985,dishon-bernard,England,London  ,England,2000-10-14 00:00:00,Centre-Back,Defender,right,188.0,2023-05-31 00:00:00,OmniSports,https://img.a.transfermarkt.technology/portrait/header/531677-1595947349.jpg?lm=1,,,,https://www.transfermarkt.co.uk/dishon-bernard/profil/spieler/531677,GB1,Manchester United,2000000.0,3500000.0
531678,D'Mani,Mellor,D'Mani Mellor,2019,985,dmani-mellor,England,Manchester  ,England,2000-09-20 00:00:00,Centre-Forward,Attack,right,186.0,2023-05-31 00:00:00,OmniSports,https://img.a.transfermarkt.technology/portrait/header/default.jpg?lm=1,,,,https://www.transfermarkt.co.uk/dmani-mellor/profil/spieler/531678,GB1,Manchester United,300000.0,450000.0
531679,Ethan,Laird,Ethan Laird,2019,985,ethan-laird,England,Basingstoke  ,England,2001-08-05 00:00:00,Right-Back,Defender,right,177.0,2023-05-31 00:00:00,CAA Stellar,https://img.a.transfermarkt.technology/portrait/header/531679-1544622132.jpg?lm=1,,,,https://www.transfermarkt.co.uk/ethan-laird/profil/spieler/531679,GB1,Manchester United,5000000.0,8000000.0
531957,Cody,Drameh,Cody Drameh,2022,399,cody-drameh,England,London  ,England,2001-12-08 00:00:00,Right-Back,Defender,right,175.0,2024-06-30 00:00:00,Concilium Sport,https://img.a.transfermarkt.technology/portrait/header/531957-1633425778.png?lm=1,,,,https://www.transfermarkt.co.uk/cody-drameh/profil/spieler/531957,GB1,Leeds United,3500000.0,3500000.0
532464,Daniel,Adshead,Daniel Adshead,2021,1123,daniel-adshead,England,Manchester  ,England,2001-09-02 00:00:00,Central Midfield,Midfield,right,179.0,2023-05-31 00:00:00,Sync Global Sports,https://img.a.transfermarkt.technology/portrait/header/532464-1599331316.jpg?lm=1,,,,https://www.transfermarkt.co.uk/daniel-adshead/profil/spieler/532464,GB1,Norwich City,125000.0,250000.0
532541,Luke,Cundle,Luke Cundle,2024,543,luke-cundle,England,Warrington  ,England,2002-04-26 00:00:00,Central Midfield,Midfield,right,171.0,,Footwork,https://img.a.transfermarkt.technology/portrait/header/532541-1661855778.jpg?lm=1,,,,https://www.transfermarkt.co.uk/luke-cundle/profil/spieler/532541,GB1,Wolverhampton Wanderers,3200000.0,5000000.0
532776,Amine,Adli,Amine Adli,2025,989,amine-adli,France,Béziers  ,Morocco,2000-05-10 00:00:00,Left Winger,Attack,left,180.0,2030-06-30 00:00:00,Concept Sport Agency,https://img.a.transfermarkt.technology/portrait/header/532776-1689710574.jpg?lm=1,17.0,1.0,,https://www.transfermarkt.co.uk/amine-adli/profil/spieler/532776,GB1,AFC Bournemouth,20000000.0,30000000.0
532824,Dan,Langley,Dan Langley,2020,762,dan-langley,England,Newcastle upon Tyne  ,England,2000-12-28 00:00:00,Goalkeeper,Goalkeeper,left,201.0,2023-05-31 00:00:00,CAA Base Ltd,https://img.a.transfermarkt.technology/portrait/header/default.jpg?lm=1,,,,https://www.transfermarkt.co.uk/dan-langley/profil/spieler/532824,GB1,Newcastle United,250000.0,250000.0
533083,Bayli,Spencer-Adams,Bayli Spencer-Adams,2019,1010,bayli-spencer-adams,England,London  ,Guyana,2001-06-26 00:00:00,Centre-Back,Defender,,,2024-06-30 00:00:00,,https://img.a.transfermarkt.technology/portrait/header/default.jpg?lm=1,,,,https://www.transfermarkt.co.uk/bayli-spencer-adams/profil/spieler/533083,GB1,Watford FC,,
533086,Amadou,Diallo,Amadou Diallo,2023,762,amadou-diallo,England,Canning Town  ,England,2003-02-15 00:00:00,Left Winger,Attack,,,,CAA Base Ltd,https://img.a.transfermarkt.technology/portrait/header/533086-1666088852.jpg?lm=1,,,,https://www.transfermarkt.co.uk/amadou-diallo/profil/spieler/533086,GB1,Newcastle United,400000.0,400000.0
533523,Haydon,Roberts,Haydon Roberts,2022,1237,haydon-roberts,England,Brighton  ,England,2002-05-10 00:00:00,Left-Back,Defender,left,175.0,2026-06-30 00:00:00,OmniSports,https://img.a.transfermarkt.technology/portrait/header/533523-1557307626.png?lm=1,,,,https://www.transfermarkt.co.uk/haydon-roberts/profil/spieler/533523,GB1,Brighton & Hove Albion,700000.0,700000.0
533657,Lewis,Brunt,Lewis Brunt,2022,1003,lewis-brunt,,,England,2000-11-06 00:00:00,Defensive Midfield,Midfield,,187.0,2025-06-30 00:00:00,Wasserman,https://img.a.transfermarkt.technology/portrait/header/default.jpg?lm=1,,,,https://www.transfermarkt.co.uk/lewis-brunt/profil/spieler/533657,GB1,Leicester City,100000.0,100000.0
533662,Cameron,Archer,Cameron Archer,2024,180,cameron-archer,England,Walsall  ,England,2001-12-09 00:00:00,Centre-Forward,Attack,right,175.0,2028-06-30 00:00:00,Unique Sports Group,https://img.a.transfermarkt.technology/portrait/header/533662-1641461875.jpg?lm=1,11.0,6.0,,https://www.transfermarkt.co.uk/cameron-archer/profil/spieler/533662,GB1,Southampton FC,10000000.0,18000000.0
533913,Jordan,Stevens,Jordan Stevens,2020,399,jordan-stevens,England,Gloucester  ,England,2000-03-25 00:00:00,Attacking Midfield,Midfield,right,178.0,2024-06-30 00:00:00,CAA Stellar,https://img.a.transfermarkt.technology/portrait/header/533913-1568114665.jpg?lm=1,,,,https://www.transfermarkt.co.uk/jordan-stevens/profil/spieler/533913,GB1,Leeds United,200000.0,200000.0
533916,Shandon,Baptiste,Shandon Baptiste,2023,1148,shandon-baptiste,England,Reading  ,Grenada,1998-04-08 00:00:00,Central Midfield,Midfield,right,180.0,,CAA Base Ltd,https://img.a.transfermarkt.technology/portrait/header/533916-1596444470.jpg?lm=1,,,,https://www.transfermarkt.co.uk/shandon-baptiste/profil/spieler/533916,GB1,Brentford FC,2500000.0,3000000.0
534033,Alexis,Mac Allister,Alexis Mac Allister,2025,31,alexis-mac-allister,Argentina,Santa Rosa  ,Argentina,1998-12-24 00:00:00,Central Midfield,Midfield,right,176.0,2028-06-30 00:00:00,,https://img.a.transfermarkt.technology/portrait/header/534033-1669835342.jpg?lm=1,51.0,6.0,,https://www.transfermarkt.co.uk/alexis-mac-allister/profil/spieler/534033,GB1,Liverpool FC,70000000.0,100000000.0
534698,Robbie,Gotts,Robbie Gotts,2020,399,robbie-gotts,England,Harrogate  ,England,1999-11-09 00:00:00,Central Midfield,Midfield,right,177.0,2025-06-30 00:00:00,,https://img.a.transfermarkt.technology/portrait/header/default.jpg?lm=1,,,,https://www.transfermarkt.co.uk/robbie-gotts/profil/spieler/534698,GB1,Leeds United,250000.0,250000.0
534700,Jamie,Shackleton,Jamie Shackleton,2022,399,jamie-shackleton,,Leeds  ,,1999-10-08 00:00:00,Central Midfield,Midfield,right,168.0,2024-06-30 00:00:00,,https://img.a.transfermarkt.technology/portrait/header/534700-1551183811.jpg?lm=1,,,,https://www.transfermarkt.co.uk/jamie-shackleton/profil/spieler/534700,GB1,Leeds United,2000000.0,3000000.0
535927,Luke,McNally,Luke McNally,2023,1132,luke-mcnally,Ireland,"Enfield, Meath  ",Ireland,1999-09-20 00:00:00,Centre-Back,Defender,right,193.0,2026-06-30 00:00:00,,https://img.a.transfermarkt.technology/portrait/header/535927-1684494094.jpg?lm=1,,,,https://www.transfermarkt.co.uk/luke-mcnally/profil/spieler/535927,GB1,Burnley FC,3800000.0,3800000.0
536794,Billy,Crellin,Billy Crellin,2023,29,billy-crellin,England,Blackpool  ,England,2000-06-30 00:00:00,Goalkeeper,Goalkeeper,right,185.0,2025-06-30 00:00:00,GW Sports,https://img.a.transfermarkt.technology/portrait/header/536794-1720268960.jpg?lm=1,,,,https://www.transfermarkt.co.uk/billy-crellin/profil/spieler/536794,GB1,Everton FC,,
536835,Amad,Diallo,Amad Diallo,2025,985,amad-diallo,Cote d'Ivoire,Abidjan  ,Cote d'Ivoire,2002-07-11 00:00:00,Right Winger,Attack,left,173.0,2030-06-30 00:00:00,#LEADERS,https://img.a.transfermarkt.technology/portrait/header/536835-1747857754.jpg?lm=1,23.0,8.0,,https://www.transfermarkt.co.uk/amad-diallo/profil/spieler/536835,GB1,Manchester United,45000000.0,50000000.0
537860,Mykhaylo,Mudryk,Mykhaylo Mudryk,2025,631,mykhaylo-mudryk,Ukraine,"Krasnograd, Kharkiv Oblast  ",Ukraine,2001-01-05 00:00:00,Left Winger,Attack,right,175.0,2031-06-30 00:00:00,ProStar,https://img.a.transfermarkt.technology/portrait/header/537860-1732822624.jpg?lm=1,28.0,3.0,,https://www.transfermarkt.co.uk/mykhaylo-mudryk/profil/spieler/537860,GB1,Chelsea FC,18000000.0,60000000.0
538977,Georginio,Rutter,Georginio Rutter,2025,1237,georginio-rutter,France,Plescop  ,France,2002-04-20 00:00:00,Centre-Forward,Attack,left,182.0,2028-06-30 00:00:00,ROGON,https://img.a.transfermarkt.technology/portrait/header/538977-1727785742.jpg?lm=1,7.0,0.0,,https://www.transfermarkt.co.uk/georginio-rutter/profil/spieler/538977,GB1,Brighton & Hove Albion,30000000.0,32000000.0
540630,Jakub,Ojrzynski,Jakub Ojrzynski,2020,31,jakub-ojrzynski,Poland,Warszawa  ,Poland,2003-02-19 00:00:00,Goalkeeper,Goalkeeper,right,196.0,,,https://img.a.transfermarkt.technology/portrait/header/540630-1668767081.png?lm=1,,,,https://www.transfermarkt.co.uk/jakub-ojrzynski/profil/spieler/540630,GB1,Liverpool FC,50000.0,75000.0
540687,Zak,Swanson,Zak Swanson,2021,11,zak-swanson,England,Cambridge  ,England,2000-09-28 00:00:00,Right-Back,Defender,right,189.0,2024-06-30 00:00:00,,https://img.a.transfermarkt.technology/portrait/header/540687-1599073721.jpg?lm=1,,,,https://www.transfermarkt.co.uk/zak-swanson/profil/spieler/540687,GB1,Arsenal FC,250000.0,250000.0
540941,Mikkel,Damsgaard,Mikkel Damsgaard,2025,1148,mikkel-damsgaard,Denmark,Jyllinge  ,Denmark,2000-07-03 00:00:00,Attacking Midfield,Midfield,right,180.0,2030-06-30 00:00:00,BTAM,https://img.a.transfermarkt.technology/portrait/header/540941-1668183899.jpg?lm=1,40.0,8.0,,https://www.transfermarkt.co.uk/mikkel-damsgaard/profil/spieler/540941,GB1,Brentford FC,30000000.0,30000000.0
541231,Sepp,van den Berg,Sepp van den Berg,2025,1148,sepp-van-den-berg,Netherlands,Zwolle  ,Netherlands,2001-12-20 00:00:00,Centre-Back,Defender,right,192.0,2029-06-30 00:00:00,Key United,https://img.a.transfermarkt.technology/portrait/header/541231-1692000386.jpg?lm=1,8.0,1.0,,https://www.transfermarkt.co.uk/sepp-van-den-berg/profil/spieler/541231,GB1,Brentford FC,32000000.0,32000000.0
542586,Illan,Meslier,Illan Meslier,2025,399,illan-meslier,France,Lorient  ,France,2000-03-02 00:00:00,Goalkeeper,Goalkeeper,left,197.0,2028-06-30 00:00:00,,https://img.a.transfermarkt.technology/portrait/header/542586-1677685317.jpg?lm=1,13.0,0.0,,https://www.transfermarkt.co.uk/illan-meslier/profil/spieler/542586,GB1,Leeds United,8000000.0,22000000.0
542884,Alex,Gilbert,Alex Gilbert,2022,1148,alex-gilbert,,,Ireland,2001-12-28 00:00:00,Left Winger,Attack,,183.0,2027-06-30 00:00:00,,https://img.a.transfermarkt.technology/portrait/header/default.jpg?lm=1,,,,https://www.transfermarkt.co.uk/alex-gilbert/profil/spieler/542884,GB1,Brentford FC,100000.0,100000.0
543164,Rhys,Norrington-Davies,Rhys Norrington-Davies,2025,1039,rhys-norrington-davies,Saudi Arabia,Riyadh  ,Wales,1999-04-22 00:00:00,Left-Back,Defender,left,181.0,2026-06-30 00:00:00,CAA Base Ltd,https://img.a.transfermarkt.technology/portrait/header/543164-1621516676.jpg?lm=1,17.0,1.0,3864.0,https://www.transfermarkt.co.uk/rhys-norrington-davies/profil/spieler/543164,GB1,Queens Park Rangers,2500000.0,3000000.0
543387,Cheick,Doucouré,Cheick Doucouré,2025,873,cheick-doucoure,Mali,Bamako  ,Mali,2000-01-08 00:00:00,Defensive Midfield,Midfield,right,180.0,2029-06-30 00:00:00,Sababu Sport,https://img.a.transfermarkt.technology/portrait/header/543387-1693826399.jpg?lm=1,14.0,0.0,,https://www.transfermarkt.co.uk/cheick-doucoure/profil/spieler/543387,GB1,Crystal Palace,10000000.0,35000000.0
543499,Mohammed,Kudus,Mohammed Kudus,2025,148,mohammed-kudus,Ghana,Accra  ,Ghana,2000-08-02 00:00:00,Right Winger,Attack,left,177.0,2031-06-30 00:00:00,ROOF,https://img.a.transfermarkt.technology/portrait/header/543499-1668429218.jpg?lm=1,46.0,13.0,,https://www.transfermarkt.co.uk/mohammed-kudus/profil/spieler/543499,GB1,Tottenham Hotspur,50000000.0,55000000.0
544789,Flávio,Cristóvão,Flávio Cristóvão,2019,543,flavio-cristovao,Portugal,Estoril  ,Portugal,1997-05-23 00:00:00,Defensive Midfield,Midfield,right,185.0,,,https://img.a.transfermarkt.technology/portrait/header/544789-1582283025.jpg?lm=1,,,,https://www.transfermarkt.co.uk/flavio-cristovao/profil/spieler/544789,GB1,Wolverhampton Wanderers,100000.0,100000.0
546194,Tom,Clayton,Tom Clayton,2019,31,tom-clayton,England,Rainford  ,Scotland,2000-12-27 00:00:00,Centre-Back,Defender,left,187.0,2024-06-30 00:00:00,CAA Base Ltd,https://img.a.transfermarkt.technology/portrait/header/546194-1621004527.jpg?lm=1,,,,https://www.transfermarkt.co.uk/tom-clayton/profil/spieler/546194,GB1,Liverpool FC,175000.0,175000.0
546712,Anis,Ben Slimane,Anis Ben Slimane,2025,1123,anis-ben-slimane,Denmark,Kopenhagen  ,Tunisia,2001-03-16 00:00:00,Attacking Midfield,Midfield,both,188.0,2028-06-30 00:00:00,,https://img.a.transfermarkt.technology/portrait/header/546712-1668422834.jpg?lm=1,43.0,4.0,3670.0,https://www.transfermarkt.co.uk/anis-ben-slimane/profil/spieler/546712,GB1,Norwich City,2500000.0,3500000.0
546944,Taylor,Gardner-Hickman,Taylor Gardner-Hickman,2020,984,taylor-gardner-hickman,,,England,2001-12-30 00:00:00,Right-Back,Defender,right,188.0,2026-06-30 00:00:00,Unique Sports Group,https://img.a.transfermarkt.technology/portrait/header/546944-1683029708.jpg?lm=1,,,,https://www.transfermarkt.co.uk/taylor-gardner-hickman/profil/spieler/546944,GB1,West Bromwich Albion,1800000.0,1800000.0
547039,Isaak,Davies,Isaak Davies,2025,603,isaak-davies,Wales,Aberdare  ,Wales,2001-09-25 00:00:00,Left Winger,Attack,right,175.0,2029-06-30 00:00:00,,https://img.a.transfermarkt.technology/portrait/header/547039-1660247889.jpg?lm=1,2.0,0.0,3864.0,https://www.transfermarkt.co.uk/isaak-davies/profil/spieler/547039,GB1,Cardiff City,1000000.0,1500000.0
547533,Miguel,Azeez,Miguel Azeez,2021,11,miguel-azeez,England,London  ,England,2002-09-20 00:00:00,Central Midfield,Midfield,right,180.0,2023-05-31 00:00:00,Goal Management,https://img.a.transfermarkt.technology/portrait/header/547533-1557307886.png?lm=1,,,,https://www.transfermarkt.co.uk/miguel-azeez/profil/spieler/547533,GB1,Arsenal FC,600000.0,800000.0
547534,Josh,Martin,Josh Martin,2021,1123,josh-martin,England,Luton  ,England,2001-09-09 00:00:00,Left Winger,Attack,right,176.0,2023-05-31 00:00:00,ARETÉ,https://img.a.transfermarkt.technology/portrait/header/547534-1616661710.jpg?lm=1,,,,https://www.transfermarkt.co.uk/josh-martin/profil/spieler/547534,GB1,Norwich City,500000.0,1800000.0
548470,Teden,Mengi,Teden Mengi,2023,1031,teden-mengi,England,Manchester  ,England,2002-04-30 00:00:00,Centre-Back,Defender,right,186.0,,WNRS,https://img.a.transfermarkt.technology/portrait/header/548470-1681288000.jpg?lm=1,,,,https://www.transfermarkt.co.uk/teden-mengi/profil/spieler/548470,GB1,Luton Town,12000000.0,12000000.0
548729,Zeki,Amdouni,Zeki Amdouni,2025,1132,zeki-amdouni,Switzerland,Genève  ,Switzerland,2000-12-04 00:00:00,Centre-Forward,Attack,right,183.0,2028-06-30 00:00:00,ONEANDTEN,https://img.a.transfermarkt.technology/portrait/header/548729-1715938870.jpg?lm=1,32.0,11.0,,https://www.transfermarkt.co.uk/zeki-amdouni/profil/spieler/548729,GB1,Burnley FC,7000000.0,15000000.0
550995,Owen,Hesketh,Owen Hesketh,2023,543,owen-hesketh,England,Manchester  ,Wales,2002-10-10 00:00:00,Attacking Midfield,Midfield,right,180.0,2025-06-30 00:00:00,CAA Base Ltd,https://img.a.transfermarkt.technology/portrait/header/default.jpg?lm=1,,,,https://www.transfermarkt.co.uk/owen-hesketh/profil/spieler/550995,GB1,Wolverhampton Wanderers,,
551001,Owen,Beck,Owen Beck,2023,31,owen-beck,Wales,Wrexham  ,Wales,2002-08-09 00:00:00,Left-Back,Defender,left,177.0,2025-05-31 00:00:00,SEG,https://img.a.transfermarkt.technology/portrait/header/551001-1655972954.jpg?lm=1,,,,https://www.transfermarkt.co.uk/owen-beck/profil/spieler/551001,GB1,Liverpool FC,1250000.0,1250000.0
553875,Pedro,Porro,Pedro Porro,2025,148,pedro-porro,Spain,Don Benito  ,Spain,1999-09-13 00:00:00,Right-Back,Defender,right,173.0,2031-06-30 00:00:00,CAA Base Ltd,https://img.a.transfermarkt.technology/portrait/header/553875-1730812390.jpg?lm=1,22.0,1.0,,https://www.transfermarkt.co.uk/pedro-porro/profil/spieler/553875,GB1,Tottenham Hotspur,35000000.0,45000000.0
554098,Keenan,Appiah-Forson,Keenan Appiah-Forson,2022,379,keenan-appiah-forson,,,England,2001-10-16 00:00:00,Defensive Midfield,Midfield,right,174.0,2023-06-30 00:00:00,Straight Ace Sports,https://img.a.transfermarkt.technology/portrait/header/554098-1639140288.jpg?lm=1,,,,https://www.transfermarkt.co.uk/keenan-appiah-forson/profil/spieler/554098,GB1,West Ham United,300000.0,300000.0
554173,Malachi,Fagan-Walcott,Malachi Fagan-Walcott,2021,148,malachi-fagan-walcott,England,London  ,England,2002-03-11 00:00:00,Centre-Back,Defender,right,186.0,,YMU Group,https://img.a.transfermarkt.technology/portrait/header/554173-1557307772.png?lm=1,,,,https://www.transfermarkt.co.uk/malachi-fagan-walcott/profil/spieler/554173,GB1,Tottenham Hotspur,,
554174,J'Neil,Bennett,J'Neil Bennett,2021,148,jneil-bennett,England,London  ,England,2001-12-07 00:00:00,Left Winger,Attack,right,178.0,2023-06-30 00:00:00,CAA Base Ltd,https://img.a.transfermarkt.technology/portrait/header/554174-1633439207.jpg?lm=1,,,,https://www.transfermarkt.co.uk/jneil-bennett/profil/spieler/554174,GB1,Tottenham Hotspur,,
554175,Alpha,Diounkou,Alpha Diounkou,2019,281,alpha-diounkou,Senegal,Sindone  ,Senegal,2001-10-10 00:00:00,Centre-Back,Defender,right,184.0,2023-06-30 00:00:00,MagicPlayers,https://img.a.transfermarkt.technology/portrait/header/554175-1558681514.png?lm=1,,,,https://www.transfermarkt.co.uk/alpha-diounkou/profil/spieler/554175,GB1,Manchester City,300000.0,300000.0
555076,Romain,Faivre,Romain Faivre,2025,989,romain-faivre,France,Asnières-sur-Seine  ,France,1998-07-14 00:00:00,Attacking Midfield,Midfield,left,180.0,2027-06-30 00:00:00,Goalactic,https://img.a.transfermarkt.technology/portrait/header/555076-1672831296.jpg?lm=1,8.0,2.0,,https://www.transfermarkt.co.uk/romain-faivre/profil/spieler/555076,GB1,AFC Bournemouth,4000000.0,15000000.0
556385,Destiny,Udogie,Destiny Udogie,2025,148,destiny-udogie,Italy,Verona  ,Italy,2002-11-28 00:00:00,Left-Back,Defender,left,188.0,2030-06-30 00:00:00,,https://img.a.transfermarkt.technology/portrait/header/556385-1697208468.jpg?lm=1,12.0,0.0,,https://www.transfermarkt.co.uk/destiny-udogie/profil/spieler/556385,GB1,Tottenham Hotspur,30000000.0,45000000.0
557459,Micky,van de Ven,Micky van de Ven,2025,148,micky-van-de-ven,Netherlands,Wormer  ,Netherlands,2001-04-19 00:00:00,Centre-Back,Defender,left,193.0,2029-06-30 00:00:00,Team Raiola,https://img.a.transfermarkt.technology/portrait/header/557459-1744313600.jpg?lm=1,24.0,1.0,,https://www.transfermarkt.co.uk/micky-van-de-ven/profil/spieler/557459,GB1,Tottenham Hotspur,50000000.0,65000000.0
559130,Harrison,Ashby,Harrison Ashby,2025,762,harrison-ashby,England,Milton Keynes  ,Scotland,2001-11-14 00:00:00,Right-Back,Defender,right,179.0,2027-05-31 00:00:00,THE·TEAM,https://img.a.transfermarkt.technology/portrait/header/559130-1667548907.jpg?lm=1,4.0,1.0,,https://www.transfermarkt.co.uk/harrison-ashby/profil/spieler/559130,GB1,Newcastle United,1200000.0,1400000.0
559263,Fábio,Carvalho,Fábio Carvalho,2025,1148,fabio-carvalho,Portugal,Torres Vedras  ,Portugal,2002-08-30 00:00:00,Attacking Midfield,Midfield,right,170.0,2029-06-30 00:00:00,Concilium Sport,https://img.a.transfermarkt.technology/portrait/header/559263-1687517452.jpg?lm=1,4.0,2.0,,https://www.transfermarkt.co.uk/fabio-carvalho/profil/spieler/559263,GB1,Brentford FC,8000000.0,20000000.0
559330,Salah,Oulad,Salah Oulad,2024,11,salah-oulad,Netherlands,Den Haag  ,Netherlands,2003-08-20 00:00:00,Central Midfield,Midfield,right,177.0,2028-06-30 00:00:00,H2 Agency,https://img.a.transfermarkt.technology/portrait/header/559330-1773830981.png?lm=1,1.0,0.0,,https://www.transfermarkt.co.uk/salah-oulad/profil/spieler/559330,GB1,Arsenal FC,350000.0,800000.0
559794,Jack,Clarke,Jack Clarke,2024,677,jack-clarke,England,York  ,England,2000-11-23 00:00:00,Left Winger,Attack,right,181.0,2029-06-30 00:00:00,,https://img.a.transfermarkt.technology/portrait/header/559794-1708003059.jpg?lm=1,6.0,1.0,,https://www.transfermarkt.co.uk/jack-clarke/profil/spieler/559794,GB1,Ipswich Town,15000000.0,15000000.0
559800,Oliver,Casey,Oliver Casey,2020,399,oliver-casey,England,Leeds  ,England,2000-12-19 00:00:00,Centre-Back,Defender,right,188.0,2023-05-31 00:00:00,,https://img.a.transfermarkt.technology/portrait/header/default.jpg?lm=1,,,,https://www.transfermarkt.co.uk/oliver-casey/profil/spieler/559800,GB1,Leeds United,350000.0,350000.0
559801,Niall,Huggins,Niall Huggins,2025,289,niall-huggins,England,York  ,Wales,2000-12-18 00:00:00,Right-Back,Defender,right,173.0,,,https://img.a.transfermarkt.technology/portrait/header/559801-1724771042.jpg?lm=1,0.0,0.0,,https://www.transfermarkt.co.uk/niall-huggins/profil/spieler/559801,GB1,Sunderland AFC,200000.0,200000.0
560694,Lewis,O'Brien,Lewis O'Brien,2024,703,lewis-obrien,England,Colchester  ,England,1998-10-14 00:00:00,Central Midfield,Midfield,left,173.0,2028-06-30 00:00:00,,https://img.a.transfermarkt.technology/portrait/header/560694-1725258669.jpg?lm=1,,,,https://www.transfermarkt.co.uk/lewis-obrien/profil/spieler/560694,GB1,Nottingham Forest,4000000.0,8000000.0
561452,Dan,Chesters,Dan Chesters,2023,379,dan-chesters,,,England,2002-04-04 00:00:00,Right Midfield,Midfield,right,,2026-06-30 00:00:00,Wasserman,https://img.a.transfermarkt.technology/portrait/header/561452-1647593975.jpg?lm=1,,,,https://www.transfermarkt.co.uk/dan-chesters/profil/spieler/561452,GB1,West Ham United,200000.0,250000.0
562254,Kyle,Taylor,Kyle Taylor,2019,989,kyle-taylor,Switzerland,Richterswil  ,Switzerland,1999-08-28 00:00:00,Central Midfield,Midfield,right,167.0,2024-06-30 00:00:00,Wasserman,https://img.a.transfermarkt.technology/portrait/header/562254-1669124136.jpg?lm=1,,,,https://www.transfermarkt.co.uk/kyle-taylor/profil/spieler/562254,GB1,AFC Bournemouth,200000.0,200000.0
562257,Shaun,Hobson,Shaun Hobson,2017,989,shaun-hobson,England,Manchester  ,England,1998-06-29 00:00:00,Centre-Back,Defender,right,188.0,2023-06-30 00:00:00,,https://img.a.transfermarkt.technology/portrait/header/default.jpg?lm=1,,,,https://www.transfermarkt.co.uk/shaun-hobson/profil/spieler/562257,GB1,AFC Bournemouth,,
563306,Jordan,Thomas,Jordan Thomas,2019,1123,jordan-thomas,England,London  ,England,2001-01-02 00:00:00,Right-Back,Defender,right,179.0,2023-06-30 00:00:00,,https://img.a.transfermarkt.technology/portrait/header/default.jpg?lm=1,,,,https://www.transfermarkt.co.uk/jordan-thomas/profil/spieler/563306,GB1,Norwich City,,
564529,Victor,Kristiansen,Victor Kristiansen,2025,1003,victor-kristiansen,Denmark,København  ,Denmark,2002-12-16 00:00:00,Left-Back,Defender,left,181.0,2028-06-30 00:00:00,BTAM,https://img.a.transfermarkt.technology/portrait/header/564529-1718628197.jpg?lm=1,18.0,0.0,3436.0,https://www.transfermarkt.co.uk/victor-kristiansen/profil/spieler/564529,GB1,Leicester City,9000000.0,16000000.0
565093,Bart,Verbruggen,Bart Verbruggen,2025,1237,bart-verbruggen,Netherlands,Zwolle  ,Netherlands,2002-08-18 00:00:00,Goalkeeper,Goalkeeper,right,193.0,2028-06-30 00:00:00,Stirr Associates,https://img.a.transfermarkt.technology/portrait/header/565093-1716990260.jpg?lm=1,33.0,0.0,,https://www.transfermarkt.co.uk/bart-verbruggen/profil/spieler/565093,GB1,Brighton & Hove Albion,40000000.0,40000000.0
565419,Jack,Bearne,Jack Bearne,2019,31,jack-bearne,England,Nottingham  ,England,2001-09-15 00:00:00,Right Winger,Attack,,,2023-05-31 00:00:00,,https://img.a.transfermarkt.technology/portrait/header/565419-1571666987.png?lm=1,,,,https://www.transfermarkt.co.uk/jack-bearne/profil/spieler/565419,GB1,Liverpool FC,75000.0,75000.0
565420,Jake,Cain,Jake Cain,2022,31,jake-cain,England,Wigan  ,England,2001-09-02 00:00:00,Central Midfield,Midfield,right,176.0,2025-06-30 00:00:00,Wasserman,https://img.a.transfermarkt.technology/portrait/header/565420-1568633698.jpg?lm=1,,,,https://www.transfermarkt.co.uk/jake-cain/profil/spieler/565420,GB1,Liverpool FC,200000.0,200000.0
565684,George,Shelvey,George Shelvey,2022,703,george-shelvey,,,England,2001-04-22 00:00:00,Goalkeeper,Goalkeeper,right,189.0,2024-06-30 00:00:00,,https://img.a.transfermarkt.technology/portrait/header/default.jpg?lm=1,,,,https://www.transfermarkt.co.uk/george-shelvey/profil/spieler/565684,GB1,Nottingham Forest,,
565817,Connor,McAvoy,Connor McAvoy,2022,931,connor-mcavoy,,Chertsey  ,,2002-02-16 00:00:00,Centre-Back,Defender,right,190.0,2023-06-30 00:00:00,OmniSports,https://img.a.transfermarkt.technology/portrait/header/default.jpg?lm=1,,,,https://www.transfermarkt.co.uk/connor-mcavoy/profil/spieler/565817,GB1,Fulham FC,250000.0,250000.0
565822,Harvey,Elliott,Harvey Elliott,2025,31,harvey-elliott,England,London  ,England,2003-04-04 00:00:00,Attacking Midfield,Midfield,left,170.0,2027-06-30 00:00:00,ROOF,https://img.a.transfermarkt.technology/portrait/header/565822-1665128076.jpg?lm=1,28.0,14.0,,https://www.transfermarkt.co.uk/harvey-elliott/profil/spieler/565822,GB1,Liverpool FC,20000000.0,35000000.0
566349,Matty,Daly,Matty Daly,2018,1110,matty-daly,England,Stockport  ,England,2001-03-10 00:00:00,Attacking Midfield,Midfield,right,175.0,2023-05-31 00:00:00,10Ten Football,https://img.a.transfermarkt.technology/portrait/header/default.jpg?lm=1,,,,https://www.transfermarkt.co.uk/matty-daly/profil/spieler/566349,GB1,Huddersfield Town,250000.0,250000.0
566799,James,Trafford,James Trafford,2025,281,james-trafford,England,Greysouthen  ,England,2002-10-10 00:00:00,Goalkeeper,Goalkeeper,right,192.0,2030-06-30 00:00:00,,https://img.a.transfermarkt.technology/portrait/header/566799-1689876147.jpg?lm=1,2.0,0.0,,https://www.transfermarkt.co.uk/james-trafford/profil/spieler/566799,GB1,Manchester City,25000000.0,30000000.0
566832,Josh,Brooking,Josh Brooking,2023,631,josh-brooking,England,Reading  ,England,2002-09-01 00:00:00,Centre-Back,Defender,right,,,CAA Base Ltd,https://img.a.transfermarkt.technology/portrait/header/default.jpg?lm=1,,,,https://www.transfermarkt.co.uk/josh-brooking/profil/spieler/566832,GB1,Chelsea FC,500000.0,600000.0
566888,Thomas,Dickson-Peters,Thomas Dickson-Peters,2021,1123,thomas-dickson-peters,,,Scotland,2002-09-16 00:00:00,Centre-Forward,Attack,right,188.0,2023-05-31 00:00:00,CAA Base Ltd,https://img.a.transfermarkt.technology/portrait/header/566888-1646904936.jpg?lm=1,,,,https://www.transfermarkt.co.uk/thomas-dickson-peters/profil/spieler/566888,GB1,Norwich City,200000.0,200000.0
567576,Elliot,Anderson,Elliot Anderson,2025,703,elliot-anderson,England,Whitley Bay  ,England,2002-11-06 00:00:00,Central Midfield,Midfield,right,179.0,,CAA Stellar,https://img.a.transfermarkt.technology/portrait/header/567576-1696453772.jpg?lm=1,14.0,0.0,,https://www.transfermarkt.co.uk/elliot-anderson/profil/spieler/567576,GB1,Nottingham Forest,75000000.0,75000000.0
567597,Odeluga,Offiah,Odeluga Offiah,2024,1237,odeluga-offiah,England,London  ,England,2002-10-26 00:00:00,Centre-Back,Defender,right,187.0,2029-06-30 00:00:00,Sporting Talent,https://img.a.transfermarkt.technology/portrait/header/567597-1709158780.jpg?lm=1,,,,https://www.transfermarkt.co.uk/odeluga-offiah/profil/spieler/567597,GB1,Brighton & Hove Albion,1800000.0,1800000.0
568006,Dennis,Cirkin,Dennis Cirkin,2025,289,dennis-cirkin,Ireland,Dublin  ,Latvia,2002-04-06 00:00:00,Left-Back,Defender,left,182.0,,THE·TEAM,https://img.a.transfermarkt.technology/portrait/header/568006-1711448219.jpg?lm=1,0.0,0.0,,https://www.transfermarkt.co.uk/dennis-cirkin/profil/spieler/568006,GB1,Sunderland AFC,6000000.0,8000000.0
568007,Ben,Knight,Ben Knight,2022,281,ben-knight,England,Cambridge  ,England,2002-06-14 00:00:00,Right Winger,Attack,left,170.0,2025-06-30 00:00:00,CAA Stellar,https://img.a.transfermarkt.technology/portrait/header/568007-1633439233.jpg?lm=1,,,,https://www.transfermarkt.co.uk/ben-knight/profil/spieler/568007,GB1,Manchester City,300000.0,300000.0
568177,Cole,Palmer,Cole Palmer,2025,631,cole-palmer,England,Manchester  ,England,2002-05-06 00:00:00,Attacking Midfield,Midfield,left,185.0,2033-06-30 00:00:00,CAA Base Ltd,https://img.a.transfermarkt.technology/portrait/header/568177-1712320986.jpg?lm=1,14.0,2.0,,https://www.transfermarkt.co.uk/cole-palmer/profil/spieler/568177,GB1,Chelsea FC,100000000.0,130000000.0
568559,Radu,Drăgușin,Radu Drăgușin,2025,148,radu-dragusin,Romania,Bucharest  ,Romania,2002-02-03 00:00:00,Centre-Back,Defender,right,191.0,2027-06-30 00:00:00,THE·TEAM,https://img.a.transfermarkt.technology/portrait/header/568559-1704716630.jpg?lm=1,30.0,1.0,,https://www.transfermarkt.co.uk/radu-dragusin/profil/spieler/568559,GB1,Tottenham Hotspur,16000000.0,25000000.0
568693,Pape Matar,Sarr,Pape Matar Sarr,2025,148,pape-matar-sarr,Senegal,Thiaroye  ,Senegal,2002-09-14 00:00:00,Central Midfield,Midfield,right,185.0,2030-06-30 00:00:00,,https://img.a.transfermarkt.technology/portrait/header/568693-1668163083.jpg?lm=1,42.0,4.0,,https://www.transfermarkt.co.uk/pape-matar-sarr/profil/spieler/568693,GB1,Tottenham Hotspur,30000000.0,45000000.0
569663,Mathias,Kvistgaarden,Mathias Kvistgaarden,2025,1123,mathias-kvistgaarden,Denmark,Birkerød  ,Denmark,2002-04-15 00:00:00,Centre-Forward,Attack,right,174.0,2029-06-30 00:00:00,Elite Consulting,https://img.a.transfermarkt.technology/portrait/header/569663-1624457803.jpg?lm=1,1.0,0.0,3436.0,https://www.transfermarkt.co.uk/mathias-kvistgaarden/profil/spieler/569663,GB1,Norwich City,6000000.0,15000000.0
570336,Dan,Neil,Dan Neil,2025,289,dan-neil,England,South Shields  ,England,2001-12-13 00:00:00,Central Midfield,Midfield,left,185.0,2029-05-31 00:00:00,THE·TEAM,https://img.a.transfermarkt.technology/portrait/header/570336-1748348348.jpg?lm=1,3.0,0.0,,https://www.transfermarkt.co.uk/dan-neil/profil/spieler/570336,GB1,Sunderland AFC,,
570469,Mateusz,Musialowski,Mateusz Musialowski,2023,31,mateusz-musialowski,Poland,Częstochowa  ,Poland,2003-10-16 00:00:00,Attacking Midfield,Midfield,both,175.0,2027-05-31 00:00:00,INNfootball,https://img.a.transfermarkt.technology/portrait/header/570469-1723962576.jpg?lm=1,,,,https://www.transfermarkt.co.uk/mateusz-musialowski/profil/spieler/570469,GB1,Liverpool FC,300000.0,300000.0
570864,Tony,Springett,Tony Springett,2021,1123,tony-springett,,,Ireland,2002-09-22 00:00:00,Right Winger,Attack,,,2023-05-31 00:00:00,,https://img.a.transfermarkt.technology/portrait/header/default.jpg?lm=1,,,,https://www.transfermarkt.co.uk/tony-springett/profil/spieler/570864,GB1,Norwich City,500000.0,500000.0
571743,Armando,Broja,Armando Broja,2025,1132,armando-broja,England,Slough  ,Albania,2001-09-10 00:00:00,Centre-Forward,Attack,right,191.0,2030-06-30 00:00:00,Team Raiola,https://img.a.transfermarkt.technology/portrait/header/571743-1662362376.jpg?lm=1,37.0,6.0,,https://www.transfermarkt.co.uk/armando-broja/profil/spieler/571743,GB1,Burnley FC,5000000.0,30000000.0
571827,Lewis,Richards,Lewis Richards,2020,543,lewis-richards,,,Ireland,2001-10-15 00:00:00,Centre-Back,Defender,left,182.0,2023-05-31 00:00:00,Straight Ace Sports,https://img.a.transfermarkt.technology/portrait/header/default.jpg?lm=1,,,,https://www.transfermarkt.co.uk/lewis-richards/profil/spieler/571827,GB1,Wolverhampton Wanderers,175000.0,175000.0
573132,Ethan,Wady,Ethan Wady,2022,631,ethan-wady,,"San Jose, California  ",,2002-01-23 00:00:00,Goalkeeper,Goalkeeper,,,,,https://img.a.transfermarkt.technology/portrait/header/default.jpg?lm=1,,,,https://www.transfermarkt.co.uk/ethan-wady/profil/spieler/573132,GB1,Chelsea FC,,
574448,Harry,Tyrer,Harry Tyrer,2025,29,harry-tyrer,England,Crosby  ,England,2001-12-06 00:00:00,Goalkeeper,Goalkeeper,right,194.0,2029-06-30 00:00:00,THE·TEAM,https://img.a.transfermarkt.technology/portrait/header/574448-1722347327.jpg?lm=1,,,,https://www.transfermarkt.co.uk/harry-tyrer/profil/spieler/574448,GB1,Everton FC,,
575210,Harrison,Sohna,Harrison Sohna,2020,405,harrison-sohna,,,England,2002-07-01 00:00:00,Central Midfield,Midfield,,178.0,2023-06-30 00:00:00,,https://img.a.transfermarkt.technology/portrait/header/default.jpg?lm=1,,,,https://www.transfermarkt.co.uk/harrison-sohna/profil/spieler/575210,GB1,Aston Villa,150000.0,150000.0
576314,Jan Paul,van Hecke,Jan Paul van Hecke,2025,1237,jan-paul-van-hecke,Netherlands,Arnemuiden  ,Netherlands,2000-06-08 00:00:00,Centre-Back,Defender,right,189.0,,V4S,https://img.a.transfermarkt.technology/portrait/header/576314-1742501220.jpg?lm=1,16.0,1.0,,https://www.transfermarkt.co.uk/jan-paul-van-hecke/profil/spieler/576314,GB1,Brighton & Hove Albion,45000000.0,45000000.0
577779,James,Daly,James Daly,2019,873,james-daly,England,Brighton  ,England,2000-01-12 00:00:00,Centre-Forward,Attack,left,178.0,2023-06-30 00:00:00,,https://img.a.transfermarkt.technology/portrait/header/default.jpg?lm=1,,,,https://www.transfermarkt.co.uk/james-daly/profil/spieler/577779,GB1,Crystal Palace,,
578391,Rayan,Aït-Nouri,Rayan Aït-Nouri,2025,281,rayan-ait-nouri,France,Montreuil  ,Algeria,2001-06-06 00:00:00,Left-Back,Defender,left,180.0,2030-06-30 00:00:00,CAA Stellar,https://img.a.transfermarkt.technology/portrait/header/578391-1761076429.jpg?lm=1,33.0,0.0,,https://www.transfermarkt.co.uk/rayan-ait-nouri/profil/spieler/578391,GB1,Manchester City,40000000.0,40000000.0
578539,Chris,Richards,Chris Richards,2025,873,chris-richards,United States,"Birmingham, Alabama  ",United States,2000-03-28 00:00:00,Centre-Back,Defender,right,189.0,2027-06-30 00:00:00,Roc Nation Sports,https://img.a.transfermarkt.technology/portrait/header/578539-1754244701.jpg?lm=1,40.0,3.0,,https://www.transfermarkt.co.uk/chris-richards/profil/spieler/578539,GB1,Crystal Palace,28000000.0,28000000.0
579295,Melker,Widell,Melker Widell,2025,2288,melker-widell,Sweden,Billeberga  ,Sweden,2002-04-19 00:00:00,Central Midfield,Midfield,right,181.0,2029-06-30 00:00:00,FPA,https://img.a.transfermarkt.technology/portrait/header/579295-1704806053.jpg?lm=1,1.0,0.0,3557.0,https://www.transfermarkt.co.uk/melker-widell/profil/spieler/579295,GB1,Swansea City,1800000.0,1800000.0
580030,James,Furlong,James Furlong,2022,1237,james-furlong,Ireland,Dublin  ,Ireland,2002-06-07 00:00:00,Left-Back,Defender,left,178.0,2024-06-30 00:00:00,,https://img.a.transfermarkt.technology/portrait/header/580030-1557483087.png?lm=1,,,,https://www.transfermarkt.co.uk/james-furlong/profil/spieler/580030,GB1,Brighton & Hove Albion,275000.0,275000.0
580809,Ed,Turns,Ed Turns,2024,1237,ed-turns,England,Brighton  ,Wales,2002-10-18 00:00:00,Centre-Back,Defender,right,186.0,2027-06-30 00:00:00,,https://img.a.transfermarkt.technology/portrait/header/580809-1720268775.jpg?lm=1,4.0,0.0,,https://www.transfermarkt.co.uk/ed-turns/profil/spieler/580809,GB1,Brighton & Hove Albion,400000.0,400000.0
581330,Eiran,Cashin,Eiran Cashin,2025,1237,eiran-cashin,England,Mansfield  ,Ireland,2001-11-09 00:00:00,Centre-Back,Defender,left,184.0,2030-06-30 00:00:00,Unique Sports Group,https://img.a.transfermarkt.technology/portrait/header/581330-1699341875.jpg?lm=1,0.0,0.0,,https://www.transfermarkt.co.uk/eiran-cashin/profil/spieler/581330,GB1,Brighton & Hove Albion,5000000.0,8000000.0
581445,Mazeed,Ogungbo,Mazeed Ogungbo,2021,11,mazeed-ogungbo,,,Ireland,2002-10-20 00:00:00,Centre-Back,Defender,left,,2023-05-31 00:00:00,,https://img.a.transfermarkt.technology/portrait/header/581445-1659707123.jpg?lm=1,,,,https://www.transfermarkt.co.uk/mazeed-ogungbo/profil/spieler/581445,GB1,Arsenal FC,150000.0,150000.0
581598,Harvey,White,Harvey White,2022,148,harvey-white,,Maidstone  ,,2001-09-19 00:00:00,Defensive Midfield,Midfield,left,168.0,2024-06-30 00:00:00,,https://img.a.transfermarkt.technology/portrait/header/581598-1606476100.jpg?lm=1,,,,https://www.transfermarkt.co.uk/harvey-white/profil/spieler/581598,GB1,Tottenham Hotspur,600000.0,600000.0
581670,Louie,Barry,Louie Barry,2020,405,louie-barry,England,Sutton Coldfield  ,England,2003-06-21 00:00:00,Left Winger,Attack,right,174.0,2023-05-31 00:00:00,,https://img.a.transfermarkt.technology/portrait/header/581670-1579793353.jpg?lm=1,,,,https://www.transfermarkt.co.uk/louie-barry/profil/spieler/581670,GB1,Aston Villa,1000000.0,1000000.0
581674,Charlie,Patino,Charlie Patino,2021,11,charlie-patino,England,Watford  ,England,2003-10-17 00:00:00,Central Midfield,Midfield,left,182.0,2023-05-31 00:00:00,,https://img.a.transfermarkt.technology/portrait/header/581674-1683023729.jpg?lm=1,,,,https://www.transfermarkt.co.uk/charlie-patino/profil/spieler/581674,GB1,Arsenal FC,12000000.0,12000000.0
581675,Harvey,Vale,Harvey Vale,2024,631,harvey-vale,England,Haywards Heath  ,Ireland,2003-09-11 00:00:00,Right Midfield,Midfield,left,181.0,2028-06-30 00:00:00,,https://img.a.transfermarkt.technology/portrait/header/581675-1650877370.jpg?lm=1,9.0,1.0,,https://www.transfermarkt.co.uk/harvey-vale/profil/spieler/581675,GB1,Chelsea FC,1500000.0,2000000.0
581679,Nathan,Young-Coombes,Nathan Young-Coombes,2021,1148,nathan-young-coombes,England,London  ,England,2003-01-15 00:00:00,Right Winger,Attack,right,175.0,2024-06-30 00:00:00,FA Sport,https://img.a.transfermarkt.technology/portrait/header/default.jpg?lm=1,,,,https://www.transfermarkt.co.uk/nathan-young-coombes/profil/spieler/581679,GB1,Brentford FC,,
581681,Finley,Burns,Finley Burns,2021,281,finley-burns,England,London  ,England,2003-06-17 00:00:00,Centre-Back,Defender,,196.0,2027-06-30 00:00:00,Unique Sports Group,https://img.a.transfermarkt.technology/portrait/header/581681-1655972162.png?lm=1,,,,https://www.transfermarkt.co.uk/finley-burns/profil/spieler/581681,GB1,Manchester City,300000.0,300000.0
581890,Lukas,Jensen,Lukas Jensen,2021,1132,lukas-jensen,Denmark,Helsingør  ,Denmark,1999-03-18 00:00:00,Goalkeeper,Goalkeeper,right,198.0,2023-05-31 00:00:00,KHM Football,https://img.a.transfermarkt.technology/portrait/header/default.jpg?lm=1,,,,https://www.transfermarkt.co.uk/lukas-jensen/profil/spieler/581890,GB1,Burnley FC,250000.0,250000.0
582078,Will,Dennis,Will Dennis,2025,989,will-dennis,,,England,2000-07-10 00:00:00,Goalkeeper,Goalkeeper,right,188.0,2028-06-30 00:00:00,World in Motion,https://img.a.transfermarkt.technology/portrait/header/582078-1651653108.jpg?lm=1,,,,https://www.transfermarkt.co.uk/will-dennis/profil/spieler/582078,GB1,AFC Bournemouth,350000.0,350000.0
583189,Anthony,Elanga,Anthony Elanga,2025,762,anthony-elanga,Sweden,Hyllie  ,Sweden,2002-04-27 00:00:00,Right Winger,Attack,right,178.0,2030-06-30 00:00:00,PANTHERA,https://img.a.transfermarkt.technology/portrait/header/583189-1700739021.jpg?lm=1,34.0,8.0,,https://www.transfermarkt.co.uk/anthony-elanga/profil/spieler/583189,GB1,Newcastle United,32000000.0,55000000.0
583199,James,McAtee,James McAtee,2025,703,james-mcatee,England,Salford  ,England,2002-10-18 00:00:00,Attacking Midfield,Midfield,left,180.0,2030-06-30 00:00:00,YMU Management Ltd.,https://img.a.transfermarkt.technology/portrait/header/583199-1770845444.jpg?lm=1,24.0,8.0,,https://www.transfermarkt.co.uk/james-mcatee/profil/spieler/583199,GB1,Nottingham Forest,18000000.0,25000000.0
583255,Antoine,Semenyo,Antoine Semenyo,2025,281,antoine-semenyo,England,London  ,Ghana,2000-01-07 00:00:00,Right Winger,Attack,right,185.0,2031-06-30 00:00:00,,https://img.a.transfermarkt.technology/portrait/header/583255-1737452028.jpg?lm=1,38.0,3.0,,https://www.transfermarkt.co.uk/antoine-semenyo/profil/spieler/583255,GB1,Manchester City,80000000.0,80000000.0
583258,Shane,Flynn,Shane Flynn,2020,1003,shane-flynn,Ireland,Dublin  ,Ireland,2001-10-14 00:00:00,Left-Back,Defender,,,,SBM,https://img.a.transfermarkt.technology/portrait/header/default.jpg?lm=1,,,,https://www.transfermarkt.co.uk/shane-flynn/profil/spieler/583258,GB1,Leicester City,,
583952,James,Sweet,James Sweet,2023,11,james-sweet,England,London  ,Wales,2003-11-03 00:00:00,Right-Back,Defender,right,180.0,,Wasserman,https://img.a.transfermarkt.technology/portrait/header/583952-1708346091.jpg?lm=1,,,,https://www.transfermarkt.co.uk/james-sweet/profil/spieler/583952,GB1,Arsenal FC,250000.0,250000.0
583953,Oliver,Ewing,Oliver Ewing,2021,1003,oliver-ewing,,,Wales,2003-01-03 00:00:00,Central Midfield,Midfield,,,,CAA Stellar,https://img.a.transfermarkt.technology/portrait/header/default.jpg?lm=1,,,,https://www.transfermarkt.co.uk/oliver-ewing/profil/spieler/583953,GB1,Leicester City,,
583990,Owen,Bevan,Owen Bevan,2025,989,owen-bevan,England,Winchester  ,Wales,2003-10-26 00:00:00,Centre-Back,Defender,right,186.0,2028-05-31 00:00:00,THE·TEAM,https://img.a.transfermarkt.technology/portrait/header/583990-1754901471.png?lm=1,5.0,0.0,,https://www.transfermarkt.co.uk/owen-bevan/profil/spieler/583990,GB1,AFC Bournemouth,,
584769,Dwight,McNeil,Dwight McNeil,2025,29,dwight-mcneil,England,Rochdale  ,England,1999-11-22 00:00:00,Left Winger,Attack,left,183.0,2027-06-30 00:00:00,Unique Sports Group,https://img.a.transfermarkt.technology/portrait/header/584769-1700651579.jpg?lm=1,10.0,0.0,,https://www.transfermarkt.co.uk/dwight-mcneil/profil/spieler/584769,GB1,Everton FC,18000000.0,25000000.0
585323,Filip,Jørgensen,Filip Jørgensen,2025,631,filip-jorgensen,Sweden,Lomma  ,Denmark,2002-04-16 00:00:00,Goalkeeper,Goalkeeper,right,192.0,2031-06-30 00:00:00,LIAN Sports Group,https://img.a.transfermarkt.technology/portrait/header/585323-1718280485.jpg?lm=1,2.0,0.0,,https://www.transfermarkt.co.uk/filip-jorgensen/profil/spieler/585323,GB1,Chelsea FC,15000000.0,20000000.0
585550,Gavin,Bazunu,Gavin Bazunu,2025,180,gavin-bazunu,Ireland,Dublin  ,Ireland,2002-02-20 00:00:00,Goalkeeper,Goalkeeper,right,188.0,2027-06-30 00:00:00,Gest Eleven,https://img.a.transfermarkt.technology/portrait/header/585550-1655476121.jpg?lm=1,22.0,0.0,3509.0,https://www.transfermarkt.co.uk/gavin-bazunu/profil/spieler/585550,GB1,Southampton FC,8000000.0,18000000.0
585769,George,Campbell,George Campbell,2025,984,george-campbell,United States,"Chester, Pennsylvania   ",United States,2001-06-22 00:00:00,Centre-Back,Defender,right,188.0,2029-06-30 00:00:00,THE·TEAM,https://img.a.transfermarkt.technology/portrait/header/585769-1740596927.jpg?lm=1,1.0,0.0,3505.0,https://www.transfermarkt.co.uk/george-campbell/profil/spieler/585769,GB1,West Bromwich Albion,2000000.0,2000000.0
586980,Alex,Kirk,Alex Kirk,2021,11,alex-kirk,,,England,2002-10-27 00:00:00,Centre-Back,Defender,,,2023-05-31 00:00:00,,https://img.a.transfermarkt.technology/portrait/header/default.jpg?lm=1,,,,https://www.transfermarkt.co.uk/alex-kirk/profil/spieler/586980,GB1,Arsenal FC,150000.0,150000.0
586982,Levi,Laing,Levi Laing,2023,379,levi-laing,England,London  ,England,2003-04-12 00:00:00,Centre-Back,Defender,right,188.0,2025-05-31 00:00:00,Connect Force,https://img.a.transfermarkt.technology/portrait/header/default.jpg?lm=1,,,,https://www.transfermarkt.co.uk/levi-laing/profil/spieler/586982,GB1,West Ham United,150000.0,150000.0
587002,Myles,Peart-Harris,Myles Peart-Harris,2025,1148,myles-peart-harris,England,London  ,Jamaica,2002-09-18 00:00:00,Attacking Midfield,Midfield,right,187.0,2030-06-30 00:00:00,Two Touch Agency,https://img.a.transfermarkt.technology/portrait/header/587002-1720268527.jpg?lm=1,0.0,0.0,,https://www.transfermarkt.co.uk/myles-peart-harris/profil/spieler/587002,GB1,Brentford FC,900000.0,1000000.0
587003,Lewis,Bate,Lewis Bate,2021,399,lewis-bate,England,London  ,England,2002-10-28 00:00:00,Central Midfield,Midfield,left,170.0,2023-05-31 00:00:00,,https://img.a.transfermarkt.technology/portrait/header/587003-1574325615.jpg?lm=1,,,,https://www.transfermarkt.co.uk/lewis-bate/profil/spieler/587003,GB1,Leeds United,1200000.0,1200000.0
587018,Hubert,Graczyk,Hubert Graczyk,2024,985,hubert-graczyk,Poland,Skwierzyna  ,Poland,2003-02-28 00:00:00,Goalkeeper,Goalkeeper,right,187.0,,World in Motion,https://img.a.transfermarkt.technology/portrait/header/587018-1655983993.png?lm=1,0.0,0.0,,https://www.transfermarkt.co.uk/hubert-graczyk/profil/spieler/587018,GB1,Manchester United,,
587222,Aune,Heggebø,Aune Heggebø,2025,984,aune-heggebo,Norway,Bergen  ,Norway,2001-07-29 00:00:00,Centre-Forward,Attack,left,185.0,2030-06-30 00:00:00,Keypass AS,https://img.a.transfermarkt.technology/portrait/header/587222-1712101368.jpg?lm=1,2.0,0.0,3440.0,https://www.transfermarkt.co.uk/aune-heggebo/profil/spieler/587222,GB1,West Bromwich Albion,7000000.0,7000000.0
591949,Aaron,Hickey,Aaron Hickey,2025,1148,aaron-hickey,Scotland,Glasgow  ,Scotland,2002-06-10 00:00:00,Right-Back,Defender,both,185.0,2028-06-30 00:00:00,Gersh,https://img.a.transfermarkt.technology/portrait/header/591949-1780070754.jpg?lm=1,22.0,0.0,,https://www.transfermarkt.co.uk/aaron-hickey/profil/spieler/591949,GB1,Brentford FC,16000000.0,30000000.0
592988,Cheikh,Diaby,Cheikh Diaby,2020,984,cheikh-diaby,France,Créteil  ,France,2000-03-07 00:00:00,Centre-Forward,Attack,right,,,Franco Management,https://img.a.transfermarkt.technology/portrait/header/default.jpg?lm=1,,,,https://www.transfermarkt.co.uk/cheikh-diaby/profil/spieler/592988,GB1,West Bromwich Albion,,
594721,Melkamu,Frauendorf,Melkamu Frauendorf,2022,31,melkamu-frauendorf,Ethiopia,Kembata  ,Germany,2004-01-12 00:00:00,Attacking Midfield,Midfield,right,180.0,2024-06-30 00:00:00,,https://img.a.transfermarkt.technology/portrait/header/594721-1655974762.jpg?lm=1,,,,https://www.transfermarkt.co.uk/melkamu-frauendorf/profil/spieler/594721,GB1,Liverpool FC,,
595809,,Beto,Beto,2025,29,beto,Portugal,Lisboa  ,Guinea-Bissau,1998-01-31 00:00:00,Centre-Forward,Attack,right,194.0,2027-06-30 00:00:00,PR10,https://img.a.transfermarkt.technology/portrait/header/595809-1711746870.jpg?lm=1,10.0,1.0,,https://www.transfermarkt.co.uk/beto/profil/spieler/595809,GB1,Everton FC,18000000.0,25000000.0
596216,Max,Haygarth,Max Haygarth,2021,1148,max-haygarth,England,Manchester  ,England,2002-01-21 00:00:00,Left Winger,Attack,left,175.0,,,https://img.a.transfermarkt.technology/portrait/header/default.jpg?lm=1,,,,https://www.transfermarkt.co.uk/max-haygarth/profil/spieler/596216,GB1,Brentford FC,50000.0,100000.0
596217,Mark,Helm,Mark Helm,2021,1132,mark-helm,England,Warrington  ,England,2001-10-21 00:00:00,Central Midfield,Midfield,right,173.0,2024-06-30 00:00:00,GW Sports,https://img.a.transfermarkt.technology/portrait/header/default.jpg?lm=1,,,,https://www.transfermarkt.co.uk/mark-helm/profil/spieler/596217,GB1,Burnley FC,225000.0,225000.0
596446,Leif,Davis,Leif Davis,2024,677,leif-davis,England,Newcastle  ,England,1999-12-31 00:00:00,Left-Back,Defender,left,182.0,2029-06-30 00:00:00,Two Touch Agency,https://img.a.transfermarkt.technology/portrait/header/596446-1738823882.jpg?lm=1,,,,https://www.transfermarkt.co.uk/leif-davis/profil/spieler/596446,GB1,Ipswich Town,20000000.0,25000000.0
598577,Florian,Wirtz,Florian Wirtz,2025,31,florian-wirtz,Germany,Pulheim  ,Germany,2003-05-03 00:00:00,Attacking Midfield,Midfield,right,177.0,2030-06-30 00:00:00,,https://img.a.transfermarkt.technology/portrait/header/598577-1781163178.jpg?lm=1,45.0,11.0,,https://www.transfermarkt.co.uk/florian-wirtz/profil/spieler/598577,GB1,Liverpool FC,100000000.0,140000000.0
598958,Max,Thompson,Max Thompson,2020,1132,max-thompson,England,Macclesfield  ,England,2002-02-09 00:00:00,Right Winger,Attack,right,182.0,2024-06-30 00:00:00,,https://img.a.transfermarkt.technology/portrait/header/default.jpg?lm=1,,,,https://www.transfermarkt.co.uk/max-thompson/profil/spieler/598958,GB1,Burnley FC,,
599739,Xavier,Simons,Xavier Simons,2021,631,xavier-simons,England,London  ,England,2003-02-20 00:00:00,Defensive Midfield,Midfield,right,180.0,2023-05-31 00:00:00,KIN Partners,https://img.a.transfermarkt.technology/portrait/header/default.jpg?lm=1,,,,https://www.transfermarkt.co.uk/xavier-simons/profil/spieler/599739,GB1,Chelsea FC,500000.0,500000.0
601883,Matheus,Nunes,Matheus Nunes,2025,281,matheus-nunes,Brazil,Rio de Janeiro  ,Portugal,1998-08-27 00:00:00,Right-Back,Defender,right,183.0,2028-06-30 00:00:00,Gestifute,https://img.a.transfermarkt.technology/portrait/header/601883-1761076097.jpg?lm=1,21.0,2.0,,https://www.transfermarkt.co.uk/matheus-nunes/profil/spieler/601883,GB1,Manchester City,50000000.0,55000000.0
605184,Jean-Clair,Todibo,Jean-Clair Todibo,2025,379,jean-clair-todibo,French Guiana,Cayenne  ,France,1999-12-30 00:00:00,Centre-Back,Defender,right,190.0,2029-06-30 00:00:00,ESN,https://img.a.transfermarkt.technology/portrait/header/605184-1699439806.jpg?lm=1,2.0,0.0,,https://www.transfermarkt.co.uk/jean-clair-todibo/profil/spieler/605184,GB1,West Ham United,22000000.0,35000000.0
605426,Melker,Ellborg,Melker Ellborg,2025,289,melker-ellborg,Sweden,Kalmar  ,Sweden,2003-05-22 00:00:00,Goalkeeper,Goalkeeper,right,191.0,2030-06-30 00:00:00,MD Management,https://img.a.transfermarkt.technology/portrait/header/605426-1740563649.jpg?lm=1,0.0,0.0,,https://www.transfermarkt.co.uk/melker-ellborg/profil/spieler/605426,GB1,Sunderland AFC,3000000.0,3000000.0
605498,Sebastian,Soto,Sebastian Soto,2021,1123,sebastian-soto,United States,"Carlsbad, California  ",United States,2000-07-28 00:00:00,Centre-Forward,Attack,right,183.0,2025-06-30 00:00:00,CCC,https://img.a.transfermarkt.technology/portrait/header/605498-1574604577.jpg?lm=1,,,,https://www.transfermarkt.co.uk/sebastian-soto/profil/spieler/605498,GB1,Norwich City,350000.0,550000.0
606576,Denis,Franchi,Denis Franchi,2023,1132,denis-franchi,Italy,San Vito al Tagliamento  ,Italy,2002-10-22 00:00:00,Goalkeeper,Goalkeeper,right,189.0,2027-06-30 00:00:00,,https://img.a.transfermarkt.technology/portrait/header/606576-1582283320.jpg?lm=1,,,,https://www.transfermarkt.co.uk/denis-franchi/profil/spieler/606576,GB1,Burnley FC,250000.0,250000.0
606718,,Toti,Toti,2025,543,toti,Guinea-Bissau,Bissau  ,Portugal,1999-01-16 00:00:00,Centre-Back,Defender,left,187.0,2029-06-30 00:00:00,Gestifute,https://img.a.transfermarkt.technology/portrait/header/606718-1743575342.jpg?lm=1,2.0,0.0,,https://www.transfermarkt.co.uk/toti/profil/spieler/606718,GB1,Wolverhampton Wanderers,18000000.0,28000000.0
607223,Rayan,Cherki,Rayan Cherki,2025,281,rayan-cherki,France,Lyon  ,France,2003-08-17 00:00:00,Attacking Midfield,Midfield,both,177.0,2030-06-30 00:00:00,,https://img.a.transfermarkt.technology/portrait/header/607223-1773302431.jpg?lm=1,12.0,2.0,,https://www.transfermarkt.co.uk/rayan-cherki/profil/spieler/607223,GB1,Manchester City,90000000.0,90000000.0
607224,,Hannibal,Hannibal,2025,1132,hannibal,France,Ivry-sur-Seine  ,Tunisia,2003-01-21 00:00:00,Attacking Midfield,Midfield,right,177.0,2028-06-30 00:00:00,ROGON,https://img.a.transfermarkt.technology/portrait/header/607224-1695240171.jpg?lm=1,48.0,1.0,,https://www.transfermarkt.co.uk/hannibal/profil/spieler/607224,GB1,Burnley FC,15000000.0,16000000.0
607226,Loum,Tchaouna,Loum Tchaouna,2025,1132,loum-tchaouna,Chad,N'Djamena  ,France,2003-09-08 00:00:00,Right Winger,Attack,left,180.0,2030-06-30 00:00:00,,https://img.a.transfermarkt.technology/portrait/header/607226-1695710683.jpg?lm=1,10.0,1.0,,https://www.transfermarkt.co.uk/loum-tchaouna/profil/spieler/607226,GB1,Burnley FC,13000000.0,15000000.0
608175,Alfie,Doughty,Alfie Doughty,2023,1031,alfie-doughty,England,London  ,England,1999-12-21 00:00:00,Left Midfield,Midfield,left,183.0,,,https://img.a.transfermarkt.technology/portrait/header/608175-1596804005.jpg?lm=1,,,,https://www.transfermarkt.co.uk/alfie-doughty/profil/spieler/608175,GB1,Luton Town,10000000.0,10000000.0
608832,Merlin,Röhl,Merlin Röhl,2025,29,merlin-rohl,Germany,Berlin  ,Germany,2002-07-05 00:00:00,Attacking Midfield,Midfield,right,192.0,2029-06-30 00:00:00,sportlobby,https://img.a.transfermarkt.technology/portrait/header/608832-1726649794.jpg?lm=1,13.0,3.0,,https://www.transfermarkt.co.uk/merlin-rohl/profil/spieler/608832,GB1,Everton FC,16000000.0,18000000.0
609556,William,Osula,William Osula,2025,762,william-osula,Denmark,København  ,Denmark,2003-08-04 00:00:00,Centre-Forward,Attack,right,191.0,2029-06-30 00:00:00,CAA Stellar,https://img.a.transfermarkt.technology/portrait/header/609556-1693217416.jpg?lm=1,2.0,0.0,,https://www.transfermarkt.co.uk/william-osula/profil/spieler/609556,GB1,Newcastle United,28000000.0,28000000.0
609883,Luke,Mbete,Luke Mbete,2022,281,luke-mbete,,London  ,,2003-09-18 00:00:00,Centre-Back,Defender,left,185.0,2027-06-30 00:00:00,CAA Stellar,https://img.a.transfermarkt.technology/portrait/header/609883-1650877535.jpg?lm=1,,,,https://www.transfermarkt.co.uk/luke-mbete/profil/spieler/609883,GB1,Manchester City,2000000.0,2000000.0
609887,Alex,Robertson,Alex Robertson,2022,281,alex-robertson,Scotland,Dundee  ,Australia,2003-04-17 00:00:00,Central Midfield,Midfield,right,182.0,2023-06-30 00:00:00,Republic Sports Mgt,https://img.a.transfermarkt.technology/portrait/header/609887-1626339328.jpg?lm=1,,,,https://www.transfermarkt.co.uk/alex-robertson/profil/spieler/609887,GB1,Manchester City,500000.0,500000.0
610581,Ali,Al-Hamadi,Ali Al-Hamadi,2025,1031,ali-al-hamadi,Iraq,"---, Maysan  ",Iraq,2002-03-01 00:00:00,Centre-Forward,Attack,right,187.0,2026-06-30 00:00:00,THE·TEAM,https://img.a.transfermarkt.technology/portrait/header/610581-1705017216.png?lm=1,22.0,5.0,3560.0,https://www.transfermarkt.co.uk/ali-al-hamadi/profil/spieler/610581,GB1,Luton Town,1500000.0,2500000.0
610621,James,Morris,James Morris,2021,1010,james-morris,,,England,2001-11-23 00:00:00,Left-Back,Defender,left,183.0,2026-06-30 00:00:00,CAA Base Ltd,https://img.a.transfermarkt.technology/portrait/header/default.jpg?lm=1,,,,https://www.transfermarkt.co.uk/james-morris/profil/spieler/610621,GB1,Watford FC,300000.0,300000.0
610653,Ethan,Fitzhugh,Ethan Fitzhugh,2020,1003,ethan-fitzhugh,,,England,2002-11-27 00:00:00,Attacking Midfield,Midfield,,,,GG Sports LTD,https://img.a.transfermarkt.technology/portrait/header/default.jpg?lm=1,,,,https://www.transfermarkt.co.uk/ethan-fitzhugh/profil/spieler/610653,GB1,Leicester City,,
610665,Caleb,Watts,Caleb Watts,2020,180,caleb-watts,,,Australia,2002-01-16 00:00:00,Attacking Midfield,Midfield,right,,2023-05-31 00:00:00,#LEADERS,https://img.a.transfermarkt.technology/portrait/header/610665-1625839413.jpg?lm=1,,,,https://www.transfermarkt.co.uk/caleb-watts/profil/spieler/610665,GB1,Southampton FC,250000.0,250000.0
610706,Jamal,Baptiste,Jamal Baptiste,2022,379,jamal-baptiste,,,England,2003-11-11 00:00:00,Centre-Back,Defender,,,,,https://img.a.transfermarkt.technology/portrait/header/610706-1650877342.jpg?lm=1,,,,https://www.transfermarkt.co.uk/jamal-baptiste/profil/spieler/610706,GB1,West Ham United,250000.0,250000.0
610786,Ollie,O'Neill,Ollie O'Neill,2022,931,ollie-oneill,,,Ireland,2003-01-08 00:00:00,Left Winger,Attack,,,2025-06-30 00:00:00,CAA Stellar,https://img.a.transfermarkt.technology/portrait/header/default.jpg?lm=1,,,,https://www.transfermarkt.co.uk/ollie-oneill/profil/spieler/610786,GB1,Fulham FC,250000.0,250000.0
610789,Luciano,D'Auria-Henry,Luciano D'Auria-Henry,2022,931,luciano-dauria-henry,,,England,2002-11-11 00:00:00,Right-Back,Defender,right,174.0,,CAA Base Ltd,https://img.a.transfermarkt.technology/portrait/header/default.jpg?lm=1,,,,https://www.transfermarkt.co.uk/luciano-dauria-henry/profil/spieler/610789,GB1,Fulham FC,150000.0,150000.0
610849,Liam,Delap,Liam Delap,2025,631,liam-delap,England,Winchester  ,England,2003-02-08 00:00:00,Centre-Forward,Attack,right,186.0,2031-06-30 00:00:00,CAA Stellar,https://img.a.transfermarkt.technology/portrait/header/610849-1746646306.jpg?lm=1,12.0,3.0,,https://www.transfermarkt.co.uk/liam-delap/profil/spieler/610849,GB1,Chelsea FC,28000000.0,40000000.0
610863,Filip,Marschall,Filip Marschall,2023,405,filip-marschall,England,Cambridge  ,England,2003-04-24 00:00:00,Goalkeeper,Goalkeeper,right,195.0,2025-05-31 00:00:00,S Palmer Sports,https://img.a.transfermarkt.technology/portrait/header/610863-1701934079.jpg?lm=1,,,,https://www.transfermarkt.co.uk/filip-marschall/profil/spieler/610863,GB1,Aston Villa,800000.0,800000.0
611650,Sam,Woods,Sam Woods,2020,873,sam-woods,England,London  ,England,1998-09-11 00:00:00,Centre-Back,Defender,right,185.0,,CAA Base Ltd,https://img.a.transfermarkt.technology/portrait/header/default.jpg?lm=1,,,,https://www.transfermarkt.co.uk/sam-woods/profil/spieler/611650,GB1,Crystal Palace,200000.0,200000.0
611651,Giovanni,McGregor,Giovanni McGregor,2019,873,giovanni-mcgregor,,,England,1999-01-09 00:00:00,Attacking Midfield,Midfield,,176.0,2024-06-30 00:00:00,,https://img.a.transfermarkt.technology/portrait/header/default.jpg?lm=1,,,,https://www.transfermarkt.co.uk/giovanni-mcgregor/profil/spieler/611651,GB1,Crystal Palace,,
611793,James,Hill,James Hill,2025,989,james-hill,England,Bristol  ,England,2002-01-10 00:00:00,Centre-Back,Defender,right,184.0,2029-06-30 00:00:00,,https://img.a.transfermarkt.technology/portrait/header/611793-1774469525.jpg?lm=1,1.0,0.0,,https://www.transfermarkt.co.uk/james-hill/profil/spieler/611793,GB1,AFC Bournemouth,23000000.0,23000000.0
612517,Bashir,Humphreys,Bashir Humphreys,2025,1132,bashir-humphreys,England,Exeter  ,England,2003-03-15 00:00:00,Centre-Back,Defender,left,186.0,2029-06-30 00:00:00,Unique Sports Group,https://img.a.transfermarkt.technology/portrait/header/612517-1687952102.jpg?lm=1,5.0,0.0,,https://www.transfermarkt.co.uk/bashir-humphreys/profil/spieler/612517,GB1,Burnley FC,12000000.0,15000000.0
612748,Rico,Richards,Rico Richards,2020,984,rico-richards,England,West Bromwich  ,England,2003-09-27 00:00:00,Attacking Midfield,Midfield,left,182.0,2023-06-30 00:00:00,,https://img.a.transfermarkt.technology/portrait/header/default.jpg?lm=1,,,,https://www.transfermarkt.co.uk/rico-richards/profil/spieler/612748,GB1,West Bromwich Albion,150000.0,150000.0
612749,Isaac,Price,Isaac Price,2025,984,isaac-price,England,Pontefract  ,Northern Ireland,2003-09-26 00:00:00,Central Midfield,Midfield,right,188.0,2029-06-30 00:00:00,CAA Base Ltd,https://img.a.transfermarkt.technology/portrait/header/612749-1684327909.jpg?lm=1,32.0,10.0,5674.0,https://www.transfermarkt.co.uk/isaac-price/profil/spieler/612749,GB1,West Bromwich Albion,12000000.0,12000000.0
614082,Liam,McCarron,Liam McCarron,2021,399,liam-mccarron,England,Preston  ,Scotland,2001-03-07 00:00:00,Left-Back,Defender,left,175.0,2023-05-31 00:00:00,,https://img.a.transfermarkt.technology/portrait/header/default.jpg?lm=1,,,,https://www.transfermarkt.co.uk/liam-mccarron/profil/spieler/614082,GB1,Leeds United,250000.0,500000.0
614084,Luke,Matheson,Luke Matheson,2019,543,luke-matheson,England,Fallowfield  ,England,2002-10-03 00:00:00,Right-Back,Defender,right,168.0,2023-06-30 00:00:00,Wasserman,https://img.a.transfermarkt.technology/portrait/header/614084-1569492576.jpg?lm=1,,,,https://www.transfermarkt.co.uk/luke-matheson/profil/spieler/614084,GB1,Wolverhampton Wanderers,300000.0,1000000.0
614258,Levi,Colwill,Levi Colwill,2025,631,levi-colwill,England,Southampton  ,England,2003-02-26 00:00:00,Centre-Back,Defender,left,187.0,2029-06-30 00:00:00,Team Raiola,https://img.a.transfermarkt.technology/portrait/header/614258-1694614507.jpg?lm=1,5.0,0.0,,https://www.transfermarkt.co.uk/levi-colwill/profil/spieler/614258,GB1,Chelsea FC,50000000.0,55000000.0
614261,Diamond,Edwards,Diamond Edwards,2022,180,diamond-edwards,,,England,2003-09-18 00:00:00,Attacking Midfield,Midfield,,,2023-06-30 00:00:00,,https://img.a.transfermarkt.technology/portrait/header/default.jpg?lm=1,,,,https://www.transfermarkt.co.uk/diamond-edwards/profil/spieler/614261,GB1,Southampton FC,150000.0,150000.0
614262,Charlie,McNeill,Charlie McNeill,2022,985,charlie-mcneill,England,Droylsden  ,England,2003-09-09 00:00:00,Centre-Forward,Attack,right,181.0,,,https://img.a.transfermarkt.technology/portrait/header/614262-1675172883.jpg?lm=1,,,,https://www.transfermarkt.co.uk/charlie-mcneill/profil/spieler/614262,GB1,Manchester United,200000.0,200000.0
614603,Chem,Campbell,Chem Campbell,2024,543,chem-campbell,England,Birmingham  ,Wales,2002-12-30 00:00:00,Attacking Midfield,Midfield,right,180.0,,S Palmer Sports,https://img.a.transfermarkt.technology/portrait/header/614603-1747458825.jpg?lm=1,5.0,0.0,,https://www.transfermarkt.co.uk/chem-campbell/profil/spieler/614603,GB1,Wolverhampton Wanderers,1000000.0,1000000.0
614700,Dara,Costelloe,Dara Costelloe,2023,1132,dara-costelloe,Ireland,Limerick  ,Ireland,2002-12-11 00:00:00,Left Winger,Attack,left,175.0,2025-05-31 00:00:00,,https://img.a.transfermarkt.technology/portrait/header/614700-1722949405.jpg?lm=1,,,,https://www.transfermarkt.co.uk/dara-costelloe/profil/spieler/614700,GB1,Burnley FC,325000.0,325000.0
614811,Joe,White,Joe White,2025,762,joe-white,England,Carlisle  ,England,2002-10-01 00:00:00,Attacking Midfield,Midfield,left,186.0,2027-06-30 00:00:00,THE·TEAM,https://img.a.transfermarkt.technology/portrait/header/614811-1714056231.jpg?lm=1,3.0,0.0,,https://www.transfermarkt.co.uk/joe-white/profil/spieler/614811,GB1,Newcastle United,200000.0,300000.0
614826,Toby,King,Toby King,2020,984,toby-king,,,England,2002-01-04 00:00:00,Central Midfield,Midfield,,,,CAA Stellar,https://img.a.transfermarkt.technology/portrait/header/default.jpg?lm=1,,,,https://www.transfermarkt.co.uk/toby-king/profil/spieler/614826,GB1,West Bromwich Albion,10000.0,10000.0
615302,Mirko,Topić,Mirko Topić,2025,1123,mirko-topic,Yugoslavia (Republic),Novi Sad  ,Serbia,2001-02-05 00:00:00,Defensive Midfield,Midfield,right,190.0,2029-06-30 00:00:00,,https://img.a.transfermarkt.technology/portrait/header/615302-1764055407.jpg?lm=1,4.0,0.0,3438.0,https://www.transfermarkt.co.uk/mirko-topic/profil/spieler/615302,GB1,Norwich City,4000000.0,5000000.0
617018,Marko,Stamenić,Marko Stamenić,2025,2288,marko-stamenic,New Zealand,Wellington  ,New Zealand,2002-02-19 00:00:00,Central Midfield,Midfield,right,188.0,2029-06-30 00:00:00,Stars & Friends,https://img.a.transfermarkt.technology/portrait/header/617018-1778789417.jpg?lm=1,41.0,3.0,9171.0,https://www.transfermarkt.co.uk/marko-stamenic/profil/spieler/617018,GB1,Swansea City,3000000.0,5000000.0
617755,Jenson,Seelt,Jenson Seelt,2025,289,jenson-seelt,Netherlands,Ede  ,Netherlands,2003-05-23 00:00:00,Centre-Back,Defender,right,195.0,2028-06-30 00:00:00,Key United,https://img.a.transfermarkt.technology/portrait/header/617755-1756751142.jpg?lm=1,,,,https://www.transfermarkt.co.uk/jenson-seelt/profil/spieler/617755,GB1,Sunderland AFC,5000000.0,5000000.0
618495,James,Norris,James Norris,2024,31,james-norris,England,Liverpool  ,England,2003-04-04 00:00:00,Left-Back,Defender,left,172.0,,Murdock Sports Group,https://img.a.transfermarkt.technology/portrait/header/618495-1616409926.jpg?lm=1,4.0,0.0,,https://www.transfermarkt.co.uk/james-norris/profil/spieler/618495,GB1,Liverpool FC,175000.0,175000.0
618901,Sam,McCallum,Sam McCallum,2021,1123,sam-mccallum,England,Canterbury  ,England,2000-09-02 00:00:00,Left-Back,Defender,left,177.0,2024-06-30 00:00:00,Wasserman,https://img.a.transfermarkt.technology/portrait/header/618901-1580814719.jpg?lm=1,,,,https://www.transfermarkt.co.uk/sam-mccallum/profil/spieler/618901,GB1,Norwich City,1800000.0,3500000.0
620322,Malo,Gusto,Malo Gusto,2025,631,malo-gusto,France,Décines-Charpieu  ,France,2003-05-19 00:00:00,Right-Back,Defender,right,178.0,2030-06-30 00:00:00,THE·TEAM,https://img.a.transfermarkt.technology/portrait/header/620322-1752061866.jpg?lm=1,15.0,0.0,,https://www.transfermarkt.co.uk/malo-gusto/profil/spieler/620322,GB1,Chelsea FC,35000000.0,35000000.0
620362,Dermot,Mee,Dermot Mee,2024,985,dermot-mee,England,Birmingham  ,Northern Ireland,2002-11-20 00:00:00,Goalkeeper,Goalkeeper,right,183.0,,World in Motion,https://img.a.transfermarkt.technology/portrait/header/620362-1746691943.jpg?lm=1,4.0,0.0,,https://www.transfermarkt.co.uk/dermot-mee/profil/spieler/620362,GB1,Manchester United,200000.0,200000.0
621193,Kasey,McAteer,Kasey McAteer,2025,677,kasey-mcateer,England,Northampton   ,Ireland,2001-11-22 00:00:00,Right Midfield,Midfield,right,177.0,2029-06-30 00:00:00,Two Touch Agency,https://img.a.transfermarkt.technology/portrait/header/621193-1731659829.jpg?lm=1,8.0,1.0,3509.0,https://www.transfermarkt.co.uk/kasey-mcateer/profil/spieler/621193,GB1,Ipswich Town,10000000.0,12000000.0
621997,Cieran,Slicker,Cieran Slicker,2025,677,cieran-slicker,England,Oldham  ,Scotland,2002-09-15 00:00:00,Goalkeeper,Goalkeeper,,191.0,2028-06-30 00:00:00,Unique Sports Group,https://img.a.transfermarkt.technology/portrait/header/621997-1655972071.jpg?lm=1,1.0,0.0,3380.0,https://www.transfermarkt.co.uk/cieran-slicker/profil/spieler/621997,GB1,Ipswich Town,350000.0,350000.0
623570,Iliman,Ndiaye,Iliman Ndiaye,2025,29,iliman-ndiaye,France,Rouen  ,Senegal,2000-03-06 00:00:00,Right Winger,Attack,right,180.0,2029-06-30 00:00:00,Classico,https://img.a.transfermarkt.technology/portrait/header/623570-1765811829.jpg?lm=1,43.0,5.0,,https://www.transfermarkt.co.uk/iliman-ndiaye/profil/spieler/623570,GB1,Everton FC,55000000.0,55000000.0
624258,Conor,Bradley,Conor Bradley,2025,31,conor-bradley,Northern Ireland,Castlederg  ,Northern Ireland,2003-07-09 00:00:00,Right-Back,Defender,right,181.0,2029-06-30 00:00:00,,https://img.a.transfermarkt.technology/portrait/header/624258-1762340233.jpg?lm=1,30.0,4.0,,https://www.transfermarkt.co.uk/conor-bradley/profil/spieler/624258,GB1,Liverpool FC,25000000.0,30000000.0
624264,Charlie,Allen,Charlie Allen,2022,399,charlie-allen,Northern Ireland,Belfast  ,Northern Ireland,2003-11-22 00:00:00,Central Midfield,Midfield,,,2024-06-30 00:00:00,,https://img.a.transfermarkt.technology/portrait/header/default.jpg?lm=1,,,,https://www.transfermarkt.co.uk/charlie-allen/profil/spieler/624264,GB1,Leeds United,,
624946,Rumarn,Burrell,Rumarn Burrell,2025,1039,rumarn-burrell,England,Birmingham  ,Jamaica,2000-12-16 00:00:00,Centre-Forward,Attack,right,184.0,2030-06-30 00:00:00,,https://img.a.transfermarkt.technology/portrait/header/624946-1749201118.jpg?lm=1,5.0,1.0,3671.0,https://www.transfermarkt.co.uk/rumarn-burrell/profil/spieler/624946,GB1,Queens Park Rangers,6000000.0,6000000.0
626291,Lucas,De Bolle,Lucas De Bolle,2023,762,lucas-de-bolle,Scotland,Edinburgh  ,Scotland,2002-10-22 00:00:00,Central Midfield,Midfield,right,,,Promanager,https://img.a.transfermarkt.technology/portrait/header/default.jpg?lm=1,,,,https://www.transfermarkt.co.uk/lucas-de-bolle/profil/spieler/626291,GB1,Newcastle United,150000.0,150000.0
626474,Rubin,Colwill,Rubin Colwill,2025,603,rubin-colwill,Wales,Neath  ,Wales,2002-04-27 00:00:00,Attacking Midfield,Midfield,right,189.0,2030-06-30 00:00:00,Unique Sports Group,https://img.a.transfermarkt.technology/portrait/header/626474-1621846379.jpg?lm=1,10.0,1.0,3864.0,https://www.transfermarkt.co.uk/rubin-colwill/profil/spieler/626474,GB1,Cardiff City,2000000.0,2000000.0
626724,,João Pedro,João Pedro,2025,631,joao-pedro,Brazil,Ribeirão Preto  ,Brazil,2001-09-26 00:00:00,Centre-Forward,Attack,right,186.0,2033-06-30 00:00:00,Promanager,https://img.a.transfermarkt.technology/portrait/header/626724-1724792744.jpg?lm=1,8.0,0.0,,https://www.transfermarkt.co.uk/joao-pedro/profil/spieler/626724,GB1,Chelsea FC,80000000.0,80000000.0
626888,Kaine,Kesler-Hayden,Kaine Kesler-Hayden,2023,405,kaine-kesler-hayden,England,Birmingham  ,England,2002-10-23 00:00:00,Right-Back,Defender,right,175.0,2025-05-31 00:00:00,Wasserman,https://img.a.transfermarkt.technology/portrait/header/626888-1633425896.jpg?lm=1,,,,https://www.transfermarkt.co.uk/kaine-kesler-hayden/profil/spieler/626888,GB1,Aston Villa,2200000.0,2200000.0
627198,Chituru,Odunze,Chituru Odunze,2021,1003,chituru-odunze,United States,"Raleigh, North Carolina  ",United States,2002-10-14 00:00:00,Goalkeeper,Goalkeeper,left,200.0,,CAA Stellar,https://img.a.transfermarkt.technology/portrait/header/627198-1604983867.jpg?lm=1,,,,https://www.transfermarkt.co.uk/chituru-odunze/profil/spieler/627198,GB1,Leicester City,,
627248,Lewis,Dobbin,Lewis Dobbin,2025,405,lewis-dobbin,England,Stoke-on-Trent  ,England,2003-01-03 00:00:00,Left Winger,Attack,right,175.0,2028-06-30 00:00:00,Bpoint,https://img.a.transfermarkt.technology/portrait/header/627248-1648482055.jpg?lm=1,2.0,0.0,,https://www.transfermarkt.co.uk/lewis-dobbin/profil/spieler/627248,GB1,Aston Villa,7000000.0,7000000.0
627442,Benjamin,Sesko,Benjamin Sesko,2025,985,benjamin-sesko,Slovenia,Radeče  ,Slovenia,2003-05-31 00:00:00,Centre-Forward,Attack,right,195.0,2030-06-30 00:00:00,Pro transfer,https://img.a.transfermarkt.technology/portrait/header/627442-1779803478.jpg?lm=1,45.0,16.0,,https://www.transfermarkt.co.uk/benjamin-sesko/profil/spieler/627442,GB1,Manchester United,75000000.0,75000000.0
627626,Wilfried,Gnonto,Wilfried Gnonto,2025,399,wilfried-gnonto,Italy,Verbania  ,Italy,2003-11-05 00:00:00,Right Winger,Attack,right,170.0,2028-06-30 00:00:00,CAA Stellar,https://img.a.transfermarkt.technology/portrait/header/627626-1647955561.jpg?lm=1,13.0,1.0,,https://www.transfermarkt.co.uk/wilfried-gnonto/profil/spieler/627626,GB1,Leeds United,16000000.0,22000000.0
628451,Roméo,Lavia,Roméo Lavia,2025,631,romeo-lavia,Belgium,Brussels  ,Belgium,2004-01-06 00:00:00,Defensive Midfield,Midfield,right,181.0,2030-06-30 00:00:00,,https://img.a.transfermarkt.technology/portrait/header/628451-1683898478.jpg?lm=1,1.0,0.0,,https://www.transfermarkt.co.uk/romeo-lavia/profil/spieler/628451,GB1,Chelsea FC,22000000.0,50000000.0
633621,Michael,Craig,Michael Craig,2021,148,michael-craig,England,London  ,Scotland,2003-04-16 00:00:00,Defensive Midfield,Midfield,right,,,Sports Invest UK ltd,https://img.a.transfermarkt.technology/portrait/header/default.jpg?lm=1,,,,https://www.transfermarkt.co.uk/michael-craig/profil/spieler/633621,GB1,Tottenham Hotspur,,
633652,Calvin,Ramsay,Calvin Ramsay,2025,31,calvin-ramsay,Scotland,Aberdeen  ,Scotland,2003-07-31 00:00:00,Right-Back,Defender,right,177.0,2027-06-30 00:00:00,Gersh,https://img.a.transfermarkt.technology/portrait/header/633652-1774469298.jpg?lm=1,1.0,0.0,,https://www.transfermarkt.co.uk/calvin-ramsay/profil/spieler/633652,GB1,Liverpool FC,1500000.0,5000000.0
633659,Matthew,Craig,Matthew Craig,2022,148,matthew-craig,England,London  ,Scotland,2003-04-16 00:00:00,Defensive Midfield,Midfield,,,2026-06-30 00:00:00,Concilium Sport,https://img.a.transfermarkt.technology/portrait/header/default.jpg?lm=1,,,,https://www.transfermarkt.co.uk/matthew-craig/profil/spieler/633659,GB1,Tottenham Hotspur,,
633992,Enzo,Le Fée,Enzo Le Fée,2025,289,enzo-le-fee,France,Lorient  ,France,2000-02-03 00:00:00,Central Midfield,Midfield,right,173.0,2029-06-30 00:00:00,FOKUS,https://img.a.transfermarkt.technology/portrait/header/633992-1764837815.jpg?lm=1,1.0,0.0,,https://www.transfermarkt.co.uk/enzo-le-fee/profil/spieler/633992,GB1,Sunderland AFC,28000000.0,28000000.0
634706,David,Boateng,David Boateng,2022,873,david-boateng,,,England,2001-05-08 00:00:00,Right-Back,Defender,right,176.0,,37 Sport,https://img.a.transfermarkt.technology/portrait/header/default.jpg?lm=1,,,,https://www.transfermarkt.co.uk/david-boateng/profil/spieler/634706,GB1,Crystal Palace,50000.0,50000.0
638649,Femi,Seriki,Femi Seriki,2023,350,femi-seriki,England,Manchester  ,England,2002-04-28 00:00:00,Right-Back,Defender,right,183.0,2027-06-30 00:00:00,Cassius Sports,https://img.a.transfermarkt.technology/portrait/header/638649-1627893421.jpg?lm=1,,,,https://www.transfermarkt.co.uk/femi-seriki/profil/spieler/638649,GB1,Sheffield United,300000.0,300000.0
641441,Ali,Koiki,Ali Koiki,2019,1132,ali-koiki,England,London  ,England,1999-08-22 00:00:00,Left-Back,Defender,left,187.0,2023-06-30 00:00:00,Unique Sports Group,https://img.a.transfermarkt.technology/portrait/header/default.jpg?lm=1,,,,https://www.transfermarkt.co.uk/ali-koiki/profil/spieler/641441,GB1,Burnley FC,200000.0,200000.0
644401,Keane,Lewis-Potter,Keane Lewis-Potter,2025,1148,keane-lewis-potter,England,Hull  ,England,2001-02-22 00:00:00,Left Midfield,Midfield,right,170.0,2031-06-30 00:00:00,Harwick Sports Group,https://img.a.transfermarkt.technology/portrait/header/644401-1767003558.jpg?lm=1,4.0,1.0,,https://www.transfermarkt.co.uk/keane-lewis-potter/profil/spieler/644401,GB1,Brentford FC,25000000.0,25000000.0
645686,Lamare,Bogarde,Lamare Bogarde,2025,405,lamare-bogarde,Netherlands,Rotterdam  ,Netherlands,2004-01-05 00:00:00,Defensive Midfield,Midfield,right,185.0,2028-06-30 00:00:00,THE·TEAM,https://img.a.transfermarkt.technology/portrait/header/645686-1724484880.jpg?lm=1,4.0,0.0,,https://www.transfermarkt.co.uk/lamare-bogarde/profil/spieler/645686,GB1,Aston Villa,18000000.0,18000000.0
646209,Alex,Gibson-Hammond,Alex Gibson-Hammond,2022,703,alex-gibson-hammond,,,England,2002-11-10 00:00:00,Right Midfield,Midfield,right,178.0,,InterLex Sport,https://img.a.transfermarkt.technology/portrait/header/default.jpg?lm=1,,,,https://www.transfermarkt.co.uk/alex-gibson-hammond/profil/spieler/646209,GB1,Nottingham Forest,150000.0,150000.0
646214,Oliver,Hammond,Oliver Hammond,2022,703,oliver-hammond,,,Wales,2002-11-13 00:00:00,Central Midfield,Midfield,,179.0,,,https://img.a.transfermarkt.technology/portrait/header/646214-1664267617.jpg?lm=1,,,,https://www.transfermarkt.co.uk/oliver-hammond/profil/spieler/646214,GB1,Nottingham Forest,250000.0,250000.0
646333,Ben,Greenwood,Ben Greenwood,2023,989,ben-greenwood,England,Frimley  ,Ireland,2003-02-20 00:00:00,Left-Back,Defender,left,170.0,2025-06-30 00:00:00,,https://img.a.transfermarkt.technology/portrait/header/default.jpg?lm=1,,,,https://www.transfermarkt.co.uk/ben-greenwood/profil/spieler/646333,GB1,AFC Bournemouth,200000.0,200000.0
646353,Carl,Rushworth,Carl Rushworth,2025,1237,carl-rushworth,England,Halifax  ,England,2001-07-02 00:00:00,Goalkeeper,Goalkeeper,left,191.0,2027-06-30 00:00:00,Team SHM,https://img.a.transfermarkt.technology/portrait/header/646353-1664348532.jpg?lm=1,1.0,0.0,,https://www.transfermarkt.co.uk/carl-rushworth/profil/spieler/646353,GB1,Brighton & Hove Albion,16000000.0,16000000.0
646658,Aaron,Ramsey,Aaron Ramsey,2025,1132,aaron-ramsey,England,Birmingham  ,England,2003-01-21 00:00:00,Attacking Midfield,Midfield,right,181.0,2028-06-30 00:00:00,Unique Sports Group,https://img.a.transfermarkt.technology/portrait/header/646658-1650877403.jpg?lm=1,0.0,0.0,,https://www.transfermarkt.co.uk/aaron-ramsey/profil/spieler/646658,GB1,Burnley FC,6000000.0,15000000.0
646710,Sil,Swinkels,Sil Swinkels,2024,405,sil-swinkels,Netherlands,Sint Oedenrode  ,Netherlands,2004-01-06 00:00:00,Centre-Back,Defender,,190.0,2026-06-30 00:00:00,SEG,https://img.a.transfermarkt.technology/portrait/header/646710-1746641269.jpg?lm=1,4.0,1.0,,https://www.transfermarkt.co.uk/sil-swinkels/profil/spieler/646710,GB1,Aston Villa,150000.0,150000.0
646738,Juan,Larios,Juan Larios,2024,180,juan-larios,Spain,Tomares  ,Spain,2004-01-12 00:00:00,Left-Back,Defender,left,170.0,2026-06-30 00:00:00,GLOBAL GOAL,https://img.a.transfermarkt.technology/portrait/header/646738-1761230452.jpg?lm=1,3.0,0.0,,https://www.transfermarkt.co.uk/juan-larios/profil/spieler/646738,GB1,Southampton FC,2000000.0,7000000.0
646750,Cristhian,Mosquera,Cristhian Mosquera,2025,11,cristhian-mosquera,Spain,Alicante   ,Spain,2004-06-27 00:00:00,Centre-Back,Defender,right,191.0,2030-06-30 00:00:00,,https://img.a.transfermarkt.technology/portrait/header/646750-1749739359.jpg?lm=1,2.0,0.0,,https://www.transfermarkt.co.uk/cristhian-mosquera/profil/spieler/646750,GB1,Arsenal FC,40000000.0,40000000.0
646991,Robin,Roefs,Robin Roefs,2025,289,robin-roefs,Netherlands,Heeswijk  ,Netherlands,2003-01-17 00:00:00,Goalkeeper,Goalkeeper,left,193.0,2030-06-30 00:00:00,SEG,https://img.a.transfermarkt.technology/portrait/header/646991-1723035894.jpg?lm=1,1.0,0.0,,https://www.transfermarkt.co.uk/robin-roefs/profil/spieler/646991,GB1,Sunderland AFC,28000000.0,28000000.0
646997,Jayden,Bennetts,Jayden Bennetts,2019,1010,jayden-bennetts,England,Barnet  ,Germany,2001-06-26 00:00:00,Left Winger,Attack,right,172.0,2023-06-30 00:00:00,,https://img.a.transfermarkt.technology/portrait/header/646997-1599403741.jpg?lm=1,,,,https://www.transfermarkt.co.uk/jayden-bennetts/profil/spieler/646997,GB1,Watford FC,75000.0,100000.0
648032,James,Abankwah,James Abankwah,2025,1010,james-abankwah,Ireland,Waterford  ,Ireland,2004-01-16 00:00:00,Centre-Back,Defender,right,188.0,2026-06-30 00:00:00,THE·TEAM,https://img.a.transfermarkt.technology/portrait/header/648032-1730125344.jpg?lm=1,4.0,0.0,3509.0,https://www.transfermarkt.co.uk/james-abankwah/profil/spieler/648032,GB1,Watford FC,3500000.0,3500000.0
648195,Enzo,Fernández,Enzo Fernández,2025,631,enzo-fernandez,Argentina,San Martín  ,Argentina,2001-01-17 00:00:00,Central Midfield,Midfield,right,178.0,2032-06-30 00:00:00,The Elegant Game,https://img.a.transfermarkt.technology/portrait/header/648195-1669894717.jpg?lm=1,46.0,7.0,,https://www.transfermarkt.co.uk/enzo-fernandez/profil/spieler/648195,GB1,Chelsea FC,90000000.0,90000000.0
648699,Brennan,Camp,Brennan Camp,2019,989,brennan-camp,England,Portland  ,Scotland,2000-10-12 00:00:00,Right-Back,Defender,right,181.0,,,https://img.a.transfermarkt.technology/portrait/header/default.jpg?lm=1,,,,https://www.transfermarkt.co.uk/brennan-camp/profil/spieler/648699,GB1,AFC Bournemouth,100000.0,100000.0
649452,Issa,Kaboré,Issa Kaboré,2024,281,issa-kabore,Burkina Faso,Bobo-Dioulasso  ,Burkina Faso,2001-05-12 00:00:00,Right-Back,Defender,right,180.0,2026-06-30 00:00:00,,https://img.a.transfermarkt.technology/portrait/header/649452-1724407648.jpg?lm=1,52.0,2.0,,https://www.transfermarkt.co.uk/issa-kabore/profil/spieler/649452,GB1,Manchester City,4000000.0,10000000.0
652635,Luke,Butterfield,Luke Butterfield,2024,29,luke-butterfield,,,Scotland,2003-09-29 00:00:00,Defensive Midfield,Midfield,right,189.0,2026-05-31 00:00:00,CAA Base Ltd,https://img.a.transfermarkt.technology/portrait/header/652635-1755117568.jpg?lm=1,5.0,1.0,,https://www.transfermarkt.co.uk/luke-butterfield/profil/spieler/652635,GB1,Everton FC,,
652797,Micah,Hamilton,Micah Hamilton,2023,281,micah-hamilton,England,Manchester  ,England,2003-11-13 00:00:00,Left Winger,Attack,right,177.0,2028-06-30 00:00:00,Unique Sports Group,https://img.a.transfermarkt.technology/portrait/header/652797-1698352662.jpg?lm=1,,,,https://www.transfermarkt.co.uk/micah-hamilton/profil/spieler/652797,GB1,Manchester City,2000000.0,2000000.0
652979,Lewis,Warrington,Lewis Warrington,2023,29,lewis-warrington,England,Birkenhead  ,England,2002-10-10 00:00:00,Central Midfield,Midfield,right,182.0,2026-06-30 00:00:00,SEG,https://img.a.transfermarkt.technology/portrait/header/652979-1713863030.jpg?lm=1,,,,https://www.transfermarkt.co.uk/lewis-warrington/profil/spieler/652979,GB1,Everton FC,500000.0,500000.0
654177,Mamadou,Sylla,Mamadou Sylla,2020,405,mamadou-sylla,Spain,Barcelona  ,Spain,2003-01-26 00:00:00,Central Midfield,Midfield,,179.0,2023-06-30 00:00:00,SPOCS Global Sports,https://img.a.transfermarkt.technology/portrait/header/default.jpg?lm=1,,,,https://www.transfermarkt.co.uk/mamadou-sylla/profil/spieler/654177,GB1,Aston Villa,150000.0,150000.0
654253,Toby,Collyer,Toby Collyer,2024,985,toby-collyer,England,Worthing  ,England,2004-01-03 00:00:00,Defensive Midfield,Midfield,right,180.0,2026-06-30 00:00:00,CAA Base Ltd,https://img.a.transfermarkt.technology/portrait/header/654253-1709159230.jpg?lm=1,3.0,0.0,,https://www.transfermarkt.co.uk/toby-collyer/profil/spieler/654253,GB1,Manchester United,5000000.0,5000000.0
654412,Abdoullah,Ba,Abdoullah Ba,2025,289,abdoullah-ba,France,Saint-Aubin-lès-Elbeuf  ,France,2003-07-31 00:00:00,Right Midfield,Midfield,right,180.0,2027-06-30 00:00:00,Sport Cover,https://img.a.transfermarkt.technology/portrait/header/654412-1635852545.jpg?lm=1,6.0,1.0,,https://www.transfermarkt.co.uk/abdoullah-ba/profil/spieler/654412,GB1,Sunderland AFC,1500000.0,4000000.0
654539,Adrien,Truffert,Adrien Truffert,2025,989,adrien-truffert,Belgium,Liège  ,France,2001-11-20 00:00:00,Left-Back,Defender,left,176.0,2030-06-30 00:00:00,CAA Stellar,https://img.a.transfermarkt.technology/portrait/header/654539-1754901329.jpg?lm=1,1.0,0.0,,https://www.transfermarkt.co.uk/adrien-truffert/profil/spieler/654539,GB1,AFC Bournemouth,30000000.0,30000000.0
655136,Cameron,Plain,Cameron Plain,2023,989,cameron-plain,,,England,2001-09-24 00:00:00,Goalkeeper,Goalkeeper,right,187.0,,Midas Sports,https://img.a.transfermarkt.technology/portrait/header/default.jpg?lm=1,,,,https://www.transfermarkt.co.uk/cameron-plain/profil/spieler/655136,GB1,AFC Bournemouth,100000.0,200000.0
655142,Euan,Pollock,Euan Pollock,2022,989,euan-pollock,,Dorchester  ,,2002-10-03 00:00:00,Centre-Forward,Attack,,173.0,2024-06-30 00:00:00,ARETÉ,https://img.a.transfermarkt.technology/portrait/header/default.jpg?lm=1,,,,https://www.transfermarkt.co.uk/euan-pollock/profil/spieler/655142,GB1,AFC Bournemouth,,
655173,Brooklyn,Genesini,Brooklyn Genesini,2022,989,brooklyn-genesini,England,Yeovil  ,England,2001-12-12 00:00:00,Right-Back,Defender,right,,,,https://img.a.transfermarkt.technology/portrait/header/default.jpg?lm=1,,,,https://www.transfermarkt.co.uk/brooklyn-genesini/profil/spieler/655173,GB1,AFC Bournemouth,50000.0,50000.0
655488,Gabriel,Martinelli,Gabriel Martinelli,2025,11,gabriel-martinelli,Brazil,Guarulhos  ,Brazil,2001-06-18 00:00:00,Left Winger,Attack,right,178.0,2027-06-30 00:00:00,Roc Nation Sports,https://img.a.transfermarkt.technology/portrait/header/655488-1682689091.jpg?lm=1,27.0,5.0,,https://www.transfermarkt.co.uk/gabriel-martinelli/profil/spieler/655488,GB1,Arsenal FC,45000000.0,85000000.0
655815,Jadan,Raymond,Jadan Raymond,2023,873,jadan-raymond,England,London  ,Wales,2003-10-15 00:00:00,Attacking Midfield,Midfield,,,,Roc Nation Sports,https://img.a.transfermarkt.technology/portrait/header/655815-1708422608.jpg?lm=1,,,,https://www.transfermarkt.co.uk/jadan-raymond/profil/spieler/655815,GB1,Crystal Palace,200000.0,200000.0
655835,Christian,Saydee,Christian Saydee,2022,989,christian-saydee,,London  ,,2002-05-10 00:00:00,Centre-Forward,Attack,right,184.0,2026-06-30 00:00:00,Unique Sports Group,https://img.a.transfermarkt.technology/portrait/header/default.jpg?lm=1,,,,https://www.transfermarkt.co.uk/christian-saydee/profil/spieler/655835,GB1,AFC Bournemouth,400000.0,400000.0
655880,Mipo,Odubeko,Mipo Odubeko,2020,379,mipo-odubeko,Ireland,"Tallaght, Co. Dublin  ",Ireland,2002-10-21 00:00:00,Centre-Forward,Attack,right,181.0,2023-05-31 00:00:00,CLOSEVIEW,https://img.a.transfermarkt.technology/portrait/header/default.jpg?lm=1,,,,https://www.transfermarkt.co.uk/mipo-odubeko/profil/spieler/655880,GB1,West Ham United,350000.0,350000.0
655986,Reece,Welch,Reece Welch,2025,29,reece-welch,England,Huddersfield  ,England,2003-09-19 00:00:00,Centre-Back,Defender,,,,IG Sports Agency,https://img.a.transfermarkt.technology/portrait/header/655986-1669114296.png?lm=1,4.0,0.0,,https://www.transfermarkt.co.uk/reece-welch/profil/spieler/655986,GB1,Everton FC,250000.0,700000.0
655990,Tom,Hill,Tom Hill,2023,31,tom-hill,England,Formby  ,Wales,2002-10-13 00:00:00,Central Midfield,Midfield,right,,,Unique Sports Group,https://img.a.transfermarkt.technology/portrait/header/655990-1702632505.jpg?lm=1,,,,https://www.transfermarkt.co.uk/tom-hill/profil/spieler/655990,GB1,Liverpool FC,300000.0,300000.0
656316,Gabriel,Slonina,Gabriel Slonina,2025,631,gabriel-slonina,United States,"Addison, Illinois  ",United States,2004-05-15 00:00:00,Goalkeeper,Goalkeeper,right,193.0,2028-06-30 00:00:00,SXI,https://img.a.transfermarkt.technology/portrait/header/656316-1645958054.jpg?lm=1,1.0,0.0,,https://www.transfermarkt.co.uk/gabriel-slonina/profil/spieler/656316,GB1,Chelsea FC,3000000.0,9000000.0
657724,Stefan,Parkes,Stefan Parkes,2022,931,stefan-parkes,England,London  ,England,2004-03-28 00:00:00,Left-Back,Defender,,,,Unique Sports Group,https://img.a.transfermarkt.technology/portrait/header/default.jpg?lm=1,,,,https://www.transfermarkt.co.uk/stefan-parkes/profil/spieler/657724,GB1,Fulham FC,150000.0,150000.0
657817,Benicio,Baker-Boaitey,Benicio Baker-Boaitey,2023,1237,benicio-baker-boaitey,,,England,2004-01-09 00:00:00,Left Winger,Attack,left,,2025-05-31 00:00:00,#LEADERS,https://img.a.transfermarkt.technology/portrait/header/657817-1709158667.jpg?lm=1,,,,https://www.transfermarkt.co.uk/benicio-baker-boaitey/profil/spieler/657817,GB1,Brighton & Hove Albion,400000.0,400000.0
657863,Lewis,Richardson,Lewis Richardson,2021,1132,lewis-richardson,England,Manchester  ,England,2003-02-07 00:00:00,Attacking Midfield,Midfield,right,178.0,,CAA Base Ltd,https://img.a.transfermarkt.technology/portrait/header/default.jpg?lm=1,,,,https://www.transfermarkt.co.uk/lewis-richardson/profil/spieler/657863,GB1,Burnley FC,200000.0,200000.0
657994,Aaron,Rowe,Aaron Rowe,2018,1110,aaron-rowe,England,London  ,England,2000-09-07 00:00:00,Right-Back,Defender,right,,2023-05-31 00:00:00,SPOCS Global Sports,https://img.a.transfermarkt.technology/portrait/header/657994-1611333557.jpg?lm=1,,,,https://www.transfermarkt.co.uk/aaron-rowe/profil/spieler/657994,GB1,Huddersfield Town,150000.0,200000.0
658536,Simon,Adingra,Simon Adingra,2025,289,simon-adingra,Cote d'Ivoire,Abobo  ,Cote d'Ivoire,2002-01-01 00:00:00,Left Winger,Attack,right,175.0,2030-06-30 00:00:00,Fidus Sports,https://img.a.transfermarkt.technology/portrait/header/658536-1746437487.jpg?lm=1,30.0,5.0,,https://www.transfermarkt.co.uk/simon-adingra/profil/spieler/658536,GB1,Sunderland AFC,22000000.0,30000000.0
659331,John-Kymani,Gordon,John-Kymani Gordon,2023,873,john-kymani-gordon,England,London  ,England,2003-02-13 00:00:00,Left Winger,Attack,right,181.0,2026-06-30 00:00:00,World in Motion,https://img.a.transfermarkt.technology/portrait/header/default.jpg?lm=1,,,,https://www.transfermarkt.co.uk/john-kymani-gordon/profil/spieler/659331,GB1,Crystal Palace,200000.0,200000.0
659813,Piero,Hincapié,Piero Hincapié,2025,11,piero-hincapie,Ecuador,Esmeraldas  ,Ecuador,2002-01-09 00:00:00,Centre-Back,Defender,left,183.0,2031-06-30 00:00:00,AS1,https://img.a.transfermarkt.technology/portrait/header/659813-1727377918.jpg?lm=1,56.0,3.0,,https://www.transfermarkt.co.uk/piero-hincapie/profil/spieler/659813,GB1,Arsenal FC,50000000.0,50000000.0
660768,Max,Thompson,Max Thompson,2025,762,max-thompson,England,Newcastle upon Tyne  ,England,2004-08-01 00:00:00,Goalkeeper,Goalkeeper,right,188.0,,CAA Stellar,https://img.a.transfermarkt.technology/portrait/header/660768-1761077337.jpg?lm=1,2.0,0.0,,https://www.transfermarkt.co.uk/max-thompson/profil/spieler/660768,GB1,Newcastle United,,
661053,Jarrad,Branthwaite,Jarrad Branthwaite,2025,29,jarrad-branthwaite,England,Carlisle  ,England,2002-06-27 00:00:00,Centre-Back,Defender,left,195.0,2030-06-30 00:00:00,,https://img.a.transfermarkt.technology/portrait/header/661053-1687975679.jpg?lm=1,1.0,0.0,,https://www.transfermarkt.co.uk/jarrad-branthwaite/profil/spieler/661053,GB1,Everton FC,40000000.0,50000000.0
661207,Oscar,Bobb,Oscar Bobb,2025,281,oscar-bobb,Norway,Oslo  ,Norway,2003-07-12 00:00:00,Right Winger,Attack,left,177.0,2031-06-30 00:00:00,CAA Stellar,https://img.a.transfermarkt.technology/portrait/header/661207-1770716679.png?lm=1,25.0,2.0,,https://www.transfermarkt.co.uk/oscar-bobb/profil/spieler/661207,GB1,Manchester City,28000000.0,30000000.0
661208,Leo,Hjelde,Leo Hjelde,2025,289,leo-hjelde,England,Nottingham  ,Norway,2003-08-26 00:00:00,Centre-Back,Defender,left,190.0,2028-06-30 00:00:00,CAA Stellar,https://img.a.transfermarkt.technology/portrait/header/661208-1648481718.jpg?lm=1,21.0,0.0,,https://www.transfermarkt.co.uk/leo-hjelde/profil/spieler/661208,GB1,Sunderland AFC,1500000.0,1500000.0
661253,Hector,Kyprianou,Hector Kyprianou,2025,1010,hector-kyprianou,England,London  ,Cyprus,2001-05-27 00:00:00,Defensive Midfield,Midfield,right,189.0,2030-06-30 00:00:00,,https://img.a.transfermarkt.technology/portrait/header/661253-1694292102.jpg?lm=1,12.0,0.0,3668.0,https://www.transfermarkt.co.uk/hector-kyprianou/profil/spieler/661253,GB1,Watford FC,1500000.0,1500000.0
661427,David Møller,Wolfe,David Møller Wolfe,2025,543,david-moller-wolfe,Norway,Bergen  ,Norway,2002-04-23 00:00:00,Left-Back,Defender,left,185.0,2030-06-30 00:00:00,Forza Sports Group,https://img.a.transfermarkt.technology/portrait/header/661427-1753350331.jpg?lm=1,26.0,1.0,,https://www.transfermarkt.co.uk/david-moller-wolfe/profil/spieler/661427,GB1,Wolverhampton Wanderers,8000000.0,12000000.0
662744,Vicente,Reyes,Vicente Reyes,2025,1123,vicente-reyes,United States,Charleston  ,Chile,2003-11-19 00:00:00,Goalkeeper,Goalkeeper,right,196.0,2027-06-30 00:00:00,Cale Management,https://img.a.transfermarkt.technology/portrait/header/662744-1647204511.jpg?lm=1,0.0,0.0,3700.0,https://www.transfermarkt.co.uk/vicente-reyes/profil/spieler/662744,GB1,Norwich City,350000.0,350000.0
663225,Tyler,Onyango,Tyler Onyango,2025,29,tyler-onyango,England,Luton  ,England,2003-03-04 00:00:00,Central Midfield,Midfield,right,196.0,,Unique Sports Group,https://img.a.transfermarkt.technology/portrait/header/663225-1728895408.jpg?lm=1,0.0,0.0,,https://www.transfermarkt.co.uk/tyler-onyango/profil/spieler/663225,GB1,Everton FC,350000.0,500000.0
663264,Darko,Gyabi,Darko Gyabi,2022,399,darko-gyabi,England,London  ,England,2004-02-18 00:00:00,Central Midfield,Midfield,right,196.0,2026-06-30 00:00:00,Marquee Talent Group,https://img.a.transfermarkt.technology/portrait/header/663264-1656928941.jpg?lm=1,,,,https://www.transfermarkt.co.uk/darko-gyabi/profil/spieler/663264,GB1,Leeds United,2000000.0,3000000.0
665390,Jaden,Philogene,Jaden Philogene,2024,405,jaden-philogene,England,London  ,England,2002-02-08 00:00:00,Left Winger,Attack,right,181.0,2029-06-30 00:00:00,,https://img.a.transfermarkt.technology/portrait/header/665390-1737014900.jpg?lm=1,9.0,4.0,,https://www.transfermarkt.co.uk/jaden-philogene/profil/spieler/665390,GB1,Aston Villa,18000000.0,18000000.0
667121,Rodrigo,Gomes,Rodrigo Gomes,2025,543,rodrigo-gomes,Portugal,Póvoa de Varzim  ,Portugal,2003-07-07 00:00:00,Left Midfield,Midfield,right,175.0,2029-06-30 00:00:00,MC Striker,https://img.a.transfermarkt.technology/portrait/header/667121-1749738496.jpg?lm=1,15.0,5.0,,https://www.transfermarkt.co.uk/rodrigo-gomes/profil/spieler/667121,GB1,Wolverhampton Wanderers,15000000.0,15000000.0
667287,Yasin,Ayari,Yasin Ayari,2025,1237,yasin-ayari,Sweden,Solna  ,Sweden,2003-10-06 00:00:00,Central Midfield,Midfield,right,172.0,2027-06-30 00:00:00,,https://img.a.transfermarkt.technology/portrait/header/667287-1746438362.jpg?lm=1,25.0,5.0,,https://www.transfermarkt.co.uk/yasin-ayari/profil/spieler/667287,GB1,Brighton & Hove Albion,35000000.0,35000000.0
667490,Ronnie,Hollingshead,Ronnie Hollingshead,2025,405,ronnie-hollingshead,England,Hereford  ,Wales,2004-09-09 00:00:00,Goalkeeper,Goalkeeper,right,188.0,,Dominance Sports,https://img.a.transfermarkt.technology/portrait/header/667490-1604517677.png?lm=1,2.0,0.0,,https://www.transfermarkt.co.uk/ronnie-hollingshead/profil/spieler/667490,GB1,Aston Villa,,
667498,Ben,Hammond,Ben Hammond,2025,703,ben-hammond,,,Wales,2004-10-02 00:00:00,Central Midfield,Midfield,right,180.0,,,https://img.a.transfermarkt.technology/portrait/header/default.jpg?lm=1,6.0,0.0,,https://www.transfermarkt.co.uk/ben-hammond/profil/spieler/667498,GB1,Nottingham Forest,,
667508,Chris,Popov,Chris Popov,2024,1003,chris-popov,Wales,Cardiff  ,Wales,2004-10-26 00:00:00,Centre-Forward,Attack,left,170.0,2026-05-31 00:00:00,CAA Base Ltd,https://img.a.transfermarkt.technology/portrait/header/667508-1746692940.jpg?lm=1,17.0,3.0,,https://www.transfermarkt.co.uk/chris-popov/profil/spieler/667508,GB1,Leicester City,75000.0,100000.0
667925,Sebastian,Revan,Sebastian Revan,2023,405,sebastian-revan,England,West Bromwich  ,England,2003-07-14 00:00:00,Left-Back,Defender,left,181.0,2027-06-30 00:00:00,,https://img.a.transfermarkt.technology/portrait/header/default.jpg?lm=1,,,,https://www.transfermarkt.co.uk/sebastian-revan/profil/spieler/667925,GB1,Aston Villa,350000.0,350000.0
668557,Maksym,Taloverov,Maksym Taloverov,2025,512,maksym-taloverov,Russia,Nalchik   ,Ukraine,2000-06-28 00:00:00,Centre-Back,Defender,right,196.0,2028-06-30 00:00:00,THE·TEAM,https://img.a.transfermarkt.technology/portrait/header/668557-1722520666.jpg?lm=1,8.0,0.0,3699.0,https://www.transfermarkt.co.uk/maksym-taloverov/profil/spieler/668557,GB1,Stoke City,2000000.0,3000000.0
669366,Tom,Cannon,Tom Cannon,2024,1003,tom-cannon,England,Aintree  ,Ireland,2002-12-28 00:00:00,Centre-Forward,Attack,right,180.0,2029-06-30 00:00:00,,https://img.a.transfermarkt.technology/portrait/header/669366-1679679487.jpg?lm=1,2.0,0.0,,https://www.transfermarkt.co.uk/tom-cannon/profil/spieler/669366,GB1,Leicester City,8000000.0,10000000.0
670558,Harvey,Griffiths,Harvey Griffiths,2023,543,harvey-griffiths,England,Oldham  ,England,2003-09-22 00:00:00,Defensive Midfield,Midfield,,190.0,2026-06-30 00:00:00,Unique Sports Group,https://img.a.transfermarkt.technology/portrait/header/default.jpg?lm=1,,,,https://www.transfermarkt.co.uk/harvey-griffiths/profil/spieler/670558,GB1,Wolverhampton Wanderers,150000.0,150000.0
670688,Youssef,Chermiti,Youssef Chermiti,2025,29,youssef-chermiti,Portugal,"Santa Maria, Açores  ",Portugal,2004-05-24 00:00:00,Centre-Forward,Attack,right,192.0,2029-06-30 00:00:00,CAA Stellar,https://img.a.transfermarkt.technology/portrait/header/670688-1708426195.jpg?lm=1,8.0,3.0,,https://www.transfermarkt.co.uk/youssef-chermiti/profil/spieler/670688,GB1,Everton FC,15000000.0,15000000.0
670717,Dário,Essugo,Dário Essugo,2025,631,dario-essugo,Portugal,Lisboa  ,Portugal,2005-03-14 00:00:00,Defensive Midfield,Midfield,right,178.0,2033-06-30 00:00:00,AS1,https://img.a.transfermarkt.technology/portrait/header/670717-1742314930.jpg?lm=1,8.0,0.0,,https://www.transfermarkt.co.uk/dario-essugo/profil/spieler/670717,GB1,Chelsea FC,15000000.0,20000000.0
670840,Joe,Whitworth,Joe Whitworth,2024,873,joe-whitworth,England,London  ,England,2004-02-29 00:00:00,Goalkeeper,Goalkeeper,right,179.0,2026-05-31 00:00:00,Two Touch Agency,https://img.a.transfermarkt.technology/portrait/header/670840-1669114466.jpg?lm=1,0.0,0.0,,https://www.transfermarkt.co.uk/joe-whitworth/profil/spieler/670840,GB1,Crystal Palace,1700000.0,1700000.0
670843,Isaac,Mabaya,Isaac Mabaya,2024,31,isaac-mabaya,England,Preston  ,Zimbabwe,2004-09-22 00:00:00,Right-Back,Defender,right,186.0,2026-05-31 00:00:00,CAA Base Ltd,https://img.a.transfermarkt.technology/portrait/header/670843-1655974029.jpg?lm=1,0.0,0.0,,https://www.transfermarkt.co.uk/isaac-mabaya/profil/spieler/670843,GB1,Liverpool FC,,
670848,Divin,Mubama,Divin Mubama,2024,281,divin-mubama,England,London  ,England,2004-10-25 00:00:00,Centre-Forward,Attack,left,183.0,2026-06-30 00:00:00,,https://img.a.transfermarkt.technology/portrait/header/670848-1667548750.jpg?lm=1,5.0,5.0,,https://www.transfermarkt.co.uk/divin-mubama/profil/spieler/670848,GB1,Manchester City,6000000.0,6000000.0
670850,Alex,Matos,Alex Matos,2023,631,alex-matos,England,Bedford  ,England,2004-10-03 00:00:00,Central Midfield,Midfield,right,175.0,2026-06-30 00:00:00,SEG,https://img.a.transfermarkt.technology/portrait/header/670850-1708552371.jpg?lm=1,,,,https://www.transfermarkt.co.uk/alex-matos/profil/spieler/670850,GB1,Chelsea FC,1200000.0,1200000.0
670858,Lewis,Hall,Lewis Hall,2025,762,lewis-hall,England,Slough  ,England,2004-09-08 00:00:00,Left-Back,Defender,left,179.0,2029-06-30 00:00:00,THE·TEAM,https://img.a.transfermarkt.technology/portrait/header/670858-1699385942.jpg?lm=1,4.0,0.0,,https://www.transfermarkt.co.uk/lewis-hall/profil/spieler/670858,GB1,Newcastle United,40000000.0,40000000.0
670859,Antwoine,Hackford,Antwoine Hackford,2023,350,antwoine-hackford,England,Sheffield  ,England,2004-03-20 00:00:00,Centre-Forward,Attack,right,177.0,2026-06-30 00:00:00,CAA Base Ltd,https://img.a.transfermarkt.technology/portrait/header/670859-1609606602.jpg?lm=1,,,,https://www.transfermarkt.co.uk/antwoine-hackford/profil/spieler/670859,GB1,Sheffield United,500000.0,500000.0
670860,James,Beadle,James Beadle,2025,1237,james-beadle,England,London  ,England,2004-07-16 00:00:00,Goalkeeper,Goalkeeper,right,201.0,2028-06-30 00:00:00,,https://img.a.transfermarkt.technology/portrait/header/670860-1669114553.jpg?lm=1,16.0,0.0,,https://www.transfermarkt.co.uk/james-beadle/profil/spieler/670860,GB1,Brighton & Hove Albion,6000000.0,6000000.0
670861,Luke,Chambers,Luke Chambers,2023,31,luke-chambers,England,Preston  ,England,2004-06-24 00:00:00,Centre-Back,Defender,left,181.0,2025-05-31 00:00:00,PLG,https://img.a.transfermarkt.technology/portrait/header/670861-1698353801.jpg?lm=1,,,,https://www.transfermarkt.co.uk/luke-chambers/profil/spieler/670861,GB1,Liverpool FC,1500000.0,1500000.0
670877,Sonny,Perkins,Sonny Perkins,2022,399,sonny-perkins,England,London  ,England,2004-02-10 00:00:00,Centre-Forward,Attack,left,178.0,2025-06-30 00:00:00,10Ten Football,https://img.a.transfermarkt.technology/portrait/header/670877-1637915626.jpg?lm=1,,,,https://www.transfermarkt.co.uk/sonny-perkins/profil/spieler/670877,GB1,Leeds United,1200000.0,1200000.0
670878,Jacob,Knightbridge,Jacob Knightbridge,2023,379,jacob-knightbridge,,,England,2004-01-25 00:00:00,Goalkeeper,Goalkeeper,,,2025-01-23 00:00:00,CAA Base Ltd,https://img.a.transfermarkt.technology/portrait/header/670878-1713473026.jpg?lm=1,,,,https://www.transfermarkt.co.uk/jacob-knightbridge/profil/spieler/670878,GB1,West Ham United,,
670882,Jamie,Gittens,Jamie Gittens,2025,631,jamie-gittens,England,London  ,England,2004-08-08 00:00:00,Left Winger,Attack,right,178.0,2032-06-30 00:00:00,,https://img.a.transfermarkt.technology/portrait/header/670882-1736780080.jpg?lm=1,16.0,2.0,,https://www.transfermarkt.co.uk/jamie-gittens/profil/spieler/670882,GB1,Chelsea FC,30000000.0,50000000.0
670988,,Wanya Marçal,Wanya Marçal,2022,1003,wanya-marcal,England,Leicester  ,Portugal,2002-10-19 00:00:00,Central Midfield,Midfield,right,181.0,2024-06-30 00:00:00,,https://img.a.transfermarkt.technology/portrait/header/default.jpg?lm=1,,,,https://www.transfermarkt.co.uk/wanya-marcal/profil/spieler/670988,GB1,Leicester City,300000.0,300000.0
671074,Caleb,Taylor,Caleb Taylor,2020,984,caleb-taylor,,,England,2003-01-14 00:00:00,Centre-Back,Defender,right,188.0,2023-05-31 00:00:00,KIN Partners,https://img.a.transfermarkt.technology/portrait/header/671074-1632908950.jpg?lm=1,,,,https://www.transfermarkt.co.uk/caleb-taylor/profil/spieler/671074,GB1,West Bromwich Albion,900000.0,900000.0
671108,Kota,Takai,Kota Takai,2025,148,kota-takai,Japan,"Yokohama, Kanagawa  ",Japan,2004-09-04 00:00:00,Centre-Back,Defender,right,192.0,2030-06-30 00:00:00,HEROE,https://img.a.transfermarkt.technology/portrait/header/671108-1745788815.jpg?lm=1,4.0,0.0,,https://www.transfermarkt.co.uk/kota-takai/profil/spieler/671108,GB1,Tottenham Hotspur,5000000.0,5000000.0
673492,,Morato,Morato,2025,703,morato,Brazil,Francisco Morato  ,Brazil,2001-06-30 00:00:00,Centre-Back,Defender,left,192.0,2029-06-30 00:00:00,Bertolucci Sports,https://img.a.transfermarkt.technology/portrait/header/673492-1701295349.jpg?lm=1,0.0,0.0,,https://www.transfermarkt.co.uk/morato/profil/spieler/673492,GB1,Nottingham Forest,14000000.0,15000000.0
674054,Leo,Walta,Leo Walta,2025,2288,leo-walta,Finland,Vantaa  ,Finland,2003-06-24 00:00:00,Attacking Midfield,Midfield,right,170.0,2026-06-30 00:00:00,,https://img.a.transfermarkt.technology/portrait/header/674054-1743175488.jpg?lm=1,14.0,1.0,3443.0,https://www.transfermarkt.co.uk/leo-walta/profil/spieler/674054,GB1,Swansea City,3000000.0,3500000.0
677311,Anthony,Mancini,Anthony Mancini,2021,1132,anthony-mancini,France,Saint-Priest  ,France,2001-04-06 00:00:00,Central Midfield,Midfield,left,180.0,2023-06-30 00:00:00,,https://img.a.transfermarkt.technology/portrait/header/677311-1595883465.jpg?lm=1,,,,https://www.transfermarkt.co.uk/anthony-mancini/profil/spieler/677311,GB1,Burnley FC,150000.0,250000.0
680531,Sam,Silvera,Sam Silvera,2025,641,sam-silvera,England,London  ,Australia,2000-10-25 00:00:00,Left Winger,Attack,right,179.0,2026-06-30 00:00:00,Footwork,https://img.a.transfermarkt.technology/portrait/header/680531-1703230531.jpg?lm=1,8.0,0.0,3433.0,https://www.transfermarkt.co.uk/sam-silvera/profil/spieler/680531,GB1,Middlesbrough FC,1500000.0,1500000.0
680806,Samuel,Edozie,Samuel Edozie,2024,180,samuel-edozie,England,London  ,England,2003-01-28 00:00:00,Left Winger,Attack,right,181.0,2027-06-30 00:00:00,Golden Gate Group,https://img.a.transfermarkt.technology/portrait/header/680806-1726822183.jpg?lm=1,0.0,0.0,,https://www.transfermarkt.co.uk/samuel-edozie/profil/spieler/680806,GB1,Southampton FC,5000000.0,8000000.0
681615,Jimi,Tauriainen,Jimi Tauriainen,2023,631,jimi-tauriainen,Finland,Helsinki  ,Finland,2004-03-08 00:00:00,Central Midfield,Midfield,left,188.0,2026-06-30 00:00:00,Lighthouse Football,https://img.a.transfermarkt.technology/portrait/header/681615-1687304711.jpg?lm=1,,,,https://www.transfermarkt.co.uk/jimi-tauriainen/profil/spieler/681615,GB1,Chelsea FC,200000.0,200000.0
683620,Antoni,Milambo,Antoni Milambo,2025,1148,antoni-milambo,Netherlands,Rotterdam  ,Netherlands,2005-04-03 00:00:00,Attacking Midfield,Midfield,right,179.0,2030-06-30 00:00:00,22Eleven,https://img.a.transfermarkt.technology/portrait/header/683620-1691146656.jpg?lm=1,8.0,0.0,,https://www.transfermarkt.co.uk/antoni-milambo/profil/spieler/683620,GB1,Brentford FC,15000000.0,20000000.0
684210,Jaidon,Anthony,Jaidon Anthony,2025,1132,jaidon-anthony,England,London  ,England,1999-12-01 00:00:00,Left Winger,Attack,right,183.0,2030-06-30 00:00:00,AGM Sports Ltd,https://img.a.transfermarkt.technology/portrait/header/684210-1637578473.jpg?lm=1,,,,https://www.transfermarkt.co.uk/jaidon-anthony/profil/spieler/684210,GB1,Burnley FC,20000000.0,20000000.0
686837,Charlie,Savage,Charlie Savage,2021,985,charlie-savage,England,Leicester  ,Wales,2003-05-02 00:00:00,Defensive Midfield,Midfield,left,182.0,2023-05-31 00:00:00,,https://img.a.transfermarkt.technology/portrait/header/686837-1633945350.jpg?lm=1,,,,https://www.transfermarkt.co.uk/charlie-savage/profil/spieler/686837,GB1,Manchester United,600000.0,600000.0
687626,Moisés,Caicedo,Moisés Caicedo,2025,631,moises-caicedo,Ecuador,Santo Domingo  ,Ecuador,2001-11-02 00:00:00,Defensive Midfield,Midfield,right,178.0,2033-06-30 00:00:00,CAA Base Ltd,https://img.a.transfermarkt.technology/portrait/header/687626-1660729724.jpg?lm=1,65.0,3.0,,https://www.transfermarkt.co.uk/moises-caicedo/profil/spieler/687626,GB1,Chelsea FC,100000000.0,110000000.0
689637,Chadi,Riad,Chadi Riad,2025,873,chadi-riad,Spain,Palma de Mallorca  ,Morocco,2003-06-17 00:00:00,Centre-Back,Defender,left,186.0,2029-06-30 00:00:00,Roc Nation Sports,https://img.a.transfermarkt.technology/portrait/header/689637-1782376649.jpg?lm=1,10.0,1.0,,https://www.transfermarkt.co.uk/chadi-riad/profil/spieler/689637,GB1,Crystal Palace,15000000.0,15000000.0
693066,Kamarai,Swyer,Kamarai Swyer,2023,379,kamarai-swyer,,,England,2002-12-04 00:00:00,Attacking Midfield,Midfield,,,2025-06-30 00:00:00,CAA Base Ltd,https://img.a.transfermarkt.technology/portrait/header/693066-1667549034.jpg?lm=1,,,,https://www.transfermarkt.co.uk/kamarai-swyer/profil/spieler/693066,GB1,West Ham United,250000.0,250000.0
693095,Jacob,Greaves,Jacob Greaves,2024,677,jacob-greaves,England,Cottingham  ,England,2000-09-12 00:00:00,Centre-Back,Defender,left,193.0,2029-06-30 00:00:00,CAA Stellar,https://img.a.transfermarkt.technology/portrait/header/693095-1727786112.jpg?lm=1,,,,https://www.transfermarkt.co.uk/jacob-greaves/profil/spieler/693095,GB1,Ipswich Town,16000000.0,20000000.0
696181,Romaine,Mundle,Romaine Mundle,2025,289,romaine-mundle,England,London  ,England,2003-04-24 00:00:00,Left Winger,Attack,right,172.0,2028-06-30 00:00:00,Concilium Sport,https://img.a.transfermarkt.technology/portrait/header/696181-1748348552.jpg?lm=1,,,,https://www.transfermarkt.co.uk/romaine-mundle/profil/spieler/696181,GB1,Sunderland AFC,7000000.0,8000000.0
696183,Kallum,Cesay,Kallum Cesay,2021,148,kallum-cesay,England,London  ,Sierra Leone,2002-09-04 00:00:00,Right-Back,Defender,right,,2024-06-30 00:00:00,,https://img.a.transfermarkt.technology/portrait/header/default.jpg?lm=1,,,,https://www.transfermarkt.co.uk/kallum-cesay/profil/spieler/696183,GB1,Tottenham Hotspur,,
696326,Max,Woltman,Max Woltman,2021,31,max-woltman,England,Wirral  ,England,2003-08-20 00:00:00,Centre-Forward,Attack,,,2023-06-30 00:00:00,SEG,https://img.a.transfermarkt.technology/portrait/header/696326-1655973981.jpg?lm=1,,,,https://www.transfermarkt.co.uk/max-woltman/profil/spieler/696326,GB1,Liverpool FC,300000.0,300000.0
696346,Jay,Stansfield,Jay Stansfield,2024,931,jay-stansfield,England,Tiverton  ,England,2002-11-24 00:00:00,Centre-Forward,Attack,right,187.0,2031-06-30 00:00:00,CAA Stellar,https://img.a.transfermarkt.technology/portrait/header/696346-1669625394.png?lm=1,9.0,0.0,,https://www.transfermarkt.co.uk/jay-stansfield/profil/spieler/696346,GB1,Fulham FC,18000000.0,18000000.0
696589,Tim,Iroegbunam,Tim Iroegbunam,2025,29,tim-iroegbunam,England,Birmingham  ,England,2003-06-30 00:00:00,Central Midfield,Midfield,right,183.0,2027-06-30 00:00:00,S Palmer Sports,https://img.a.transfermarkt.technology/portrait/header/696589-1650877564.jpg?lm=1,7.0,2.0,,https://www.transfermarkt.co.uk/tim-iroegbunam/profil/spieler/696589,GB1,Everton FC,18000000.0,18000000.0
697280,George,Earthy,George Earthy,2025,379,george-earthy,England,London  ,England,2004-09-05 00:00:00,Attacking Midfield,Midfield,right,180.0,2027-06-30 00:00:00,CAA Base Ltd,https://img.a.transfermarkt.technology/portrait/header/697280-1709883992.jpg?lm=1,2.0,0.0,,https://www.transfermarkt.co.uk/george-earthy/profil/spieler/697280,GB1,West Ham United,1000000.0,1000000.0
697282,Zach,Awe,Zach Awe,2021,11,zach-awe,England,London  ,England,2004-01-09 00:00:00,Centre-Back,Defender,right,192.0,2023-06-30 00:00:00,Connect Force,https://img.a.transfermarkt.technology/portrait/header/default.jpg?lm=1,,,,https://www.transfermarkt.co.uk/zach-awe/profil/spieler/697282,GB1,Arsenal FC,,
698097,Hayden,Lindley,Hayden Lindley,2021,405,hayden-lindley,,,England,2002-09-02 00:00:00,Defensive Midfield,Midfield,right,178.0,2023-06-30 00:00:00,ARETÉ,https://img.a.transfermarkt.technology/portrait/header/default.jpg?lm=1,,,,https://www.transfermarkt.co.uk/hayden-lindley/profil/spieler/698097,GB1,Aston Villa,150000.0,150000.0
698151,Michael,Ndiweni,Michael Ndiweni,2023,762,michael-ndiweni,England,Throckley  ,England,2003-12-02 00:00:00,Centre-Forward,Attack,right,,,,https://img.a.transfermarkt.technology/portrait/header/698151-1701213131.jpg?lm=1,,,,https://www.transfermarkt.co.uk/michael-ndiweni/profil/spieler/698151,GB1,Newcastle United,200000.0,200000.0
698164,Freddie,Potts,Freddie Potts,2025,379,freddie-potts,England,London  ,England,2003-09-12 00:00:00,Defensive Midfield,Midfield,right,183.0,2029-06-30 00:00:00,CAA Stellar,https://img.a.transfermarkt.technology/portrait/header/698164-1766482338.jpg?lm=1,,,,https://www.transfermarkt.co.uk/freddie-potts/profil/spieler/698164,GB1,West Ham United,10000000.0,10000000.0
698415,José,Córdoba,José Córdoba,2025,1123,jose-cordoba,Panama,Ciudad de Panamá  ,Panama,2001-06-03 00:00:00,Centre-Back,Defender,left,189.0,2028-06-30 00:00:00,DWMA,https://img.a.transfermarkt.technology/portrait/header/698415-1720429585.jpg?lm=1,33.0,1.0,3577.0,https://www.transfermarkt.co.uk/jose-cordoba/profil/spieler/698415,GB1,Norwich City,5000000.0,5000000.0
698637,Arjan,Raikhy,Arjan Raikhy,2020,405,arjan-raikhy,England,Wolverhampton  ,England,2002-10-20 00:00:00,Central Midfield,Midfield,,,2023-06-30 00:00:00,Wasserman,https://img.a.transfermarkt.technology/portrait/header/default.jpg?lm=1,,,,https://www.transfermarkt.co.uk/arjan-raikhy/profil/spieler/698637,GB1,Aston Villa,150000.0,150000.0
698678,Hugo,Bueno,Hugo Bueno,2025,543,hugo-bueno,Spain,Vigo  ,Spain,2002-09-18 00:00:00,Left-Back,Defender,left,180.0,2028-06-30 00:00:00,Footfeel ISM,https://img.a.transfermarkt.technology/portrait/header/698678-1669020197.jpg?lm=1,8.0,0.0,,https://www.transfermarkt.co.uk/hugo-bueno/profil/spieler/698678,GB1,Wolverhampton Wanderers,12000000.0,12000000.0
700461,Alfie,Brooks,Alfie Brooks,2025,543,alfie-brooks,,,England,2003-10-15 00:00:00,Goalkeeper,Goalkeeper,,,,Tier One,https://img.a.transfermarkt.technology/portrait/header/default.jpg?lm=1,,,,https://www.transfermarkt.co.uk/alfie-brooks/profil/spieler/700461,GB1,Wolverhampton Wanderers,,
701006,Michael,Forbes,Michael Forbes,2022,379,michael-forbes,Northern Ireland,Ardboe  ,Northern Ireland,2004-04-29 00:00:00,Centre-Back,Defender,,188.0,2024-06-30 00:00:00,FFP,https://img.a.transfermarkt.technology/portrait/header/default.jpg?lm=1,,,,https://www.transfermarkt.co.uk/michael-forbes/profil/spieler/701006,GB1,West Ham United,,
701021,Ruairi,McConville,Ruairi McConville,2025,1123,ruairi-mcconville,Northern Ireland,Belfast  ,Northern Ireland,2005-05-01 00:00:00,Centre-Back,Defender,right,193.0,2030-06-30 00:00:00,Avid Sports Group,https://img.a.transfermarkt.technology/portrait/header/701021-1741275150.jpg?lm=1,12.0,0.0,5674.0,https://www.transfermarkt.co.uk/ruairi-mcconville/profil/spieler/701021,GB1,Norwich City,3000000.0,3000000.0
701057,Rico,Lewis,Rico Lewis,2025,281,rico-lewis,England,Bury  ,England,2004-11-21 00:00:00,Right-Back,Defender,right,170.0,2030-06-30 00:00:00,CAA Base Ltd,https://img.a.transfermarkt.technology/portrait/header/701057-1684856684.jpg?lm=1,13.0,2.0,,https://www.transfermarkt.co.uk/rico-lewis/profil/spieler/701057,GB1,Manchester City,28000000.0,40000000.0
703474,Robert,Street,Robert Street,2021,873,robert-street,,,England,2001-09-26 00:00:00,Centre-Forward,Attack,right,189.0,2023-05-31 00:00:00,ARETÉ,https://img.a.transfermarkt.technology/portrait/header/default.jpg?lm=1,,,,https://www.transfermarkt.co.uk/robert-street/profil/spieler/703474,GB1,Crystal Palace,200000.0,200000.0
703577,Kgaogelo,Chauke,Kgaogelo Chauke,2021,180,kgaogelo-chauke,South Africa,Pretoria  ,South Africa,2003-01-08 00:00:00,Central Midfield,Midfield,right,177.0,2023-05-31 00:00:00,,https://img.a.transfermarkt.technology/portrait/header/703577-1659354961.jpg?lm=1,,,,https://www.transfermarkt.co.uk/kgaogelo-chauke/profil/spieler/703577,GB1,Southampton FC,250000.0,250000.0
703626,Cameron,Peupion,Cameron Peupion,2024,1237,cameron-peupion,Australia,Sydney  ,Australia,2002-09-23 00:00:00,Left Winger,Attack,right,175.0,2027-06-30 00:00:00,Footwork,https://img.a.transfermarkt.technology/portrait/header/703626-1764665254.png?lm=1,12.0,1.0,,https://www.transfermarkt.co.uk/cameron-peupion/profil/spieler/703626,GB1,Brighton & Hove Albion,350000.0,350000.0
704801,Joe,McGlynn,Joe McGlynn,2021,1132,joe-mcglynn,England,Warrington  ,Scotland,2002-09-27 00:00:00,Centre-Forward,Attack,,,2023-05-31 00:00:00,CSG,https://img.a.transfermarkt.technology/portrait/header/default.jpg?lm=1,,,,https://www.transfermarkt.co.uk/joe-mcglynn/profil/spieler/704801,GB1,Burnley FC,,
706815,Harvey,Davies,Harvey Davies,2025,31,harvey-davies,England,Liverpool  ,England,2003-09-03 00:00:00,Goalkeeper,Goalkeeper,left,190.0,2027-06-30 00:00:00,Unique Sports Group,https://img.a.transfermarkt.technology/portrait/header/706815-1755504936.jpg?lm=1,2.0,0.0,,https://www.transfermarkt.co.uk/harvey-davies/profil/spieler/706815,GB1,Liverpool FC,500000.0,500000.0
706822,Roshaun,Mathurin,Roshaun Mathurin,2023,873,roshaun-mathurin,England,London  ,England,2004-01-23 00:00:00,Right Winger,Attack,,,,,https://img.a.transfermarkt.technology/portrait/header/default.jpg?lm=1,,,,https://www.transfermarkt.co.uk/roshaun-mathurin/profil/spieler/706822,GB1,Crystal Palace,,
706889,Jaydon,Banel,Jaydon Banel,2025,1132,jaydon-banel,Netherlands,Amsterdam   ,Netherlands,2004-10-19 00:00:00,Left Winger,Attack,right,173.0,2029-06-30 00:00:00,More Than Goals,https://img.a.transfermarkt.technology/portrait/header/706889-1722415139.jpg?lm=1,0.0,0.0,,https://www.transfermarkt.co.uk/jaydon-banel/profil/spieler/706889,GB1,Burnley FC,1000000.0,1200000.0
706968,Ji-sung,Eom,Ji-sung Eom,2025,2288,ji-sung-eom,"Korea, South","Gimje, Jeonbuk  ","Korea, South",2002-05-09 00:00:00,Left Winger,Attack,right,177.0,2028-06-30 00:00:00,LW Sports Agency,https://img.a.transfermarkt.technology/portrait/header/706968-1615445061.jpg?lm=1,11.0,2.0,3589.0,https://www.transfermarkt.co.uk/ji-sung-eom/profil/spieler/706968,GB1,Swansea City,1800000.0,1800000.0
707164,Harvey,Blair,Harvey Blair,2021,31,harvey-blair,England,Huddersfield  ,England,2003-09-14 00:00:00,Right Winger,Attack,right,,,,https://img.a.transfermarkt.technology/portrait/header/707164-1655974679.jpg?lm=1,,,,https://www.transfermarkt.co.uk/harvey-blair/profil/spieler/707164,GB1,Liverpool FC,300000.0,300000.0
708072,Nicolò,Savona,Nicolò Savona,2025,703,nicolo-savona,Italy,Aosta  ,Italy,2003-03-19 00:00:00,Right-Back,Defender,right,192.0,2030-06-30 00:00:00,Mp Management,https://img.a.transfermarkt.technology/portrait/header/708072-1730125797.jpg?lm=1,0.0,0.0,,https://www.transfermarkt.co.uk/nicolo-savona/profil/spieler/708072,GB1,Nottingham Forest,15000000.0,18000000.0
709726,Hugo,Ekitiké,Hugo Ekitiké,2025,31,hugo-ekitike,France,Reims  ,France,2002-06-20 00:00:00,Centre-Forward,Attack,right,190.0,2031-06-30 00:00:00,OSA,https://img.a.transfermarkt.technology/portrait/header/709726-1758714741.jpg?lm=1,8.0,2.0,,https://www.transfermarkt.co.uk/hugo-ekitike/profil/spieler/709726,GB1,Liverpool FC,80000000.0,90000000.0
709960,Marc,Jurado,Marc Jurado,2022,985,marc-jurado,Spain,Sabadell  ,Spain,2004-04-13 00:00:00,Right-Back,Defender,right,178.0,2023-06-30 00:00:00,Eleven Talent Group,https://img.a.transfermarkt.technology/portrait/header/default.jpg?lm=1,,,,https://www.transfermarkt.co.uk/marc-jurado/profil/spieler/709960,GB1,Manchester United,100000.0,100000.0
711247,Kwadwo,Baah,Kwadwo Baah,2021,1010,kwadwo-baah,Germany,Stuttgart  ,Germany,2003-01-27 00:00:00,Left Winger,Attack,right,182.0,2023-06-30 00:00:00,,https://img.a.transfermarkt.technology/portrait/header/711247-1609771996.jpg?lm=1,,,,https://www.transfermarkt.co.uk/kwadwo-baah/profil/spieler/711247,GB1,Watford FC,300000.0,800000.0
711337,,Evanilson,Evanilson,2025,989,evanilson,Brazil,Fortaleza  ,Brazil,1999-10-06 00:00:00,Centre-Forward,Attack,both,183.0,2029-06-30 00:00:00,Brazil Soccer,https://img.a.transfermarkt.technology/portrait/header/711337-1737452098.jpg?lm=1,2.0,0.0,,https://www.transfermarkt.co.uk/evanilson/profil/spieler/711337,GB1,AFC Bournemouth,35000000.0,40000000.0
711544,Jake,O'Brien,Jake O'Brien,2025,29,jake-obrien,Ireland,Cork  ,Ireland,2001-05-15 00:00:00,Right-Back,Defender,right,197.0,2028-06-30 00:00:00,Unique Sports Group,https://img.a.transfermarkt.technology/portrait/header/711544-1662362868.jpg?lm=1,17.0,0.0,,https://www.transfermarkt.co.uk/jake-obrien/profil/spieler/711544,GB1,Everton FC,18000000.0,18000000.0
711999,Lesley,Ugochukwu,Lesley Ugochukwu,2025,1132,lesley-ugochukwu,France,Rennes  ,France,2004-03-26 00:00:00,Defensive Midfield,Midfield,right,190.0,2030-06-30 00:00:00,THE·TEAM,https://img.a.transfermarkt.technology/portrait/header/711999-1666698684.jpg?lm=1,12.0,0.0,,https://www.transfermarkt.co.uk/lesley-ugochukwu/profil/spieler/711999,GB1,Burnley FC,22000000.0,25000000.0
712115,James,Huntley,James Huntley,2023,762,james-huntley,England,Ashington  ,England,2004-03-02 00:00:00,Central Midfield,Midfield,,,,,https://img.a.transfermarkt.technology/portrait/header/712115-1699386080.jpg?lm=1,,,,https://www.transfermarkt.co.uk/james-huntley/profil/spieler/712115,GB1,Newcastle United,100000.0,100000.0
712181,James,Wright,James Wright,2025,405,james-wright,,,England,2004-12-02 00:00:00,Goalkeeper,Goalkeeper,right,188.0,,THE·TEAM,https://img.a.transfermarkt.technology/portrait/header/712181-1732137750.jpg?lm=1,,,,https://www.transfermarkt.co.uk/james-wright/profil/spieler/712181,GB1,Aston Villa,200000.0,200000.0
714458,Ben,Nelson,Ben Nelson,2024,1003,ben-nelson,England,Northampton  ,England,2004-03-18 00:00:00,Centre-Back,Defender,right,193.0,2027-06-30 00:00:00,Wasserman,https://img.a.transfermarkt.technology/portrait/header/714458-1709113735.jpg?lm=1,0.0,0.0,,https://www.transfermarkt.co.uk/ben-nelson/profil/spieler/714458,GB1,Leicester City,600000.0,600000.0
715558,Marcelino,Núñez,Marcelino Núñez,2025,677,marcelino-nunez,Chile,Recoleta  ,Chile,2000-03-01 00:00:00,Central Midfield,Midfield,right,173.0,2029-06-30 00:00:00,Vibra Futbol,https://img.a.transfermarkt.technology/portrait/header/715558-1718987243.jpg?lm=1,33.0,5.0,3700.0,https://www.transfermarkt.co.uk/marcelino-nunez/profil/spieler/715558,GB1,Ipswich Town,14000000.0,14000000.0
716276,Yerson,Mosquera,Yerson Mosquera,2025,543,yerson-mosquera,Colombia,Apartadó  ,Colombia,2001-05-02 00:00:00,Centre-Back,Defender,right,188.0,2030-06-30 00:00:00,Goal Management SAS,https://img.a.transfermarkt.technology/portrait/header/716276-1682874906.jpg?lm=1,4.0,1.0,,https://www.transfermarkt.co.uk/yerson-mosquera/profil/spieler/716276,GB1,Wolverhampton Wanderers,12000000.0,12000000.0
717411,Yegor,Yarmolyuk,Yegor Yarmolyuk,2025,1148,yegor-yarmolyuk,Ukraine,"Verkhnyodniprovsk, Dnipropetrovsk Oblast   ",Ukraine,2004-03-01 00:00:00,Central Midfield,Midfield,right,180.0,2031-06-30 00:00:00,ProStar,https://img.a.transfermarkt.technology/portrait/header/717411-1740606151.jpg?lm=1,9.0,0.0,,https://www.transfermarkt.co.uk/yegor-yarmolyuk/profil/spieler/717411,GB1,Brentford FC,32000000.0,32000000.0
718250,Ethan,Brierley,Ethan Brierley,2023,1148,ethan-brierley,England,Rochdale   ,England,2003-11-23 00:00:00,Central Midfield,Midfield,,168.0,2026-06-30 00:00:00,,https://img.a.transfermarkt.technology/portrait/header/default.jpg?lm=1,,,,https://www.transfermarkt.co.uk/ethan-brierley/profil/spieler/718250,GB1,Brentford FC,300000.0,300000.0
719673,Ben,Gannon-Doak,Ben Gannon-Doak,2025,31,ben-gannon-doak,Scotland,Dalry  ,Scotland,2005-11-11 00:00:00,Right Winger,Attack,right,173.0,2030-06-30 00:00:00,,https://img.a.transfermarkt.technology/portrait/header/719673-1780071350.jpg?lm=1,17.0,1.0,,https://www.transfermarkt.co.uk/ben-gannon-doak/profil/spieler/719673,GB1,Liverpool FC,15000000.0,18000000.0
719681,Jeremiah,Chilokoa-Mullen,Jeremiah Chilokoa-Mullen,2022,399,jeremiah-chilokoa-mullen,,,Scotland,2004-06-17 00:00:00,Centre-Back,Defender,,,2025-06-30 00:00:00,CAA Base Ltd,https://img.a.transfermarkt.technology/portrait/header/default.jpg?lm=1,,,,https://www.transfermarkt.co.uk/jeremiah-chilokoa-mullen/profil/spieler/719681,GB1,Leeds United,,
720720,Sean,McAllister,Sean McAllister,2022,29,sean-mcallister,Northern Ireland,Randalstown  ,Northern Ireland,2002-09-15 00:00:00,Attacking Midfield,Midfield,right,179.0,2024-06-30 00:00:00,CAA Base Ltd,https://img.a.transfermarkt.technology/portrait/header/default.jpg?lm=1,,,,https://www.transfermarkt.co.uk/sean-mcallister/profil/spieler/720720,GB1,Everton FC,,
724041,Enock,Agyei,Enock Agyei,2025,1132,enock-agyei,,,Belgium,2005-01-13 00:00:00,Right Winger,Attack,left,172.0,2027-06-30 00:00:00,CAA Stellar,https://img.a.transfermarkt.technology/portrait/header/724041-1652693082.jpg?lm=1,6.0,1.0,,https://www.transfermarkt.co.uk/enock-agyei/profil/spieler/724041,GB1,Burnley FC,800000.0,800000.0
724529,Tayo,Adaramola,Tayo Adaramola,2023,873,tayo-adaramola,Ireland,Dublin  ,Ireland,2003-11-14 00:00:00,Left-Back,Defender,left,177.0,2025-05-31 00:00:00,Unique Sports Group,https://img.a.transfermarkt.technology/portrait/header/724529-1706085794.jpg?lm=1,,,,https://www.transfermarkt.co.uk/tayo-adaramola/profil/spieler/724529,GB1,Crystal Palace,800000.0,1500000.0
724530,Leigh,Kavanagh,Leigh Kavanagh,2023,1237,leigh-kavanagh,,,Ireland,2003-12-27 00:00:00,Centre-Back,Defender,right,189.0,,,https://img.a.transfermarkt.technology/portrait/header/default.jpg?lm=1,,,,https://www.transfermarkt.co.uk/leigh-kavanagh/profil/spieler/724530,GB1,Brighton & Hove Albion,200000.0,200000.0
724536,Josh,Keeley,Josh Keeley,2025,1031,josh-keeley,Ireland,"Dunboyne, Meath  ",Ireland,2003-05-17 00:00:00,Goalkeeper,Goalkeeper,right,191.0,,Tier One,https://img.a.transfermarkt.technology/portrait/header/724536-1746470887.jpg?lm=1,1.0,0.0,3509.0,https://www.transfermarkt.co.uk/josh-keeley/profil/spieler/724536,GB1,Luton Town,800000.0,800000.0
724540,Bosun,Lawal,Bosun Lawal,2025,512,bosun-lawal,Ireland,Dublin  ,Ireland,2003-05-30 00:00:00,Centre-Back,Defender,right,190.0,2028-05-31 00:00:00,Midas Sports,https://img.a.transfermarkt.technology/portrait/header/724540-1739358124.jpg?lm=1,1.0,0.0,3509.0,https://www.transfermarkt.co.uk/bosun-lawal/profil/spieler/724540,GB1,Stoke City,3000000.0,3000000.0
724783,Tawanda,Chirewa,Tawanda Chirewa,2025,543,tawanda-chirewa,England,Chelmsford  ,Zimbabwe,2003-10-12 00:00:00,Attacking Midfield,Midfield,right,181.0,2027-06-30 00:00:00,,https://img.a.transfermarkt.technology/portrait/header/724783-1706825693.jpg?lm=1,16.0,3.0,,https://www.transfermarkt.co.uk/tawanda-chirewa/profil/spieler/724783,GB1,Wolverhampton Wanderers,450000.0,500000.0
724785,Liam,Gibbs,Liam Gibbs,2021,1123,liam-gibbs,England,Bury St Edmunds  ,England,2002-12-16 00:00:00,Central Midfield,Midfield,,,2025-06-30 00:00:00,SEG,https://img.a.transfermarkt.technology/portrait/header/724785-1661433968.jpg?lm=1,,,,https://www.transfermarkt.co.uk/liam-gibbs/profil/spieler/724785,GB1,Norwich City,2800000.0,2800000.0
725912,Antonín,Kinský,Antonín Kinský,2025,148,antonin-kinsky,Czech Republic,Praha  ,Czech Republic,2003-03-13 00:00:00,Goalkeeper,Goalkeeper,right,190.0,2031-06-30 00:00:00,,https://img.a.transfermarkt.technology/portrait/header/725912-1766160431.jpg?lm=1,0.0,0.0,,https://www.transfermarkt.co.uk/antonin-kinsky/profil/spieler/725912,GB1,Tottenham Hotspur,15000000.0,15000000.0
726992,Charlie,Whitaker,Charlie Whitaker,2021,29,charlie-whitaker,,,England,2003-09-16 00:00:00,Attacking Midfield,Midfield,,,2023-06-30 00:00:00,CAA Stellar,https://img.a.transfermarkt.technology/portrait/header/default.jpg?lm=1,,,,https://www.transfermarkt.co.uk/charlie-whitaker/profil/spieler/726992,GB1,Everton FC,,
727089,Noah,Sadiki,Noah Sadiki,2025,289,noah-sadiki,Belgium,Brussel  ,DR Congo,2004-12-17 00:00:00,Central Midfield,Midfield,right,165.0,2030-06-30 00:00:00,DWMA,https://img.a.transfermarkt.technology/portrait/header/727089-1767005980.jpg?lm=1,24.0,0.0,,https://www.transfermarkt.co.uk/noah-sadiki/profil/spieler/727089,GB1,Sunderland AFC,35000000.0,35000000.0
729264,,Welington,Welington,2024,180,welington,Brazil,São Paulo  ,Brazil,2001-02-19 00:00:00,Left-Back,Defender,left,170.0,2029-06-30 00:00:00,RF SPORTS,https://img.a.transfermarkt.technology/portrait/header/729264-1764146570.jpg?lm=1,1.0,0.0,,https://www.transfermarkt.co.uk/welington/profil/spieler/729264,GB1,Southampton FC,3000000.0,4000000.0
730861,Milos,Kerkez,Milos Kerkez,2025,31,milos-kerkez,Serbia and Montenegro,Vrbas  ,Hungary,2003-11-07 00:00:00,Left-Back,Defender,left,180.0,2030-06-30 00:00:00,LIAN Sports Group,https://img.a.transfermarkt.technology/portrait/header/730861-1773172293.jpg?lm=1,32.0,0.0,,https://www.transfermarkt.co.uk/milos-kerkez/profil/spieler/730861,GB1,Liverpool FC,35000000.0,45000000.0
730893,Tyrick,Mitchell,Tyrick Mitchell,2025,873,tyrick-mitchell,England,London  ,England,1999-09-01 00:00:00,Left-Back,Defender,left,181.0,2027-06-30 00:00:00,ROOF,https://img.a.transfermarkt.technology/portrait/header/730893-1693826944.jpg?lm=1,2.0,0.0,,https://www.transfermarkt.co.uk/tyrick-mitchell/profil/spieler/730893,GB1,Crystal Palace,25000000.0,28000000.0
731466,Teddy,Sharman-Lowe,Teddy Sharman-Lowe,2025,631,teddy-sharman-lowe,England,Leicester  ,England,2003-03-30 00:00:00,Goalkeeper,Goalkeeper,right,189.0,2028-06-30 00:00:00,,https://img.a.transfermarkt.technology/portrait/header/731466-1656922515.jpg?lm=1,1.0,0.0,,https://www.transfermarkt.co.uk/teddy-sharman-lowe/profil/spieler/731466,GB1,Chelsea FC,500000.0,550000.0
731738,,Teddy Rowe,Teddy Rowe,2020,405,teddy-rowe,,,England,2003-10-17 00:00:00,Central Midfield,Midfield,right,,,Wasserman,https://img.a.transfermarkt.technology/portrait/header/default.jpg?lm=1,,,,https://www.transfermarkt.co.uk/teddy-rowe/profil/spieler/731738,GB1,Aston Villa,150000.0,150000.0
732117,Dylan,Williams,Dylan Williams,2023,631,dylan-williams,England,Telford  ,England,2003-09-13 00:00:00,Left-Back,Defender,left,177.0,2025-05-31 00:00:00,Prodigy Sports Group,https://img.a.transfermarkt.technology/portrait/header/default.jpg?lm=1,,,,https://www.transfermarkt.co.uk/dylan-williams/profil/spieler/732117,GB1,Chelsea FC,200000.0,200000.0
732119,Kaide,Gordon,Kaide Gordon,2025,31,kaide-gordon,England,Burton-on-Trent  ,England,2004-10-05 00:00:00,Right Winger,Attack,left,173.0,,CAA Stellar,https://img.a.transfermarkt.technology/portrait/header/732119-1702632204.jpg?lm=1,8.0,1.0,,https://www.transfermarkt.co.uk/kaide-gordon/profil/spieler/732119,GB1,Liverpool FC,1200000.0,1500000.0
732165,Ronnie,Edwards,Ronnie Edwards,2024,180,ronnie-edwards,England,Harlow  ,England,2003-03-28 00:00:00,Centre-Back,Defender,right,185.0,,Two Touch Agency,https://img.a.transfermarkt.technology/portrait/header/732165-1641462138.jpg?lm=1,2.0,0.0,,https://www.transfermarkt.co.uk/ronnie-edwards/profil/spieler/732165,GB1,Southampton FC,3800000.0,3800000.0
732529,Tristan,Crama,Tristan Crama,2022,1148,tristan-crama,France,Béziers  ,France,2001-11-08 00:00:00,Centre-Back,Defender,right,192.0,2023-06-30 00:00:00,Wasserman,https://img.a.transfermarkt.technology/portrait/header/default.jpg?lm=1,,,,https://www.transfermarkt.co.uk/tristan-crama/profil/spieler/732529,GB1,Brentford FC,100000.0,100000.0
733308,Amari,Miller,Amari Miller,2022,399,amari-miller,England,Birmingham  ,England,2002-11-04 00:00:00,Left Winger,Attack,left,174.0,2025-06-30 00:00:00,CAA Stellar,https://img.a.transfermarkt.technology/portrait/header/default.jpg?lm=1,,,,https://www.transfermarkt.co.uk/amari-miller/profil/spieler/733308,GB1,Leeds United,,
733314,James,Carragher,James Carragher,2025,1071,james-carragher,England,Liverpool  ,Malta,2002-11-11 00:00:00,Centre-Back,Defender,right,192.0,2027-06-30 00:00:00,THE·TEAM,https://img.a.transfermarkt.technology/portrait/header/733314-1728974580.jpg?lm=1,4.0,0.0,3587.0,https://www.transfermarkt.co.uk/james-carragher/profil/spieler/733314,GB1,Wigan Athletic,250000.0,250000.0
733430,Sam,Waller,Sam Waller,2021,1132,sam-waller,England,Stockport  ,England,2003-09-09 00:00:00,Goalkeeper,Goalkeeper,,187.0,2023-06-30 00:00:00,CAA Stellar,https://img.a.transfermarkt.technology/portrait/header/default.jpg?lm=1,,,,https://www.transfermarkt.co.uk/sam-waller/profil/spieler/733430,GB1,Burnley FC,250000.0,250000.0
733434,Jack,Wadham,Jack Wadham,2022,989,jack-wadham,,,England,2003-02-25 00:00:00,,Missing,,183.0,,Volenti,https://img.a.transfermarkt.technology/portrait/header/default.jpg?lm=1,,,,https://www.transfermarkt.co.uk/jack-wadham/profil/spieler/733434,GB1,AFC Bournemouth,100000.0,100000.0
733494,Kamil,Conteh,Kamil Conteh,2021,1010,kamil-conteh,England,London  ,Sierra Leone,2002-12-26 00:00:00,Central Midfield,Midfield,right,177.0,2023-05-31 00:00:00,Stars Like Us,https://img.a.transfermarkt.technology/portrait/header/default.jpg?lm=1,,,,https://www.transfermarkt.co.uk/kamil-conteh/profil/spieler/733494,GB1,Watford FC,,
733495,Andi,Janjeva,Andi Janjeva,2019,1010,andi-janjeva,England,London  ,Kosovo,2002-10-11 00:00:00,Centre-Back,Defender,right,186.0,,,https://img.a.transfermarkt.technology/portrait/header/default.jpg?lm=1,,,,https://www.transfermarkt.co.uk/andi-janjeva/profil/spieler/733495,GB1,Watford FC,,
734375,Jack,Jenkins,Jack Jenkins,2021,399,jack-jenkins,,,England,2002-03-23 00:00:00,Defensive Midfield,Midfield,right,190.0,2023-05-31 00:00:00,Wasserman,https://img.a.transfermarkt.technology/portrait/header/default.jpg?lm=1,,,,https://www.transfermarkt.co.uk/jack-jenkins/profil/spieler/734375,GB1,Leeds United,150000.0,150000.0
734425,Michael,Olakigbe,Michael Olakigbe,2023,1148,michael-olakigbe,England,London  ,England,2004-04-25 00:00:00,Right Winger,Attack,,180.0,2025-05-31 00:00:00,Two Touch Agency,https://img.a.transfermarkt.technology/portrait/header/default.jpg?lm=1,,,,https://www.transfermarkt.co.uk/michael-olakigbe/profil/spieler/734425,GB1,Brentford FC,600000.0,600000.0
735570,João,Gomes,João Gomes,2025,543,joao-gomes,Brazil,Rio de Janeiro   ,Brazil,2001-02-12 00:00:00,Central Midfield,Midfield,right,176.0,2030-06-30 00:00:00,Carlos Leite,https://img.a.transfermarkt.technology/portrait/header/735570-1675092223.jpg?lm=1,10.0,0.0,,https://www.transfermarkt.co.uk/joao-gomes/profil/spieler/735570,GB1,Wolverhampton Wanderers,40000000.0,40000000.0
735571,,Rodrigo Muniz,Rodrigo Muniz,2025,931,rodrigo-muniz,Brazil,São Domingos do Prata  ,Brazil,2001-05-04 00:00:00,Centre-Forward,Attack,right,186.0,2030-06-30 00:00:00,CAA Base Ltd,https://img.a.transfermarkt.technology/portrait/header/735571-1657802369.jpg?lm=1,,,,https://www.transfermarkt.co.uk/rodrigo-muniz/profil/spieler/735571,GB1,Fulham FC,20000000.0,25000000.0
738269,Dante,Cassanova,Dante Cassanova,2024,148,dante-cassanova,England,London  ,Jamaica,2004-06-21 00:00:00,Centre-Back,Defender,right,,2027-06-30 00:00:00,ARETÉ,https://img.a.transfermarkt.technology/portrait/header/738269-1731007072.jpg?lm=1,0.0,0.0,,https://www.transfermarkt.co.uk/dante-cassanova/profil/spieler/738269,GB1,Tottenham Hotspur,,
739443,,Igor Thiago,Igor Thiago,2025,1148,igor-thiago,Brazil,Gama  ,Brazil,2001-06-26 00:00:00,Centre-Forward,Attack,right,190.0,2031-06-30 00:00:00,HN80 Sports,https://img.a.transfermarkt.technology/portrait/header/739443-1770372295.jpg?lm=1,5.0,2.0,,https://www.transfermarkt.co.uk/igor-thiago/profil/spieler/739443,GB1,Brentford FC,65000000.0,65000000.0
741228,Joe,O'Brien-Whitmarsh,Joe O'Brien-Whitmarsh,2024,180,joe-obrien-whitmarsh,Ireland,Cork  ,Ireland,2005-05-11 00:00:00,Central Midfield,Midfield,,,2027-06-30 00:00:00,,https://img.a.transfermarkt.technology/portrait/header/default.jpg?lm=1,4.0,0.0,,https://www.transfermarkt.co.uk/joe-obrien-whitmarsh/profil/spieler/741228,GB1,Southampton FC,200000.0,300000.0
741229,Rocco,Vata,Rocco Vata,2025,1010,rocco-vata,Scotland,Glasgow  ,Ireland,2005-04-18 00:00:00,Left Winger,Attack,right,184.0,2028-06-30 00:00:00,StormSportsX,https://img.a.transfermarkt.technology/portrait/header/741229-1692197943.jpg?lm=1,10.0,6.0,3509.0,https://www.transfermarkt.co.uk/rocco-vata/profil/spieler/741229,GB1,Watford FC,1800000.0,1800000.0
741236,Matthew,Cox,Matthew Cox,2025,1148,matthew-cox,England,London  ,England,2003-05-02 00:00:00,Goalkeeper,Goalkeeper,right,183.0,2028-06-30 00:00:00,,https://img.a.transfermarkt.technology/portrait/header/741236-1754901218.jpg?lm=1,0.0,0.0,,https://www.transfermarkt.co.uk/matthew-cox/profil/spieler/741236,GB1,Brentford FC,700000.0,800000.0
741238,Omari,Hutchinson,Omari Hutchinson,2025,703,omari-hutchinson,England,Redhill  ,England,2003-10-30 00:00:00,Attacking Midfield,Midfield,left,174.0,2030-06-30 00:00:00,Bertolucci Sports,https://img.a.transfermarkt.technology/portrait/header/741238-1770845529.jpg?lm=1,2.0,0.0,,https://www.transfermarkt.co.uk/omari-hutchinson/profil/spieler/741238,GB1,Nottingham Forest,30000000.0,35000000.0
741700,Frankie,Ealing,Frankie Ealing,2020,405,frankie-ealing,,,England,2004-07-14 00:00:00,Right-Back,Defender,right,,,Unique Sports Group,https://img.a.transfermarkt.technology/portrait/header/default.jpg?lm=1,,,,https://www.transfermarkt.co.uk/frankie-ealing/profil/spieler/741700,GB1,Aston Villa,,
742746,Caleb,Chukwuemeka,Caleb Chukwuemeka,2021,405,caleb-chukwuemeka,Austria,Eisenstadt  ,England,2002-01-25 00:00:00,Centre-Forward,Attack,,190.0,2023-05-31 00:00:00,,https://img.a.transfermarkt.technology/portrait/header/742746-1610028161.jpg?lm=1,,,,https://www.transfermarkt.co.uk/caleb-chukwuemeka/profil/spieler/742746,GB1,Aston Villa,200000.0,200000.0
742943,Michał,Rosiak,Michał Rosiak,2024,11,michal-rosiak,Poland,Białogard  ,Poland,2005-10-12 00:00:00,Right-Back,Defender,right,180.0,2026-06-30 00:00:00,ARETÉ,https://img.a.transfermarkt.technology/portrait/header/742943-1688738497.jpg?lm=1,1.0,0.0,,https://www.transfermarkt.co.uk/michal-rosiak/profil/spieler/742943,GB1,Arsenal FC,250000.0,250000.0
743384,Chemsdine,Talbi,Chemsdine Talbi,2025,289,chemsdine-talbi,Belgium,Sambreville  ,Morocco,2005-05-09 00:00:00,Right Winger,Attack,right,175.0,2030-06-30 00:00:00,Gersh,https://img.a.transfermarkt.technology/portrait/header/743384-1764837422.jpg?lm=1,10.0,0.0,,https://www.transfermarkt.co.uk/chemsdine-talbi/profil/spieler/743384,GB1,Sunderland AFC,25000000.0,25000000.0
743413,Nico,O'Reilly,Nico O'Reilly,2025,281,nico-oreilly,England,Manchester  ,England,2005-03-21 00:00:00,Left-Back,Defender,left,193.0,2030-06-30 00:00:00,SEG,https://img.a.transfermarkt.technology/portrait/header/743413-1751367149.jpg?lm=1,10.0,0.0,,https://www.transfermarkt.co.uk/nico-oreilly/profil/spieler/743413,GB1,Manchester City,70000000.0,70000000.0
743414,Lino,Sousa,Lino Sousa,2023,405,lino-sousa,Portugal,Lisboa  ,England,2005-01-19 00:00:00,Left-Back,Defender,left,185.0,2025-05-31 00:00:00,Jason Mac,https://img.a.transfermarkt.technology/portrait/header/743414-1675880809.jpg?lm=1,,,,https://www.transfermarkt.co.uk/lino-sousa/profil/spieler/743414,GB1,Aston Villa,2000000.0,2000000.0
743498,Wilson,Odobert,Wilson Odobert,2025,148,wilson-odobert,France,Meaux  ,France,2004-11-28 00:00:00,Left Winger,Attack,right,182.0,2029-06-30 00:00:00,,https://img.a.transfermarkt.technology/portrait/header/743498-1740605858.jpg?lm=1,16.0,4.0,,https://www.transfermarkt.co.uk/wilson-odobert/profil/spieler/743498,GB1,Tottenham Hotspur,18000000.0,22000000.0
743553,Evan,Easton,Evan Easton,2023,350,evan-easton,,,Scotland,2005-01-14 00:00:00,Centre-Back,Defender,both,189.0,2026-06-30 00:00:00,Deadline Day Soccer,https://img.a.transfermarkt.technology/portrait/header/default.jpg?lm=1,,,,https://www.transfermarkt.co.uk/evan-easton/profil/spieler/743553,GB1,Sheffield United,100000.0,100000.0
743591,,Savinho,Savinho,2025,281,savinho,Brazil,São Mateus  ,Brazil,2004-04-10 00:00:00,Left Winger,Attack,left,176.0,2031-06-30 00:00:00,Promanager,https://img.a.transfermarkt.technology/portrait/header/743591-1751367497.jpg?lm=1,13.0,1.0,,https://www.transfermarkt.co.uk/savinho/profil/spieler/743591,GB1,Manchester City,35000000.0,55000000.0
743600,Andrey,Santos,Andrey Santos,2025,631,andrey-santos,Brazil,Rio de Janeiro  ,Brazil,2004-05-03 00:00:00,Central Midfield,Midfield,right,180.0,2030-06-30 00:00:00,Bertolucci Sports,https://img.a.transfermarkt.technology/portrait/header/743600-1732576153.png?lm=1,6.0,0.0,,https://www.transfermarkt.co.uk/andrey-santos/profil/spieler/743600,GB1,Chelsea FC,40000000.0,45000000.0
744131,Lewis,Payne,Lewis Payne,2022,180,lewis-payne,,,England,2004-05-30 00:00:00,Right-Back,Defender,right,,2025-06-30 00:00:00,Unique Sports Group,https://img.a.transfermarkt.technology/portrait/header/default.jpg?lm=1,,,,https://www.transfermarkt.co.uk/lewis-payne/profil/spieler/744131,GB1,Southampton FC,200000.0,200000.0
744149,Adam,Wharton,Adam Wharton,2025,873,adam-wharton,England,Blackburn  ,England,2004-02-06 00:00:00,Defensive Midfield,Midfield,left,182.0,2029-06-30 00:00:00,OmniSports,https://img.a.transfermarkt.technology/portrait/header/744149-1716297290.jpg?lm=1,4.0,0.0,,https://www.transfermarkt.co.uk/adam-wharton/profil/spieler/744149,GB1,Crystal Palace,70000000.0,70000000.0
745181,Soungoutou,Magassa,Soungoutou Magassa,2025,379,soungoutou-magassa,France,Stains  ,France,2003-10-08 00:00:00,Defensive Midfield,Midfield,right,190.0,2031-06-30 00:00:00,,https://img.a.transfermarkt.technology/portrait/header/745181-1766482964.jpg?lm=1,3.0,0.0,,https://www.transfermarkt.co.uk/soungoutou-magassa/profil/spieler/745181,GB1,West Ham United,17000000.0,17000000.0
745452,Devan,Tanton,Devan Tanton,2023,931,devan-tanton,United States,"San Antonio, Texas  ",Colombia,2004-01-03 00:00:00,Right-Back,Defender,right,175.0,2025-05-31 00:00:00,CAA Stellar,https://img.a.transfermarkt.technology/portrait/header/745452-1701724987.jpg?lm=1,,,,https://www.transfermarkt.co.uk/devan-tanton/profil/spieler/745452,GB1,Fulham FC,250000.0,250000.0
745689,Luca,Barrington,Luca Barrington,2023,1237,luca-barrington,,,England,2004-12-12 00:00:00,Left Winger,Attack,right,,2025-05-31 00:00:00,,https://img.a.transfermarkt.technology/portrait/header/default.jpg?lm=1,,,,https://www.transfermarkt.co.uk/luca-barrington/profil/spieler/745689,GB1,Brighton & Hove Albion,150000.0,150000.0
745692,Joe,Snowdon,Joe Snowdon,2022,399,joe-snowdon,England,Oldham  ,England,2004-02-14 00:00:00,Central Midfield,Midfield,,,2024-06-30 00:00:00,GG Sports LTD,https://img.a.transfermarkt.technology/portrait/header/default.jpg?lm=1,,,,https://www.transfermarkt.co.uk/joe-snowdon/profil/spieler/745692,GB1,Leeds United,,
745716,Killian,Cahill,Killian Cahill,2024,1237,killian-cahill,Ireland,"Skyrne, Meath  ",Ireland,2003-11-03 00:00:00,Goalkeeper,Goalkeeper,right,182.0,2027-06-30 00:00:00,,https://img.a.transfermarkt.technology/portrait/header/745716-1724484504.jpg?lm=1,2.0,0.0,,https://www.transfermarkt.co.uk/killian-cahill/profil/spieler/745716,GB1,Brighton & Hove Albion,175000.0,175000.0
745846,Mauro,Bandeira,Mauro Bandeira,2023,11,mauro-bandeira,Portugal,Loures  ,Portugal,2003-11-18 00:00:00,Central Midfield,Midfield,right,178.0,,CAA Base Ltd,https://img.a.transfermarkt.technology/portrait/header/745846-1687305601.jpg?lm=1,,,,https://www.transfermarkt.co.uk/mauro-bandeira/profil/spieler/745846,GB1,Arsenal FC,200000.0,200000.0
745851,Sydie,Peck,Sydie Peck,2023,350,sydie-peck,,,England,2004-09-13 00:00:00,Central Midfield,Midfield,right,173.0,2028-06-30 00:00:00,CAA Base Ltd,https://img.a.transfermarkt.technology/portrait/header/745851-1709625549.jpg?lm=1,,,,https://www.transfermarkt.co.uk/sydie-peck/profil/spieler/745851,GB1,Sheffield United,200000.0,200000.0
746067,Kris,Moore,Kris Moore,2022,399,kris-moore,,,England,2003-11-13 00:00:00,Centre-Back,Defender,right,,2024-06-30 00:00:00,,https://img.a.transfermarkt.technology/portrait/header/default.jpg?lm=1,,,,https://www.transfermarkt.co.uk/kris-moore/profil/spieler/746067,GB1,Leeds United,,
746078,Billy,Fewster,Billy Fewster,2022,703,billy-fewster,England,Scarborough   ,England,2003-07-31 00:00:00,Central Midfield,Midfield,right,178.0,,Raps Management,https://img.a.transfermarkt.technology/portrait/header/default.jpg?lm=1,,,,https://www.transfermarkt.co.uk/billy-fewster/profil/spieler/746078,GB1,Nottingham Forest,150000.0,150000.0
746734,Kyron,Gordon,Kyron Gordon,2020,350,kyron-gordon,England,Sheffield  ,England,2002-05-24 00:00:00,Centre-Back,Defender,right,184.0,,,https://img.a.transfermarkt.technology/portrait/header/default.jpg?lm=1,,,,https://www.transfermarkt.co.uk/kyron-gordon/profil/spieler/746734,GB1,Sheffield United,250000.0,250000.0
746739,Andre,Brooks,Andre Brooks,2023,350,andre-brooks,England,Sheffield  ,England,2003-08-20 00:00:00,Central Midfield,Midfield,left,180.0,2027-06-30 00:00:00,CAA Base Ltd,https://img.a.transfermarkt.technology/portrait/header/746739-1693217657.jpg?lm=1,,,,https://www.transfermarkt.co.uk/andre-brooks/profil/spieler/746739,GB1,Sheffield United,2500000.0,2500000.0
746753,Frankie,Maguire,Frankie Maguire,2020,350,frankie-maguire,,,England,2003-07-29 00:00:00,Central Midfield,Midfield,,175.0,,CAA Stellar,https://img.a.transfermarkt.technology/portrait/header/default.jpg?lm=1,,,,https://www.transfermarkt.co.uk/frankie-maguire/profil/spieler/746753,GB1,Sheffield United,,
746777,Zak,Brunt,Zak Brunt,2020,350,zak-brunt,England,Chesterfield  ,England,2001-11-17 00:00:00,Central Midfield,Midfield,right,176.0,2023-05-31 00:00:00,,https://img.a.transfermarkt.technology/portrait/header/default.jpg?lm=1,,,,https://www.transfermarkt.co.uk/zak-brunt/profil/spieler/746777,GB1,Sheffield United,250000.0,250000.0
746778,Harry,Boyes,Harry Boyes,2020,350,harry-boyes,,,England,2001-11-02 00:00:00,Left-Back,Defender,left,,2023-05-31 00:00:00,CAA Base Ltd,https://img.a.transfermarkt.technology/portrait/header/default.jpg?lm=1,,,,https://www.transfermarkt.co.uk/harry-boyes/profil/spieler/746778,GB1,Sheffield United,250000.0,250000.0
746833,Caleb,Wiley,Caleb Wiley,2025,631,caleb-wiley,United States,"Atlanta, Georgia  ",United States,2004-12-22 00:00:00,Left-Back,Defender,left,180.0,2030-06-30 00:00:00,,https://img.a.transfermarkt.technology/portrait/header/746833-1732575786.png?lm=1,3.0,0.0,,https://www.transfermarkt.co.uk/caleb-wiley/profil/spieler/746833,GB1,Chelsea FC,8000000.0,8000000.0
747009,Justin,Devenny,Justin Devenny,2025,873,justin-devenny,Scotland,Irvine  ,Northern Ireland,2003-10-11 00:00:00,Attacking Midfield,Midfield,left,184.0,2027-06-30 00:00:00,,https://img.a.transfermarkt.technology/portrait/header/747009-1736159687.jpg?lm=1,14.0,1.0,,https://www.transfermarkt.co.uk/justin-devenny/profil/spieler/747009,GB1,Crystal Palace,12000000.0,12000000.0
747153,Dan,Gore,Dan Gore,2024,985,dan-gore,England,Prestwich  ,England,2004-09-26 00:00:00,Central Midfield,Midfield,right,170.0,2026-05-31 00:00:00,CAA Stellar,https://img.a.transfermarkt.technology/portrait/header/747153-1693217936.jpg?lm=1,2.0,0.0,,https://www.transfermarkt.co.uk/dan-gore/profil/spieler/747153,GB1,Manchester United,900000.0,900000.0
747598,Elijah,Campbell,Elijah Campbell,2025,29,elijah-campbell,England,Manchester  ,England,2004-08-02 00:00:00,Centre-Back,Defender,left,186.0,2027-06-30 00:00:00,Two Touch Agency,https://img.a.transfermarkt.technology/portrait/header/747598-1748629652.jpg?lm=1,4.0,0.0,,https://www.transfermarkt.co.uk/elijah-campbell/profil/spieler/747598,GB1,Everton FC,200000.0,200000.0
747950,Alfie,McNally,Alfie McNally,2025,931,alfie-mcnally,England,London  ,England,2004-12-22 00:00:00,Goalkeeper,Goalkeeper,,,2028-06-30 00:00:00,Roc Nation Sports,https://img.a.transfermarkt.technology/portrait/header/747950-1775549784.jpg?lm=1,,,,https://www.transfermarkt.co.uk/alfie-mcnally/profil/spieler/747950,GB1,Fulham FC,,
747951,Shea,Charles,Shea Charles,2025,180,shea-charles,England,Manchester  ,Northern Ireland,2003-11-05 00:00:00,Defensive Midfield,Midfield,right,189.0,2027-06-30 00:00:00,,https://img.a.transfermarkt.technology/portrait/header/747951-1709112622.jpg?lm=1,35.0,1.0,5674.0,https://www.transfermarkt.co.uk/shea-charles/profil/spieler/747951,GB1,Southampton FC,15000000.0,15000000.0
747996,Val,Adedokun,Val Adedokun,2023,1148,val-adedokun,Ireland,Dublin  ,Ireland,2003-02-14 00:00:00,Left-Back,Defender,left,,2026-06-30 00:00:00,FFP,https://img.a.transfermarkt.technology/portrait/header/default.jpg?lm=1,,,,https://www.transfermarkt.co.uk/val-adedokun/profil/spieler/747996,GB1,Brentford FC,150000.0,150000.0
748319,Carlos,Alcaraz,Carlos Alcaraz,2025,29,carlos-alcaraz,Argentina,La Plata  ,Argentina,2002-11-30 00:00:00,Central Midfield,Midfield,right,176.0,2027-06-30 00:00:00,,https://img.a.transfermarkt.technology/portrait/header/748319-1694617058.jpg?lm=1,0.0,0.0,,https://www.transfermarkt.co.uk/carlos-alcaraz/profil/spieler/748319,GB1,Everton FC,15000000.0,15000000.0
751666,Ty,Barnett,Ty Barnett,2023,543,ty-barnett,England,Birmingham  ,England,2005-07-19 00:00:00,Left Winger,Attack,,,2026-06-30 00:00:00,Unique Sports Group,https://img.a.transfermarkt.technology/portrait/header/751666-1713863363.jpg?lm=1,,,,https://www.transfermarkt.co.uk/ty-barnett/profil/spieler/751666,GB1,Wolverhampton Wanderers,150000.0,150000.0
756591,Samy,Chouchane,Samy Chouchane,2023,1237,samy-chouchane,France,Paris  ,Tunisia,2003-09-05 00:00:00,Central Midfield,Midfield,right,180.0,2025-05-31 00:00:00,SPOCS Global Sports,https://img.a.transfermarkt.technology/portrait/header/756591-1698351462.jpg?lm=1,,,,https://www.transfermarkt.co.uk/samy-chouchane/profil/spieler/756591,GB1,Brighton & Hove Albion,250000.0,250000.0
763079,Abdukodir,Khusanov,Abdukodir Khusanov,2025,281,abdukodir-khusanov,Uzbekistan,Tashkent  ,Uzbekistan,2004-02-29 00:00:00,Centre-Back,Defender,right,186.0,2029-06-30 00:00:00,Football Group LLC,https://img.a.transfermarkt.technology/portrait/header/763079-1740493347.jpg?lm=1,30.0,0.0,,https://www.transfermarkt.co.uk/abdukodir-khusanov/profil/spieler/763079,GB1,Manchester City,50000000.0,50000000.0
777308,Zain,Silcott-Duberry,Zain Silcott-Duberry,2024,989,zain-silcott-duberry,England,London  ,England,2005-07-09 00:00:00,Left Midfield,Midfield,right,177.0,,BTS,https://img.a.transfermarkt.technology/portrait/header/777308-1734219287.jpg?lm=1,1.0,0.0,,https://www.transfermarkt.co.uk/zain-silcott-duberry/profil/spieler/777308,GB1,AFC Bournemouth,200000.0,200000.0
788283,Bobby,Thomas,Bobby Thomas,2021,1132,bobby-thomas,England,Chester  ,England,2001-01-30 00:00:00,Centre-Back,Defender,right,186.0,2023-05-31 00:00:00,,https://img.a.transfermarkt.technology/portrait/header/default.jpg?lm=1,,,,https://www.transfermarkt.co.uk/bobby-thomas/profil/spieler/788283,GB1,Burnley FC,2000000.0,2000000.0
790992,Alfie,Gilchrist,Alfie Gilchrist,2023,631,alfie-gilchrist,England,London  ,England,2003-11-28 00:00:00,Centre-Back,Defender,right,183.0,2025-05-31 00:00:00,,https://img.a.transfermarkt.technology/portrait/header/790992-1687304493.jpg?lm=1,,,,https://www.transfermarkt.co.uk/alfie-gilchrist/profil/spieler/790992,GB1,Chelsea FC,5000000.0,5000000.0
794816,Rhys,Bennett,Rhys Bennett,2023,985,rhys-bennett,England,Denton  ,England,2003-10-30 00:00:00,Centre-Back,Defender,right,187.0,2025-05-31 00:00:00,Unique Sports Group,https://img.a.transfermarkt.technology/portrait/header/default.jpg?lm=1,,,,https://www.transfermarkt.co.uk/rhys-bennett/profil/spieler/794816,GB1,Manchester United,,
796024,Jack,Henry-Francis,Jack Henry-Francis,2024,11,jack-henry-francis,England,London  ,Ireland,2003-09-23 00:00:00,Defensive Midfield,Midfield,right,181.0,2027-11-30 00:00:00,,https://img.a.transfermarkt.technology/portrait/header/796024-1746640135.jpg?lm=1,1.0,0.0,,https://www.transfermarkt.co.uk/jack-henry-francis/profil/spieler/796024,GB1,Arsenal FC,200000.0,200000.0
796298,Calum,Scanlon,Calum Scanlon,2023,31,calum-scanlon,England,Birmingham  ,England,2005-02-14 00:00:00,Left-Back,Defender,,,2025-05-31 00:00:00,,https://img.a.transfermarkt.technology/portrait/header/796298-1698353700.jpg?lm=1,,,,https://www.transfermarkt.co.uk/calum-scanlon/profil/spieler/796298,GB1,Liverpool FC,700000.0,700000.0
796299,Billy,Gee,Billy Gee,2023,631,billy-gee,England,London  ,England,2005-07-30 00:00:00,Centre-Back,Defender,right,,2025-06-30 00:00:00,Roc Nation Sports,https://img.a.transfermarkt.technology/portrait/header/default.jpg?lm=1,,,,https://www.transfermarkt.co.uk/billy-gee/profil/spieler/796299,GB1,Chelsea FC,250000.0,250000.0
796302,Owen,Barker,Owen Barker,2024,29,owen-barker,England,Bolton  ,England,2005-02-23 00:00:00,Attacking Midfield,Midfield,right,173.0,2026-06-30 00:00:00,,https://img.a.transfermarkt.technology/portrait/header/default.jpg?lm=1,1.0,0.0,,https://www.transfermarkt.co.uk/owen-barker/profil/spieler/796302,GB1,Everton FC,,
796303,Leo,Castledine,Leo Castledine,2023,631,leo-castledine,England,London  ,England,2005-08-20 00:00:00,Attacking Midfield,Midfield,right,175.0,2025-05-31 00:00:00,KIN Partners,https://img.a.transfermarkt.technology/portrait/header/796303-1667402332.jpg?lm=1,,,,https://www.transfermarkt.co.uk/leo-castledine/profil/spieler/796303,GB1,Chelsea FC,900000.0,900000.0
797679,Aaron,Keto-Diyawa,Aaron Keto-Diyawa,2023,543,aaron-keto-diyawa,,,England,2003-09-11 00:00:00,Left-Back,Defender,,,2025-06-30 00:00:00,,https://img.a.transfermarkt.technology/portrait/header/default.jpg?lm=1,,,,https://www.transfermarkt.co.uk/aaron-keto-diyawa/profil/spieler/797679,GB1,Wolverhampton Wanderers,200000.0,200000.0
800176,,André,André,2025,543,andre,Brazil,Ibirataia  ,Brazil,2001-07-16 00:00:00,Defensive Midfield,Midfield,right,176.0,2030-06-30 00:00:00,Carlos Leite,https://img.a.transfermarkt.technology/portrait/header/800176-1699348390.jpg?lm=1,13.0,0.0,,https://www.transfermarkt.co.uk/andre/profil/spieler/800176,GB1,Wolverhampton Wanderers,25000000.0,28000000.0
801005,Stanley,Mills,Stanley Mills,2022,29,stanley-mills,,,England,2003-10-25 00:00:00,Right Winger,Attack,,180.0,2025-06-30 00:00:00,Wasserman,https://img.a.transfermarkt.technology/portrait/header/default.jpg?lm=1,,,,https://www.transfermarkt.co.uk/stanley-mills/profil/spieler/801005,GB1,Everton FC,150000.0,150000.0
801426,Tommy,Conway,Tommy Conway,2025,641,tommy-conway,England,Taunton  ,Scotland,2002-08-06 00:00:00,Centre-Forward,Attack,right,185.0,2028-06-30 00:00:00,Unique Sports Group,https://img.a.transfermarkt.technology/portrait/header/801426-1678973877.jpg?lm=1,8.0,0.0,3380.0,https://www.transfermarkt.co.uk/tommy-conway/profil/spieler/801426,GB1,Middlesbrough FC,14000000.0,14000000.0
801472,Zak,Sturge,Zak Sturge,2023,631,zak-sturge,England,London  ,England,2004-06-15 00:00:00,Left-Back,Defender,left,,2025-06-30 00:00:00,Sporting Talent,https://img.a.transfermarkt.technology/portrait/header/default.jpg?lm=1,,,,https://www.transfermarkt.co.uk/zak-sturge/profil/spieler/801472,GB1,Chelsea FC,250000.0,250000.0
801474,Ben,Jackson,Ben Jackson,2023,1237,ben-jackson,,,England,2003-09-03 00:00:00,Centre-Back,Defender,,190.0,2025-05-31 00:00:00,TMUS Sports,https://img.a.transfermarkt.technology/portrait/header/default.jpg?lm=1,,,,https://www.transfermarkt.co.uk/ben-jackson/profil/spieler/801474,GB1,Brighton & Hove Albion,200000.0,200000.0
801734,Mathys,Tel,Mathys Tel,2025,148,mathys-tel,France,Sarcelles  ,France,2005-04-27 00:00:00,Centre-Forward,Attack,right,183.0,2031-06-30 00:00:00,,https://img.a.transfermarkt.technology/portrait/header/801734-1700040486.jpg?lm=1,20.0,12.0,,https://www.transfermarkt.co.uk/mathys-tel/profil/spieler/801734,GB1,Tottenham Hotspur,22000000.0,50000000.0
801989,Tammer,Bany,Tammer Bany,2025,984,tammer-bany,Denmark,København  ,Jordan,2003-10-19 00:00:00,Centre-Forward,Attack,right,181.0,2028-06-30 00:00:00,,https://img.a.transfermarkt.technology/portrait/header/801989-1735077311.png?lm=1,1.0,0.0,15737.0,https://www.transfermarkt.co.uk/tammer-bany/profil/spieler/801989,GB1,West Bromwich Albion,250000.0,500000.0
802230,Aidan,Francis-Clarke,Aidan Francis-Clarke,2023,1031,aidan-francis-clarke,,,England,2004-07-02 00:00:00,Centre-Back,Defender,right,181.0,,Two Touch Agency,https://img.a.transfermarkt.technology/portrait/header/default.jpg?lm=1,,,,https://www.transfermarkt.co.uk/aidan-francis-clarke/profil/spieler/802230,GB1,Luton Town,,
807318,Ryan,Finnigan,Ryan Finnigan,2022,180,ryan-finnigan,,,,2003-09-23 00:00:00,Central Midfield,Midfield,,,2023-06-30 00:00:00,CAA Stellar,https://img.a.transfermarkt.technology/portrait/header/default.jpg?lm=1,,,,https://www.transfermarkt.co.uk/ryan-finnigan/profil/spieler/807318,GB1,Southampton FC,250000.0,250000.0
811779,Alejandro,Garnacho,Alejandro Garnacho,2025,631,alejandro-garnacho,Spain,Madrid  ,Argentina,2004-07-01 00:00:00,Left Winger,Attack,right,180.0,2032-06-30 00:00:00,#LEADERS,https://img.a.transfermarkt.technology/portrait/header/811779-1703629085.jpg?lm=1,8.0,0.0,,https://www.transfermarkt.co.uk/alejandro-garnacho/profil/spieler/811779,GB1,Chelsea FC,28000000.0,50000000.0
813142,Temple,Ojinnaka,Temple Ojinnaka,2025,543,temple-ojinnaka,Italy,Venezia  ,Italy,2005-03-30 00:00:00,Centre-Back,Defender,right,191.0,,,https://img.a.transfermarkt.technology/portrait/header/813142-1728584909.png?lm=1,,,,https://www.transfermarkt.co.uk/temple-ojinnaka/profil/spieler/813142,GB1,Wolverhampton Wanderers,,
814522,Taylor-Jay,Hart,Taylor-Jay Hart,2020,405,taylor-jay-hart,,,England,2003-12-18 00:00:00,Defensive Midfield,Midfield,right,179.0,,,https://img.a.transfermarkt.technology/portrait/header/default.jpg?lm=1,,,,https://www.transfermarkt.co.uk/taylor-jay-hart/profil/spieler/814522,GB1,Aston Villa,,
814524,Joe,Wormleighton,Joe Wormleighton,2022,1003,joe-wormleighton,,,,2003-12-30 00:00:00,Right-Back,Defender,right,178.0,,FA Sport,https://img.a.transfermarkt.technology/portrait/header/default.jpg?lm=1,,,,https://www.transfermarkt.co.uk/joe-wormleighton/profil/spieler/814524,GB1,Leicester City,100000.0,100000.0
814811,Jack,Wells-Morrison,Jack Wells-Morrison,2023,873,jack-wells-morrison,,,England,2004-02-18 00:00:00,Central Midfield,Midfield,left,180.0,,Straight Ace Sports,https://img.a.transfermarkt.technology/portrait/header/default.jpg?lm=1,,,,https://www.transfermarkt.co.uk/jack-wells-morrison/profil/spieler/814811,GB1,Crystal Palace,250000.0,300000.0
816124,Noha,Lemina,Noha Lemina,2023,543,noha-lemina,Gabon,Libreville  ,Gabon,2005-06-17 00:00:00,Attacking Midfield,Midfield,right,168.0,2027-06-30 00:00:00,BMVP,https://img.a.transfermarkt.technology/portrait/header/816124-1665498555.jpg?lm=1,,,,https://www.transfermarkt.co.uk/noha-lemina/profil/spieler/816124,GB1,Wolverhampton Wanderers,500000.0,500000.0
817611,Matt,Dibley-Dias,Matt Dibley-Dias,2023,931,matt-dibley-dias,New Zealand,Lower Hutt  ,New Zealand,2003-10-29 00:00:00,Central Midfield,Midfield,right,183.0,2025-05-31 00:00:00,Footwork,https://img.a.transfermarkt.technology/portrait/header/817611-1686496044.jpg?lm=1,,,,https://www.transfermarkt.co.uk/matt-dibley-dias/profil/spieler/817611,GB1,Fulham FC,500000.0,500000.0
817612,Luke,Harris,Luke Harris,2025,931,luke-harris,Jersey,Jersey  ,Wales,2005-03-04 00:00:00,Attacking Midfield,Midfield,right,177.0,2027-06-30 00:00:00,CAA Stellar,https://img.a.transfermarkt.technology/portrait/header/817612-1657802332.jpg?lm=1,11.0,1.0,,https://www.transfermarkt.co.uk/luke-harris/profil/spieler/817612,GB1,Fulham FC,900000.0,1000000.0
817665,,Pablo,Pablo,2025,379,pablo,Portugal,Braga  ,Brazil,2004-01-02 00:00:00,Centre-Forward,Attack,right,184.0,2030-06-30 00:00:00,Gestifute,https://img.a.transfermarkt.technology/portrait/header/817665-1767624687.jpg?lm=1,,,,https://www.transfermarkt.co.uk/pablo/profil/spieler/817665,GB1,West Ham United,18000000.0,18000000.0
818237,Tommi,O'Reilly,Tommi O'Reilly,2023,405,tommi-oreilly,England,Birmingham  ,England,2003-12-15 00:00:00,Attacking Midfield,Midfield,left,170.0,2025-05-31 00:00:00,ARETÉ,https://img.a.transfermarkt.technology/portrait/header/default.jpg?lm=1,,,,https://www.transfermarkt.co.uk/tommi-oreilly/profil/spieler/818237,GB1,Aston Villa,200000.0,200000.0
820374,Kobbie,Mainoo,Kobbie Mainoo,2025,985,kobbie-mainoo,England,Stockport  ,England,2005-04-19 00:00:00,Central Midfield,Midfield,right,184.0,2031-06-30 00:00:00,CAA Stellar,https://img.a.transfermarkt.technology/portrait/header/820374-1719349758.jpg?lm=1,14.0,0.0,,https://www.transfermarkt.co.uk/kobbie-mainoo/profil/spieler/820374,GB1,Manchester United,70000000.0,70000000.0
821522,Alfie,Pond,Alfie Pond,2025,543,alfie-pond,England,Exeter  ,England,2004-02-17 00:00:00,Centre-Back,Defender,right,191.0,2028-06-30 00:00:00,,https://img.a.transfermarkt.technology/portrait/header/821522-1669124307.jpg?lm=1,,,,https://www.transfermarkt.co.uk/alfie-pond/profil/spieler/821522,GB1,Wolverhampton Wanderers,200000.0,250000.0
823231,Dango,Ouattara,Dango Ouattara,2025,1148,dango-ouattara,Burkina Faso,Ouagadougou  ,Burkina Faso,2002-02-11 00:00:00,Right Winger,Attack,left,177.0,2030-06-30 00:00:00,PSM,https://img.a.transfermarkt.technology/portrait/header/823231-1737452292.jpg?lm=1,40.0,12.0,,https://www.transfermarkt.co.uk/dango-ouattara/profil/spieler/823231,GB1,Brentford FC,35000000.0,35000000.0
823486,Michael,Kayode,Michael Kayode,2025,1148,michael-kayode,Italy,Borgomanero  ,Italy,2004-07-10 00:00:00,Right-Back,Defender,right,179.0,2032-06-30 00:00:00,,https://img.a.transfermarkt.technology/portrait/header/823486-1725531169.jpg?lm=1,10.0,0.0,,https://www.transfermarkt.co.uk/michael-kayode/profil/spieler/823486,GB1,Brentford FC,40000000.0,40000000.0
825024,Ronnie,Stutter,Ronnie Stutter,2023,631,ronnie-stutter,England,London  ,England,2005-01-06 00:00:00,Centre-Forward,Attack,,,2026-06-30 00:00:00,CAA Base Ltd,https://img.a.transfermarkt.technology/portrait/header/825024-1708346828.jpg?lm=1,,,,https://www.transfermarkt.co.uk/ronnie-stutter/profil/spieler/825024,GB1,Chelsea FC,200000.0,200000.0
827435,Max,Merrick,Max Merrick,2025,631,max-merrick,England,High Wycombe  ,England,2005-11-10 00:00:00,Goalkeeper,Goalkeeper,,,2028-06-30 00:00:00,Conquest SM,https://img.a.transfermarkt.technology/portrait/header/827435-1731016792.jpg?lm=1,2.0,0.0,,https://www.transfermarkt.co.uk/max-merrick/profil/spieler/827435,GB1,Chelsea FC,,
829299,Max,Weiß,Max Weiß,2025,1132,max-weiss,Germany,Speyer  ,Germany,2004-06-15 00:00:00,Goalkeeper,Goalkeeper,right,190.0,2029-06-30 00:00:00,,https://img.a.transfermarkt.technology/portrait/header/829299-1721465999.jpg?lm=1,0.0,0.0,,https://www.transfermarkt.co.uk/max-weiss/profil/spieler/829299,GB1,Burnley FC,4000000.0,4000000.0
837334,Joel,Colwill,Joel Colwill,2025,603,joel-colwill,Wales,Neath  ,Wales,2004-10-27 00:00:00,Attacking Midfield,Midfield,right,178.0,2028-06-30 00:00:00,Unique Sports Group,https://img.a.transfermarkt.technology/portrait/header/837334-1756146657.jpg?lm=1,2.0,0.0,3864.0,https://www.transfermarkt.co.uk/joel-colwill/profil/spieler/837334,GB1,Cardiff City,900000.0,900000.0
838367,James,Storer,James Storer,2021,543,james-storer,England,Buxton  ,Ireland,2004-10-04 00:00:00,Goalkeeper,Goalkeeper,,196.0,,451 FC,https://img.a.transfermarkt.technology/portrait/header/default.jpg?lm=1,,,,https://www.transfermarkt.co.uk/james-storer/profil/spieler/838367,GB1,Wolverhampton Wanderers,,
840640,Sammy,Braybrooke,Sammy Braybrooke,2024,1003,sammy-braybrooke,England,Leicester  ,England,2004-03-12 00:00:00,Defensive Midfield,Midfield,right,178.0,2026-05-31 00:00:00,SEG,https://img.a.transfermarkt.technology/portrait/header/840640-1748198130.jpg?lm=1,5.0,0.0,,https://www.transfermarkt.co.uk/sammy-braybrooke/profil/spieler/840640,GB1,Leicester City,250000.0,250000.0
842341,Maxime,Estève,Maxime Estève,2025,1132,maxime-esteve,France,Montpellier  ,France,2002-05-26 00:00:00,Centre-Back,Defender,left,193.0,2030-06-30 00:00:00,DWMA,https://img.a.transfermarkt.technology/portrait/header/842341-1767956558.jpg?lm=1,1.0,0.0,,https://www.transfermarkt.co.uk/maxime-esteve/profil/spieler/842341,GB1,Burnley FC,28000000.0,28000000.0
843595,Max,Alleyne,Max Alleyne,2025,281,max-alleyne,England,Bristol  ,England,2005-07-21 00:00:00,Centre-Back,Defender,both,185.0,2030-06-30 00:00:00,ROOF,https://img.a.transfermarkt.technology/portrait/header/843595-1773301916.jpg?lm=1,5.0,0.0,,https://www.transfermarkt.co.uk/max-alleyne/profil/spieler/843595,GB1,Manchester City,8000000.0,8000000.0
843597,Louie,Copley,Louie Copley,2025,11,louie-copley,England,Southend  ,England,2006-10-20 00:00:00,Central Midfield,Midfield,right,184.0,,CAA Base Ltd,https://img.a.transfermarkt.technology/portrait/header/843597-1759837752.jpg?lm=1,,,,https://www.transfermarkt.co.uk/louie-copley/profil/spieler/843597,GB1,Arsenal FC,,
845289,James,McConnell,James McConnell,2025,31,james-mcconnell,England,Morpeth  ,England,2004-09-13 00:00:00,Defensive Midfield,Midfield,right,180.0,2030-06-30 00:00:00,CAA Base Ltd,https://img.a.transfermarkt.technology/portrait/header/845289-1698353591.jpg?lm=1,2.0,0.0,,https://www.transfermarkt.co.uk/james-mcconnell/profil/spieler/845289,GB1,Liverpool FC,2000000.0,2000000.0
845321,Kaelan,Casey,Kaelan Casey,2024,379,kaelan-casey,,,England,2004-10-28 00:00:00,Centre-Back,Defender,right,185.0,2026-06-30 00:00:00,CAA Base Ltd,https://img.a.transfermarkt.technology/portrait/header/845321-1709883861.jpg?lm=1,8.0,0.0,,https://www.transfermarkt.co.uk/kaelan-casey/profil/spieler/845321,GB1,West Ham United,1000000.0,1000000.0
845717,Regan,Clayton,Regan Clayton,2022,379,regan-clayton,,,England,2004-11-11 00:00:00,Left-Back,Defender,left,,2024-06-30 00:00:00,KIN Partners,https://img.a.transfermarkt.technology/portrait/header/default.jpg?lm=1,,,,https://www.transfermarkt.co.uk/regan-clayton/profil/spieler/845717,GB1,West Ham United,150000.0,150000.0
845723,Finley,Munroe,Finley Munroe,2023,405,finley-munroe,,,England,2005-02-08 00:00:00,Centre-Back,Defender,left,,2025-06-30 00:00:00,,https://img.a.transfermarkt.technology/portrait/header/845723-1713472369.jpg?lm=1,,,,https://www.transfermarkt.co.uk/finley-munroe/profil/spieler/845723,GB1,Aston Villa,100000.0,100000.0
845809,Lewis,Orford,Lewis Orford,2025,379,lewis-orford,England,London  ,England,2006-02-18 00:00:00,Central Midfield,Midfield,right,182.0,2029-06-30 00:00:00,Two Touch Agency,https://img.a.transfermarkt.technology/portrait/header/845809-1709883922.jpg?lm=1,3.0,0.0,,https://www.transfermarkt.co.uk/lewis-orford/profil/spieler/845809,GB1,West Ham United,300000.0,400000.0
847579,Isaac,Heath,Isaac Heath,2024,29,isaac-heath,England,Leeds  ,England,2004-10-28 00:00:00,Left Winger,Attack,right,173.0,2026-05-31 00:00:00,CAA Base Ltd,https://img.a.transfermarkt.technology/portrait/header/847579-1756755293.jpg?lm=1,,,,https://www.transfermarkt.co.uk/isaac-heath/profil/spieler/847579,GB1,Everton FC,,
848437,Harrison,Dudziak,Harrison Dudziak,2025,11,harrison-dudziak,England,London  ,England,2006-01-09 00:00:00,Attacking Midfield,Midfield,right,178.0,,World in Motion,https://img.a.transfermarkt.technology/portrait/header/848437-1759837867.jpg?lm=1,,,,https://www.transfermarkt.co.uk/harrison-dudziak/profil/spieler/848437,GB1,Arsenal FC,,
848439,Finlay,Herrick,Finlay Herrick,2025,379,finlay-herrick,England,Hatfield  ,England,2006-01-18 00:00:00,Goalkeeper,Goalkeeper,,187.0,2028-06-30 00:00:00,Two Touch Agency,https://img.a.transfermarkt.technology/portrait/header/848439-1748629892.jpg?lm=1,2.0,0.0,,https://www.transfermarkt.co.uk/finlay-herrick/profil/spieler/848439,GB1,West Ham United,,
848509,Jackson,Tchatchoua,Jackson Tchatchoua,2025,543,jackson-tchatchoua,Belgium,Ixelles   ,Cameroon,2001-09-14 00:00:00,Right-Back,Defender,right,180.0,2030-06-30 00:00:00,DWMA,https://img.a.transfermarkt.technology/portrait/header/848509-1725529771.jpg?lm=1,15.0,0.0,,https://www.transfermarkt.co.uk/jackson-tchatchoua/profil/spieler/848509,GB1,Wolverhampton Wanderers,12000000.0,12000000.0
848753,Tommy,Setford,Tommy Setford,2025,11,tommy-setford,Netherlands,Haarlem  ,England,2006-03-13 00:00:00,Goalkeeper,Goalkeeper,right,185.0,2028-06-30 00:00:00,PUM,https://img.a.transfermarkt.technology/portrait/header/848753-1743155873.jpg?lm=1,3.0,0.0,,https://www.transfermarkt.co.uk/tommy-setford/profil/spieler/848753,GB1,Arsenal FC,500000.0,500000.0
852517,Shaqai,Forde,Shaqai Forde,2021,1010,shaqai-forde,England,Watford  ,England,2004-05-05 00:00:00,Centre-Forward,Attack,right,174.0,2023-05-31 00:00:00,,https://img.a.transfermarkt.technology/portrait/header/default.jpg?lm=1,,,,https://www.transfermarkt.co.uk/shaqai-forde/profil/spieler/852517,GB1,Watford FC,,
854689,Jack,Hinchy,Jack Hinchy,2023,1237,jack-hinchy,,,England,2003-01-30 00:00:00,Central Midfield,Midfield,,,2026-06-30 00:00:00,,https://img.a.transfermarkt.technology/portrait/header/default.jpg?lm=1,,,,https://www.transfermarkt.co.uk/jack-hinchy/profil/spieler/854689,GB1,Brighton & Hove Albion,150000.0,150000.0
854708,Ferdinand,Okoh,Ferdinand Okoh,2022,989,ferdinand-okoh,England,London  ,England,2004-06-03 00:00:00,Attacking Midfield,Midfield,,,,Unique Sports Group,https://img.a.transfermarkt.technology/portrait/header/default.jpg?lm=1,,,,https://www.transfermarkt.co.uk/ferdinand-okoh/profil/spieler/854708,GB1,AFC Bournemouth,100000.0,100000.0
854721,Ben,Winterburn,Ben Winterburn,2025,989,ben-winterburn,,,England,2004-09-04 00:00:00,Defensive Midfield,Midfield,right,185.0,2027-06-30 00:00:00,,https://img.a.transfermarkt.technology/portrait/header/854721-1746642717.jpg?lm=1,,,,https://www.transfermarkt.co.uk/ben-winterburn/profil/spieler/854721,GB1,AFC Bournemouth,450000.0,500000.0
854722,Michael,Dacosta González,Michael Dacosta González,2023,989,michael-dacosta-gonzalez,Spain,Alicante  ,Spain,2005-03-05 00:00:00,Right Winger,Attack,left,186.0,2025-05-31 00:00:00,Two Touch Agency,https://img.a.transfermarkt.technology/portrait/header/default.jpg?lm=1,,,,https://www.transfermarkt.co.uk/michael-dacosta-gonzalez/profil/spieler/854722,GB1,AFC Bournemouth,,
854930,Jacob,Slater,Jacob Slater,2024,1237,jacob-slater,,,Ireland,2004-10-05 00:00:00,Left-Back,Defender,left,182.0,2026-05-31 00:00:00,,https://img.a.transfermarkt.technology/portrait/header/854930-1746643658.jpg?lm=1,7.0,0.0,,https://www.transfermarkt.co.uk/jacob-slater/profil/spieler/854930,GB1,Brighton & Hove Albion,175000.0,200000.0
855087,Chris,Francis,Chris Francis,2022,989,chris-francis,,,England,2002-11-15 00:00:00,Centre-Back,Defender,,,,Volenti,https://img.a.transfermarkt.technology/portrait/header/default.jpg?lm=1,,,,https://www.transfermarkt.co.uk/chris-francis/profil/spieler/855087,GB1,AFC Bournemouth,100000.0,100000.0
855256,Alex,Scott,Alex Scott,2025,989,alex-scott,Guernsey,Guernsey  ,England,2003-08-21 00:00:00,Central Midfield,Midfield,right,178.0,2028-06-30 00:00:00,,https://img.a.transfermarkt.technology/portrait/header/855256-1656922605.jpg?lm=1,0.0,0.0,,https://www.transfermarkt.co.uk/alex-scott/profil/spieler/855256,GB1,AFC Bournemouth,50000000.0,50000000.0
855282,Aaron,Bott,Aaron Bott,2025,703,aaron-bott,,,England,2004-09-06 00:00:00,Goalkeeper,Goalkeeper,right,188.0,2027-06-30 00:00:00,World in Motion,https://img.a.transfermarkt.technology/portrait/header/default.jpg?lm=1,,,,https://www.transfermarkt.co.uk/aaron-bott/profil/spieler/855282,GB1,Nottingham Forest,,
855890,Jenson,Metcalfe,Jenson Metcalfe,2024,29,jenson-metcalfe,England,Wigan  ,England,2004-09-06 00:00:00,Central Midfield,Midfield,right,183.0,2028-06-30 00:00:00,Unique Sports Group,https://img.a.transfermarkt.technology/portrait/header/855890-1759090935.jpg?lm=1,,,,https://www.transfermarkt.co.uk/jenson-metcalfe/profil/spieler/855890,GB1,Everton FC,200000.0,200000.0
856479,Roman,Dixon,Roman Dixon,2024,29,roman-dixon,England,Stafford  ,England,2004-12-26 00:00:00,Right-Back,Defender,right,175.0,2026-05-31 00:00:00,,https://img.a.transfermarkt.technology/portrait/header/856479-1747220408.jpg?lm=1,2.0,0.0,,https://www.transfermarkt.co.uk/roman-dixon/profil/spieler/856479,GB1,Everton FC,150000.0,200000.0
857792,Ted,Curd,Ted Curd,2025,631,ted-curd,England,London  ,England,2006-02-14 00:00:00,Goalkeeper,Goalkeeper,right,190.0,2028-06-30 00:00:00,,https://img.a.transfermarkt.technology/portrait/header/857792-1746640571.jpg?lm=1,0.0,0.0,,https://www.transfermarkt.co.uk/ted-curd/profil/spieler/857792,GB1,Chelsea FC,,
858191,Louis,Jackson,Louis Jackson,2023,985,louis-jackson,England,Oldham  ,Scotland,2005-09-18 00:00:00,Centre-Back,Defender,,,,,https://img.a.transfermarkt.technology/portrait/header/858191-1714055946.jpg?lm=1,,,,https://www.transfermarkt.co.uk/louis-jackson/profil/spieler/858191,GB1,Manchester United,,
859951,Ashley,Phillips,Ashley Phillips,2025,148,ashley-phillips,England,Salford  ,England,2005-06-26 00:00:00,Centre-Back,Defender,right,196.0,2028-06-30 00:00:00,THE·TEAM,https://img.a.transfermarkt.technology/portrait/header/859951-1666873624.jpg?lm=1,5.0,0.0,,https://www.transfermarkt.co.uk/ashley-phillips/profil/spieler/859951,GB1,Tottenham Hotspur,7000000.0,7000000.0
860078,Kaden,Rodney,Kaden Rodney,2025,873,kaden-rodney,England,Lambeth  ,England,2004-10-07 00:00:00,Defensive Midfield,Midfield,right,189.0,,ROOF,https://img.a.transfermarkt.technology/portrait/header/860078-1737712510.jpg?lm=1,3.0,0.0,,https://www.transfermarkt.co.uk/kaden-rodney/profil/spieler/860078,GB1,Crystal Palace,200000.0,250000.0
861577,Tommy,Pilling,Tommy Pilling,2025,31,tommy-pilling,England,St Helens  ,England,2004-09-14 00:00:00,Central Midfield,Midfield,,,,,https://img.a.transfermarkt.technology/portrait/header/default.jpg?lm=1,,,,https://www.transfermarkt.co.uk/tommy-pilling/profil/spieler/861577,GB1,Liverpool FC,,
862109,Danny,Imray,Danny Imray,2025,873,danny-imray,England,London  ,England,2003-07-27 00:00:00,Right-Back,Defender,right,178.0,,CAA Stellar,https://img.a.transfermarkt.technology/portrait/header/862109-1752910705.jpg?lm=1,,,,https://www.transfermarkt.co.uk/danny-imray/profil/spieler/862109,GB1,Crystal Palace,,
863741,Nathan,Fraser,Nathan Fraser,2025,543,nathan-fraser,England,Wolverhampton  ,Ireland,2005-02-22 00:00:00,Centre-Forward,Attack,right,188.0,2028-06-30 00:00:00,,https://img.a.transfermarkt.technology/portrait/header/863741-1706825593.jpg?lm=1,4.0,1.0,,https://www.transfermarkt.co.uk/nathan-fraser/profil/spieler/863741,GB1,Wolverhampton Wanderers,600000.0,1000000.0
864121,Abdul,Fatawu,Abdul Fatawu,2025,1003,abdul-fatawu,Ghana,Tamale  ,Ghana,2004-03-08 00:00:00,Right Winger,Attack,left,177.0,2029-06-30 00:00:00,PINTEX SPORTS AGENCY,https://img.a.transfermarkt.technology/portrait/header/864121-1780562246.jpg?lm=1,29.0,3.0,3441.0,https://www.transfermarkt.co.uk/abdul-fatawu/profil/spieler/864121,GB1,Leicester City,20000000.0,20000000.0
864480,Kami,Doyle,Kami Doyle,2022,180,kami-doyle,,,,2005-08-01 00:00:00,Attacking Midfield,Midfield,,,2023-06-30 00:00:00,,https://img.a.transfermarkt.technology/portrait/header/default.jpg?lm=1,,,,https://www.transfermarkt.co.uk/kami-doyle/profil/spieler/864480,GB1,Southampton FC,,
864496,Dom,Ballard,Dom Ballard,2022,180,dom-ballard,,,England,2005-04-01 00:00:00,Centre-Forward,Attack,,,2026-06-30 00:00:00,KIN Partners,https://img.a.transfermarkt.technology/portrait/header/default.jpg?lm=1,,,,https://www.transfermarkt.co.uk/dom-ballard/profil/spieler/864496,GB1,Southampton FC,300000.0,300000.0
864788,Habeeb,Ogunneye,Habeeb Ogunneye,2024,985,habeeb-ogunneye,England,London  ,England,2005-11-12 00:00:00,Right-Back,Defender,right,175.0,2026-05-31 00:00:00,CAA Stellar,https://img.a.transfermarkt.technology/portrait/header/864788-1712585878.jpg?lm=1,3.0,0.0,,https://www.transfermarkt.co.uk/habeeb-ogunneye/profil/spieler/864788,GB1,Manchester United,75000.0,75000.0
864799,Stefan,Bajcetic,Stefan Bajcetic,2025,31,stefan-bajcetic,Spain,Vigo  ,Spain,2004-10-22 00:00:00,Defensive Midfield,Midfield,right,185.0,2027-06-30 00:00:00,ROOF,https://img.a.transfermarkt.technology/portrait/header/864799-1661441233.jpg?lm=1,5.0,0.0,,https://www.transfermarkt.co.uk/stefan-bajcetic/profil/spieler/864799,GB1,Liverpool FC,4000000.0,13000000.0
865993,David,Ozoh,David Ozoh,2025,873,david-ozoh,Spain,Valencia  ,England,2005-05-06 00:00:00,Defensive Midfield,Midfield,right,189.0,2027-06-30 00:00:00,Golden Gate Group,https://img.a.transfermarkt.technology/portrait/header/865993-1681476430.jpg?lm=1,5.0,0.0,,https://www.transfermarkt.co.uk/david-ozoh/profil/spieler/865993,GB1,Crystal Palace,2200000.0,2200000.0
866246,Lucas,Bergvall,Lucas Bergvall,2025,148,lucas-bergvall,Sweden,Stockholm  ,Sweden,2006-02-02 00:00:00,Central Midfield,Midfield,right,187.0,2031-06-30 00:00:00,Nordic Sky,https://img.a.transfermarkt.technology/portrait/header/866246-1701861399.jpg?lm=1,14.0,0.0,,https://www.transfermarkt.co.uk/lucas-bergvall/profil/spieler/866246,GB1,Tottenham Hotspur,35000000.0,40000000.0
866655,Tyler,Dibling,Tyler Dibling,2025,29,tyler-dibling,England,Exeter  ,England,2006-02-17 00:00:00,Right Winger,Attack,left,178.0,2029-06-30 00:00:00,ROOF,https://img.a.transfermarkt.technology/portrait/header/866655-1724485194.jpg?lm=1,8.0,0.0,,https://www.transfermarkt.co.uk/tyler-dibling/profil/spieler/866655,GB1,Everton FC,17000000.0,35000000.0
867688,Jack,Hinshelwood,Jack Hinshelwood,2025,1237,jack-hinshelwood,England,Worthing  ,England,2005-04-11 00:00:00,Defensive Midfield,Midfield,right,182.0,2029-06-30 00:00:00,CAA Stellar,https://img.a.transfermarkt.technology/portrait/header/867688-1698353957.jpg?lm=1,11.0,0.0,,https://www.transfermarkt.co.uk/jack-hinshelwood/profil/spieler/867688,GB1,Brighton & Hove Albion,28000000.0,28000000.0
867700,Josh,Duffus,Josh Duffus,2023,1237,josh-duffus,,,England,2004-12-15 00:00:00,Attacking Midfield,Midfield,,,2025-06-30 00:00:00,Straight Ace Sports,https://img.a.transfermarkt.technology/portrait/header/default.jpg?lm=1,,,,https://www.transfermarkt.co.uk/josh-duffus/profil/spieler/867700,GB1,Brighton & Hove Albion,500000.0,500000.0
867706,Kobei,Moore,Kobei Moore,2024,405,kobei-moore,England,Birmingham  ,England,2004-11-30 00:00:00,Centre-Forward,Attack,,185.0,2026-05-31 00:00:00,YMU Management Ltd.,https://img.a.transfermarkt.technology/portrait/header/867706-1746642464.jpg?lm=1,,,,https://www.transfermarkt.co.uk/kobei-moore/profil/spieler/867706,GB1,Aston Villa,,
867710,Tom,Wilson-Brown,Tom Wilson-Brown,2024,1003,tom-wilson-brown,,,England,2004-10-05 00:00:00,Centre-Back,Defender,left,194.0,2026-05-31 00:00:00,SEG,https://img.a.transfermarkt.technology/portrait/header/867710-1756842781.jpg?lm=1,,,,https://www.transfermarkt.co.uk/tom-wilson-brown/profil/spieler/867710,GB1,Leicester City,,
867711,Will,Alves,Will Alves,2024,1003,will-alves,England,Leicester  ,England,2005-05-04 00:00:00,Attacking Midfield,Midfield,right,179.0,2026-05-31 00:00:00,Unique Sports Group,https://img.a.transfermarkt.technology/portrait/header/867711-1725993530.jpg?lm=1,3.0,1.0,,https://www.transfermarkt.co.uk/will-alves/profil/spieler/867711,GB1,Leicester City,,
868920,Richard,Olise,Richard Olise,2024,631,richard-olise,England,London  ,England,2004-09-09 00:00:00,Right-Back,Defender,right,173.0,2026-06-30 00:00:00,,https://img.a.transfermarkt.technology/portrait/header/868920-1734012196.jpg?lm=1,1.0,0.0,,https://www.transfermarkt.co.uk/richard-olise/profil/spieler/868920,GB1,Chelsea FC,,
871837,Bradley,Ibrahim,Bradley Ibrahim,2023,11,bradley-ibrahim,England,London  ,England,2004-10-21 00:00:00,Defensive Midfield,Midfield,,185.0,2027-06-30 00:00:00,Roc Nation Sports,https://img.a.transfermarkt.technology/portrait/header/871837-1720777599.jpg?lm=1,,,,https://www.transfermarkt.co.uk/bradley-ibrahim/profil/spieler/871837,GB1,Arsenal FC,400000.0,400000.0
874066,Oliver,Arblaster,Oliver Arblaster,2023,350,oliver-arblaster,England,Sheffield  ,England,2004-01-08 00:00:00,Central Midfield,Midfield,right,180.0,2028-06-30 00:00:00,YMU Management Ltd.,https://img.a.transfermarkt.technology/portrait/header/874066-1709625473.jpg?lm=1,,,,https://www.transfermarkt.co.uk/oliver-arblaster/profil/spieler/874066,GB1,Sheffield United,450000.0,450000.0
874080,Mason,Burstow,Mason Burstow,2023,631,mason-burstow,England,London  ,England,2003-08-04 00:00:00,Centre-Forward,Attack,right,187.0,2028-06-30 00:00:00,Sporting Talent,https://img.a.transfermarkt.technology/portrait/header/874080-1645781540.jpg?lm=1,,,,https://www.transfermarkt.co.uk/mason-burstow/profil/spieler/874080,GB1,Chelsea FC,1800000.0,1800000.0
874538,Ryan,Trevitt,Ryan Trevitt,2025,1148,ryan-trevitt,England,Guildford  ,England,2003-03-12 00:00:00,Central Midfield,Midfield,right,170.0,,THE·TEAM,https://img.a.transfermarkt.technology/portrait/header/874538-1686580996.jpg?lm=1,,,,https://www.transfermarkt.co.uk/ryan-trevitt/profil/spieler/874538,GB1,Brentford FC,275000.0,275000.0
874902,Travis,Patterson,Travis Patterson,2025,405,travis-patterson,,,England,2005-10-06 00:00:00,Left-Back,Defender,left,178.0,,CAA Stellar,https://img.a.transfermarkt.technology/portrait/header/874902-1773277141.jpg?lm=1,2.0,0.0,,https://www.transfermarkt.co.uk/travis-patterson/profil/spieler/874902,GB1,Aston Villa,,
875235,Seán,Grehan,Seán Grehan,2023,873,sean-grehan,,,Ireland,2004-01-08 00:00:00,Centre-Back,Defender,right,,2026-12-31 00:00:00,,https://img.a.transfermarkt.technology/portrait/header/default.jpg?lm=1,,,,https://www.transfermarkt.co.uk/sean-grehan/profil/spieler/875235,GB1,Crystal Palace,150000.0,150000.0
875929,Josh,Feeney,Josh Feeney,2023,405,josh-feeney,England,Blackpool  ,England,2005-05-06 00:00:00,Centre-Back,Defender,right,196.0,2025-05-31 00:00:00,,https://img.a.transfermarkt.technology/portrait/header/default.jpg?lm=1,,,,https://www.transfermarkt.co.uk/josh-feeney/profil/spieler/875929,GB1,Aston Villa,500000.0,500000.0
876631,Habib,Diarra,Habib Diarra,2025,289,habib-diarra,Senegal,Guédiawaye  ,Senegal,2004-01-03 00:00:00,Central Midfield,Midfield,right,178.0,2030-06-30 00:00:00,,https://img.a.transfermarkt.technology/portrait/header/876631-1765811931.jpg?lm=1,24.0,6.0,,https://www.transfermarkt.co.uk/habib-diarra/profil/spieler/876631,GB1,Sunderland AFC,35000000.0,35000000.0
878150,Amario,Cozier-Duberry,Amario Cozier-Duberry,2025,1237,amario-cozier-duberry,England,London  ,England,2005-05-29 00:00:00,Right Winger,Attack,left,170.0,2028-06-30 00:00:00,Eleven12,https://img.a.transfermarkt.technology/portrait/header/878150-1709147559.jpg?lm=1,3.0,0.0,,https://www.transfermarkt.co.uk/amario-cozier-duberry/profil/spieler/878150,GB1,Brighton & Hove Albion,5000000.0,5000000.0
878151,Josh,Robinson,Josh Robinson,2024,11,josh-robinson,England,London  ,England,2004-12-20 00:00:00,Right-Back,Defender,right,,,Wasserman,https://img.a.transfermarkt.technology/portrait/header/878151-1727817233.jpg?lm=1,1.0,0.0,,https://www.transfermarkt.co.uk/josh-robinson/profil/spieler/878151,GB1,Arsenal FC,,
878160,Reuell,Walters,Reuell Walters,2023,11,reuell-walters,England,London  ,England,2004-12-16 00:00:00,Right-Back,Defender,right,186.0,,Seven Four Sports,https://img.a.transfermarkt.technology/portrait/header/878160-1682537190.jpg?lm=1,,,,https://www.transfermarkt.co.uk/reuell-walters/profil/spieler/878160,GB1,Arsenal FC,4000000.0,4000000.0
879766,Adler,Nascimento,Adler Nascimento,2022,873,adler-nascimento,,,Portugal,2004-11-25 00:00:00,Left Winger,Attack,right,183.0,,CMG Sports,https://img.a.transfermarkt.technology/portrait/header/default.jpg?lm=1,,,,https://www.transfermarkt.co.uk/adler-nascimento/profil/spieler/879766,GB1,Crystal Palace,,
879768,Will,Lankshear,Will Lankshear,2024,148,will-lankshear,England,Welwyn Garden City  ,England,2005-04-20 00:00:00,Centre-Forward,Attack,right,189.0,2026-05-31 00:00:00,Every Aspect Group,https://img.a.transfermarkt.technology/portrait/header/879768-1708346356.jpg?lm=1,0.0,0.0,,https://www.transfermarkt.co.uk/will-lankshear/profil/spieler/879768,GB1,Tottenham Hotspur,,
880245,Mateus,Fernandes,Mateus Fernandes,2025,379,mateus-fernandes,Portugal,Olhão  ,Portugal,2004-07-10 00:00:00,Central Midfield,Midfield,right,180.0,2031-06-30 00:00:00,Gestifute,https://img.a.transfermarkt.technology/portrait/header/880245-1727786403.jpg?lm=1,21.0,3.0,,https://www.transfermarkt.co.uk/mateus-fernandes/profil/spieler/880245,GB1,West Ham United,50000000.0,50000000.0
882172,Rio,Kyerematen,Rio Kyerematen,2025,148,rio-kyerematen,England,London  ,England,2005-06-09 00:00:00,Central Midfield,Midfield,,,,Sports Invest UK ltd,https://img.a.transfermarkt.technology/portrait/header/882172-1746692299.jpg?lm=1,3.0,1.0,,https://www.transfermarkt.co.uk/rio-kyerematen/profil/spieler/882172,GB1,Tottenham Hotspur,,
883539,Charlie,Crew,Charlie Crew,2025,399,charlie-crew,Wales,Cardiff  ,Wales,2006-06-15 00:00:00,Defensive Midfield,Midfield,right,185.0,2028-06-30 00:00:00,THE·TEAM,https://img.a.transfermarkt.technology/portrait/header/883539-1747518597.jpg?lm=1,9.0,0.0,,https://www.transfermarkt.co.uk/charlie-crew/profil/spieler/883539,GB1,Leeds United,150000.0,150000.0
887433,Kadan,Young,Kadan Young,2025,405,kadan-young,,,England,2006-01-19 00:00:00,Left Winger,Attack,right,176.0,2027-06-30 00:00:00,,https://img.a.transfermarkt.technology/portrait/header/887433-1715607382.jpg?lm=1,1.0,0.0,,https://www.transfermarkt.co.uk/kadan-young/profil/spieler/887433,GB1,Aston Villa,200000.0,300000.0
888637,Luca,Gunter,Luca Gunter,2025,148,luca-gunter,England,London  ,England,2005-03-23 00:00:00,Goalkeeper,Goalkeeper,,,2027-05-31 00:00:00,Unique Sports Group,https://img.a.transfermarkt.technology/portrait/header/default.jpg?lm=1,0.0,0.0,,https://www.transfermarkt.co.uk/luca-gunter/profil/spieler/888637,GB1,Tottenham Hotspur,,
888639,Ethan,Wheatley,Ethan Wheatley,2024,985,ethan-wheatley,England,Stockport  ,England,2006-01-20 00:00:00,Centre-Forward,Attack,,187.0,2026-05-31 00:00:00,OmniSports,https://img.a.transfermarkt.technology/portrait/header/888639-1714056048.jpg?lm=1,3.0,0.0,,https://www.transfermarkt.co.uk/ethan-wheatley/profil/spieler/888639,GB1,Manchester United,250000.0,250000.0
890721,Myles,Lewis-Skelly,Myles Lewis-Skelly,2025,11,myles-lewis-skelly,England,London  ,England,2006-09-26 00:00:00,Left-Back,Defender,left,178.0,2030-06-30 00:00:00,,https://img.a.transfermarkt.technology/portrait/header/890721-1758053582.jpg?lm=1,2.0,0.0,,https://www.transfermarkt.co.uk/myles-lewis-skelly/profil/spieler/890721,GB1,Arsenal FC,45000000.0,45000000.0
892160,Luka,Vuskovic,Luka Vuskovic,2025,148,luka-vuskovic,Croatia,Split  ,Croatia,2007-02-24 00:00:00,Centre-Back,Defender,right,193.0,2030-06-30 00:00:00,Gol International,https://img.a.transfermarkt.technology/portrait/header/892160-1758187820.jpg?lm=1,6.0,1.0,,https://www.transfermarkt.co.uk/luka-vuskovic/profil/spieler/892160,GB1,Tottenham Hotspur,60000000.0,60000000.0
900601,Alex,Murphy,Alex Murphy,2025,762,alex-murphy,Ireland,Annaghdown  ,Ireland,2004-06-25 00:00:00,Left-Back,Defender,left,188.0,2028-06-30 00:00:00,THE·TEAM,https://img.a.transfermarkt.technology/portrait/header/900601-1714056292.jpg?lm=1,0.0,0.0,,https://www.transfermarkt.co.uk/alex-murphy/profil/spieler/900601,GB1,Newcastle United,1500000.0,1500000.0
904802,Jorrel,Hato,Jorrel Hato,2025,631,jorrel-hato,Netherlands,Rotterdam  ,Netherlands,2006-03-07 00:00:00,Left-Back,Defender,left,182.0,2032-06-30 00:00:00,Football Mix B.V.,https://img.a.transfermarkt.technology/portrait/header/904802-1701361717.jpg?lm=1,9.0,0.0,,https://www.transfermarkt.co.uk/jorrel-hato/profil/spieler/904802,GB1,Chelsea FC,40000000.0,40000000.0
906214,Sam,Rak-Sakyi,Sam Rak-Sakyi,2024,631,sam-rak-sakyi,England,London  ,England,2005-03-27 00:00:00,Defensive Midfield,Midfield,,,2026-06-30 00:00:00,,https://img.a.transfermarkt.technology/portrait/header/906214-1731016518.jpg?lm=1,2.0,0.0,,https://www.transfermarkt.co.uk/sam-rak-sakyi/profil/spieler/906214,GB1,Chelsea FC,600000.0,800000.0
906891,James,Debayo,James Debayo,2022,399,james-debayo,England,London  ,England,2005-07-11 00:00:00,Centre-Back,Defender,,,2023-06-30 00:00:00,,https://img.a.transfermarkt.technology/portrait/header/default.jpg?lm=1,,,,https://www.transfermarkt.co.uk/james-debayo/profil/spieler/906891,GB1,Leeds United,,
907215,George,Abbott,George Abbott,2022,148,george-abbott,England,London  ,England,2005-08-17 00:00:00,Defensive Midfield,Midfield,right,175.0,,,https://img.a.transfermarkt.technology/portrait/header/default.jpg?lm=1,,,,https://www.transfermarkt.co.uk/george-abbott/profil/spieler/907215,GB1,Tottenham Hotspur,,
907218,Riley,Owen,Riley Owen,2025,1148,riley-owen,England,London  ,England,2005-08-24 00:00:00,Central Midfield,Midfield,,,2027-06-30 00:00:00,,https://img.a.transfermarkt.technology/portrait/header/default.jpg?lm=1,,,,https://www.transfermarkt.co.uk/riley-owen/profil/spieler/907218,GB1,Brentford FC,,
907219,Axel,Piesold,Axel Piesold,2023,1031,axel-piesold,England,London  ,England,2005-03-31 00:00:00,Central Midfield,Midfield,left,,2025-05-31 00:00:00,Quantum Sport,https://img.a.transfermarkt.technology/portrait/header/default.jpg?lm=1,,,,https://www.transfermarkt.co.uk/axel-piesold/profil/spieler/907219,GB1,Luton Town,150000.0,150000.0
908798,Matthew,Whittingham,Matthew Whittingham,2023,543,matthew-whittingham,England,St. Helens   ,England,2004-10-21 00:00:00,Central Midfield,Midfield,left,,,Unique Sports Group,https://img.a.transfermarkt.technology/portrait/header/default.jpg?lm=1,,,,https://www.transfermarkt.co.uk/matthew-whittingham/profil/spieler/908798,GB1,Wolverhampton Wanderers,150000.0,150000.0
910905,Mamadou,Sarr,Mamadou Sarr,2025,631,mamadou-sarr,France,Martigues  ,Senegal,2005-08-29 00:00:00,Centre-Back,Defender,right,194.0,2033-06-30 00:00:00,Classico,https://img.a.transfermarkt.technology/portrait/header/910905-1773787147.jpg?lm=1,8.0,0.0,,https://www.transfermarkt.co.uk/mamadou-sarr/profil/spieler/910905,GB1,Chelsea FC,22000000.0,25000000.0
911424,Tyler,Fredricson,Tyler Fredricson,2025,985,tyler-fredricson,England,Stockport  ,England,2005-02-23 00:00:00,Centre-Back,Defender,right,188.0,2028-06-30 00:00:00,Murdock Sports Group,https://img.a.transfermarkt.technology/portrait/header/911424-1739789023.jpg?lm=1,2.0,0.0,,https://www.transfermarkt.co.uk/tyler-fredricson/profil/spieler/911424,GB1,Manchester United,3000000.0,3000000.0
911736,Sverre,Nypan,Sverre Nypan,2025,281,sverre-nypan,Norway,Trondheim  ,Norway,2006-12-19 00:00:00,Central Midfield,Midfield,both,182.0,2027-06-30 00:00:00,Rafaela Pimenta,https://img.a.transfermarkt.technology/portrait/header/911736-1743175613.jpg?lm=1,13.0,1.0,,https://www.transfermarkt.co.uk/sverre-nypan/profil/spieler/911736,GB1,Manchester City,13000000.0,15000000.0
912081,Jun-ho,Bae,Jun-ho Bae,2025,512,jun-ho-bae,"Korea, South",Daegu  ,"Korea, South",2003-08-21 00:00:00,Attacking Midfield,Midfield,right,180.0,2027-06-30 00:00:00,CAA Base Ltd,https://img.a.transfermarkt.technology/portrait/header/912081-1781248927.jpg?lm=1,13.0,2.0,3589.0,https://www.transfermarkt.co.uk/jun-ho-bae/profil/spieler/912081,GB1,Stoke City,4000000.0,4000000.0
913214,Noel,Atom,Noel Atom,2023,1237,noel-atom,,,Germany,2005-01-05 00:00:00,Centre-Back,Defender,left,,2026-06-30 00:00:00,CMG Sports,https://img.a.transfermarkt.technology/portrait/header/913214-1680515661.jpg?lm=1,,,,https://www.transfermarkt.co.uk/noel-atom/profil/spieler/913214,GB1,Brighton & Hove Albion,,
914269,Nehemiah,Oriola,Nehemiah Oriola,2025,1237,nehemiah-oriola,,,England,2007-06-11 00:00:00,Left Winger,Attack,,,2029-06-30 00:00:00,,https://img.a.transfermarkt.technology/portrait/header/914269-1761083028.jpg?lm=1,,,,https://www.transfermarkt.co.uk/nehemiah-oriola/profil/spieler/914269,GB1,Brighton & Hove Albion,,
919438,True,Grant,True Grant,2023,281,true-grant,England,Manchester  ,England,2005-11-02 00:00:00,Goalkeeper,Goalkeeper,,,2025-05-31 00:00:00,,https://img.a.transfermarkt.technology/portrait/header/919438-1702498195.jpg?lm=1,,,,https://www.transfermarkt.co.uk/true-grant/profil/spieler/919438,GB1,Manchester City,500000.0,500000.0
920005,Jackson,Izquierdo,Jackson Izquierdo,2025,873,jackson-izquierdo,,,England,2004-10-15 00:00:00,Goalkeeper,Goalkeeper,,,,David Moss Group,https://img.a.transfermarkt.technology/portrait/header/default.jpg?lm=1,,,,https://www.transfermarkt.co.uk/jackson-izquierdo/profil/spieler/920005,GB1,Crystal Palace,,
921513,Joe,Gardner,Joe Gardner,2023,703,joe-gardner,,,England,2005-06-06 00:00:00,Right Winger,Attack,right,,,,https://img.a.transfermarkt.technology/portrait/header/default.jpg?lm=1,,,,https://www.transfermarkt.co.uk/joe-gardner/profil/spieler/921513,GB1,Nottingham Forest,150000.0,150000.0
921662,Charlie,Tasker,Charlie Tasker,2025,1237,charlie-tasker,,,England,2006-02-24 00:00:00,Right-Back,Defender,,,,,https://img.a.transfermarkt.technology/portrait/header/921662-1746643699.jpg?lm=1,,,,https://www.transfermarkt.co.uk/charlie-tasker/profil/spieler/921662,GB1,Brighton & Hove Albion,200000.0,200000.0
921992,Charlie,Robinson,Charlie Robinson,2022,931,charlie-robinson,,,England,2004-09-19 00:00:00,Centre-Back,Defender,,,,FA Sport,https://img.a.transfermarkt.technology/portrait/header/default.jpg?lm=1,,,,https://www.transfermarkt.co.uk/charlie-robinson/profil/spieler/921992,GB1,Fulham FC,150000.0,150000.0
922461,Wellity,Lucky,Wellity Lucky,2025,31,wellity-lucky,Spain,Zaragoza  ,Spain,2006-01-12 00:00:00,Centre-Back,Defender,right,188.0,2028-06-30 00:00:00,Enhance,https://img.a.transfermarkt.technology/portrait/header/922461-1730834836.jpg?lm=1,0.0,0.0,,https://www.transfermarkt.co.uk/wellity-lucky/profil/spieler/922461,GB1,Liverpool FC,,
922462,Lewis,Koumas,Lewis Koumas,2025,3008,lewis-koumas,England,Chester  ,Wales,2005-09-19 00:00:00,Left Winger,Attack,right,182.0,2026-06-30 00:00:00,CAA Stellar,https://img.a.transfermarkt.technology/portrait/header/922462-1708346761.jpg?lm=1,12.0,1.0,3864.0,https://www.transfermarkt.co.uk/lewis-koumas/profil/spieler/922462,GB1,Hull City,4000000.0,4000000.0
922463,Ben,Middlemas,Ben Middlemas,2025,289,ben-middlemas,England,Ashington   ,England,2004-12-13 00:00:00,Central Midfield,Midfield,right,182.0,2028-06-30 00:00:00,THE·TEAM,https://img.a.transfermarkt.technology/portrait/header/922463-1747593582.jpg?lm=1,,,,https://www.transfermarkt.co.uk/ben-middlemas/profil/spieler/922463,GB1,Sunderland AFC,,
922472,Somto,Boniface,Somto Boniface,2024,677,somto-boniface,England,London  ,England,2006-03-11 00:00:00,Left-Back,Defender,left,,,16NinetyTwo,https://img.a.transfermarkt.technology/portrait/header/922472-1746692656.jpg?lm=1,2.0,0.0,,https://www.transfermarkt.co.uk/somto-boniface/profil/spieler/922472,GB1,Ipswich Town,,
922563,Oliver,Scarles,Oliver Scarles,2025,379,oliver-scarles,England,Bromley  ,England,2005-12-12 00:00:00,Left-Back,Defender,left,180.0,2028-06-30 00:00:00,CAA Stellar,https://img.a.transfermarkt.technology/portrait/header/922563-1667548640.jpg?lm=1,2.0,0.0,,https://www.transfermarkt.co.uk/oliver-scarles/profil/spieler/922563,GB1,West Ham United,10000000.0,10000000.0
922693,Archie,Gray,Archie Gray,2025,148,archie-gray,England,Durham  ,England,2006-03-12 00:00:00,Defensive Midfield,Midfield,right,187.0,2030-06-30 00:00:00,Blue Sky Sports,https://img.a.transfermarkt.technology/portrait/header/922693-1695108880.jpg?lm=1,17.0,2.0,,https://www.transfermarkt.co.uk/archie-gray/profil/spieler/922693,GB1,Tottenham Hotspur,35000000.0,38000000.0
922695,Martin,Sherif,Martin Sherif,2024,29,martin-sherif,,,Netherlands,2006-06-10 00:00:00,Centre-Forward,Attack,left,193.0,2026-05-31 00:00:00,Murdock Sports Group,https://img.a.transfermarkt.technology/portrait/header/922695-1747220469.jpg?lm=1,4.0,0.0,,https://www.transfermarkt.co.uk/martin-sherif/profil/spieler/922695,GB1,Everton FC,,
922769,Lewis,Miley,Lewis Miley,2025,762,lewis-miley,England,Stanley  ,England,2006-05-01 00:00:00,Central Midfield,Midfield,right,189.0,2032-06-30 00:00:00,Unique Sports Group,https://img.a.transfermarkt.technology/portrait/header/922769-1696453881.jpg?lm=1,5.0,0.0,,https://www.transfermarkt.co.uk/lewis-miley/profil/spieler/922769,GB1,Newcastle United,25000000.0,25000000.0
923831,Leny,Yoro,Leny Yoro,2025,985,leny-yoro,France,Saint-Maurice  ,France,2005-11-13 00:00:00,Centre-Back,Defender,right,190.0,2029-06-30 00:00:00,Gestifute,https://img.a.transfermarkt.technology/portrait/header/923831-1747857948.jpg?lm=1,10.0,0.0,,https://www.transfermarkt.co.uk/leny-yoro/profil/spieler/923831,GB1,Manchester United,50000000.0,55000000.0
925092,Justin,Hanks,Justin Hanks,2025,703,justin-hanks,,,Wales,2004-09-01 00:00:00,Centre-Back,Defender,right,184.0,,CSG,https://img.a.transfermarkt.technology/portrait/header/925092-1775762487.jpg?lm=1,2.0,1.0,,https://www.transfermarkt.co.uk/justin-hanks/profil/spieler/925092,GB1,Nottingham Forest,,
925093,Jack,Thompson,Jack Thompson,2025,703,jack-thompson,,,Wales,2005-05-05 00:00:00,Centre-Back,Defender,right,181.0,,OmniSports,https://img.a.transfermarkt.technology/portrait/header/925093-1770062022.jpg?lm=1,0.0,0.0,,https://www.transfermarkt.co.uk/jack-thompson/profil/spieler/925093,GB1,Nottingham Forest,,
925105,Ben,Perry,Ben Perry,2024,703,ben-perry,England,Derby  ,England,2004-12-01 00:00:00,Defensive Midfield,Midfield,right,183.0,2028-06-30 00:00:00,CSG,https://img.a.transfermarkt.technology/portrait/header/925105-1746641107.jpg?lm=1,,,,https://www.transfermarkt.co.uk/ben-perry/profil/spieler/925105,GB1,Nottingham Forest,125000.0,150000.0
926135,Omari,Kellyman,Omari Kellyman,2024,631,omari-kellyman,England,Derby  ,England,2005-09-15 00:00:00,Attacking Midfield,Midfield,left,191.0,2026-05-31 00:00:00,Prodigy Sports Group,https://img.a.transfermarkt.technology/portrait/header/926135-1693556357.jpg?lm=1,0.0,0.0,,https://www.transfermarkt.co.uk/omari-kellyman/profil/spieler/926135,GB1,Chelsea FC,1500000.0,1500000.0
926309,Shea,Lacey,Shea Lacey,2025,985,shea-lacey,England,Liverpool  ,England,2007-04-14 00:00:00,Right Winger,Attack,left,167.0,2029-06-30 00:00:00,Triple S Sports,https://img.a.transfermarkt.technology/portrait/header/926309-1767956214.jpg?lm=1,2.0,1.0,,https://www.transfermarkt.co.uk/shea-lacey/profil/spieler/926309,GB1,Manchester United,,
926952,Patrick,Dorgu,Patrick Dorgu,2025,985,patrick-dorgu,Denmark,København  ,Denmark,2004-10-26 00:00:00,Left Winger,Attack,left,185.0,2030-06-30 00:00:00,CAA Base Ltd,https://img.a.transfermarkt.technology/portrait/header/926952-1747857569.jpg?lm=1,14.0,4.0,,https://www.transfermarkt.co.uk/patrick-dorgu/profil/spieler/926952,GB1,Manchester United,35000000.0,35000000.0
927768,,Lucas Pires,Lucas Pires,2025,1132,lucas-pires,Brazil,São Paulo  ,Brazil,2001-03-24 00:00:00,Left-Back,Defender,left,182.0,2028-06-30 00:00:00,Roc Nation Sports,https://img.a.transfermarkt.technology/portrait/header/927768-1755039119.jpg?lm=1,,,,https://www.transfermarkt.co.uk/lucas-pires/profil/spieler/927768,GB1,Burnley FC,4000000.0,5000000.0
933017,Zach,Abbott,Zach Abbott,2025,703,zach-abbott,,,England,2006-05-13 00:00:00,Centre-Back,Defender,right,180.0,2029-06-30 00:00:00,CAA Stellar,https://img.a.transfermarkt.technology/portrait/header/933017-1724485038.jpg?lm=1,2.0,0.0,,https://www.transfermarkt.co.uk/zach-abbott/profil/spieler/933017,GB1,Nottingham Forest,4000000.0,4000000.0
933018,Tom,Watson,Tom Watson,2025,1237,tom-watson,England,Easington  ,England,2006-04-08 00:00:00,Left Winger,Attack,right,190.0,2029-06-30 00:00:00,Unique Sports Group,https://img.a.transfermarkt.technology/portrait/header/933018-1739871162.jpg?lm=1,1.0,2.0,,https://www.transfermarkt.co.uk/tom-watson/profil/spieler/933018,GB1,Brighton & Hove Albion,7000000.0,10000000.0
933215,Ármin,Pécsi,Ármin Pécsi,2025,31,armin-pecsi,Austria,Hainburg an der Donau  ,Hungary,2005-02-24 00:00:00,Goalkeeper,Goalkeeper,right,190.0,2030-06-30 00:00:00,EM Sports Consulting,https://img.a.transfermarkt.technology/portrait/header/933215-1749327495.jpg?lm=1,1.0,0.0,,https://www.transfermarkt.co.uk/armin-pecsi/profil/spieler/933215,GB1,Liverpool FC,,
936237,Yu,Hirakawa,Yu Hirakawa,2025,3008,yu-hirakawa,Japan,"Kashima, Saga  ",Japan,2001-01-03 00:00:00,Right Winger,Attack,right,172.0,2026-06-30 00:00:00,M&Y Management,https://img.a.transfermarkt.technology/portrait/header/936237-1723238594.jpg?lm=1,1.0,0.0,3435.0,https://www.transfermarkt.co.uk/yu-hirakawa/profil/spieler/936237,GB1,Hull City,1000000.0,1000000.0
936841,Kaiden,Wilson,Kaiden Wilson,2024,631,kaiden-wilson,England,Bristol  ,England,2005-09-02 00:00:00,Centre-Back,Defender,right,,2030-06-30 00:00:00,Roc Nation Sports,https://img.a.transfermarkt.technology/portrait/header/936841-1734218517.jpg?lm=1,,,,https://www.transfermarkt.co.uk/kaiden-wilson/profil/spieler/936841,GB1,Chelsea FC,,
936842,Michael,Golding,Michael Golding,2024,1003,michael-golding,England,Kingston  ,England,2006-05-23 00:00:00,Central Midfield,Midfield,right,180.0,2028-06-30 00:00:00,Golden Gate Group,https://img.a.transfermarkt.technology/portrait/header/936842-1715156410.jpg?lm=1,2.0,0.0,,https://www.transfermarkt.co.uk/michael-golding/profil/spieler/936842,GB1,Leicester City,2000000.0,2000000.0
936867,Jimmy-Jay,Morgan,Jimmy-Jay Morgan,2022,180,jimmy-jay-morgan,,,England,2006-01-21 00:00:00,Centre-Forward,Attack,,,2026-06-30 00:00:00,,https://img.a.transfermarkt.technology/portrait/header/default.jpg?lm=1,,,,https://www.transfermarkt.co.uk/jimmy-jay-morgan/profil/spieler/936867,GB1,Southampton FC,,
936874,Tyrique,George,Tyrique George,2025,631,tyrique-george,England,London  ,England,2006-02-04 00:00:00,Left Winger,Attack,right,181.0,2030-06-30 00:00:00,,https://img.a.transfermarkt.technology/portrait/header/936874-1731016609.jpg?lm=1,6.0,2.0,,https://www.transfermarkt.co.uk/tyrique-george/profil/spieler/936874,GB1,Chelsea FC,20000000.0,22000000.0
936901,Dominic,Sadi,Dominic Sadi,2025,989,dominic-sadi,England,London  ,England,2003-09-02 00:00:00,Right Winger,Attack,right,174.0,2028-06-30 00:00:00,,https://img.a.transfermarkt.technology/portrait/header/936901-1746642777.jpg?lm=1,,,,https://www.transfermarkt.co.uk/dominic-sadi/profil/spieler/936901,GB1,AFC Bournemouth,800000.0,800000.0
937840,Harrison,Jones,Harrison Jones,2025,289,harrison-jones,England,Sunderland   ,England,2004-12-25 00:00:00,Attacking Midfield,Midfield,left,185.0,2029-06-30 00:00:00,CAA Base Ltd,https://img.a.transfermarkt.technology/portrait/header/937840-1747223873.jpg?lm=1,,,,https://www.transfermarkt.co.uk/harrison-jones/profil/spieler/937840,GB1,Sunderland AFC,150000.0,150000.0
937941,Thierno,Barry,Thierno Barry,2025,29,thierno-barry,France,Lyon  ,France,2002-10-21 00:00:00,Centre-Forward,Attack,right,195.0,2029-06-30 00:00:00,ROOF,https://img.a.transfermarkt.technology/portrait/header/937941-1743672693.jpg?lm=1,8.0,1.0,,https://www.transfermarkt.co.uk/thierno-barry/profil/spieler/937941,GB1,Everton FC,30000000.0,30000000.0
938146,Adam,Aznou,Adam Aznou,2025,29,adam-aznou,Spain,L'Hospitalet de Llobregat  ,Morocco,2006-06-02 00:00:00,Left-Back,Defender,left,178.0,2029-06-30 00:00:00,Footfeel ISM,https://img.a.transfermarkt.technology/portrait/header/938146-1739807816.jpg?lm=1,2.0,1.0,,https://www.transfermarkt.co.uk/adam-aznou/profil/spieler/938146,GB1,Everton FC,6000000.0,7000000.0
938158,Marc,Guiu,Marc Guiu,2025,631,marc-guiu,Spain,Granollers  ,Spain,2006-01-04 00:00:00,Centre-Forward,Attack,right,187.0,2029-06-30 00:00:00,IFM,https://img.a.transfermarkt.technology/portrait/header/938158-1719846394.jpg?lm=1,2.0,1.0,,https://www.transfermarkt.co.uk/marc-guiu/profil/spieler/938158,GB1,Chelsea FC,12000000.0,12000000.0
939290,Jayden,Danns,Jayden Danns,2025,31,jayden-danns,England,Liverpool  ,England,2006-01-16 00:00:00,Centre-Forward,Attack,right,183.0,,Triple S Sports,https://img.a.transfermarkt.technology/portrait/header/939290-1709192145.jpg?lm=1,1.0,1.0,,https://www.transfermarkt.co.uk/jayden-danns/profil/spieler/939290,GB1,Liverpool FC,800000.0,1000000.0
939615,Max,Kinsey,Max Kinsey,2024,989,max-kinsey,England,Guildford  ,England,2005-02-02 00:00:00,Centre-Back,Defender,right,184.0,2026-05-31 00:00:00,Two Touch Agency,https://img.a.transfermarkt.technology/portrait/header/939615-1736161084.jpg?lm=1,,,,https://www.transfermarkt.co.uk/max-kinsey/profil/spieler/939615,GB1,AFC Bournemouth,,
940858,Leo,Shahar,Leo Shahar,2025,762,leo-shahar,England,Wolverhampton  ,England,2007-03-18 00:00:00,Right-Back,Defender,right,,,CAA Stellar,https://img.a.transfermarkt.technology/portrait/header/940858-1746640379.jpg?lm=1,7.0,0.0,,https://www.transfermarkt.co.uk/leo-shahar/profil/spieler/940858,GB1,Newcastle United,,
940915,Alexéi,Rojas,Alexéi Rojas,2025,11,alexei-rojas,England,Basildon  ,Colombia,2005-09-28 00:00:00,Goalkeeper,Goalkeeper,right,187.0,,CAA Base Ltd,https://img.a.transfermarkt.technology/portrait/header/940915-1636544050.png?lm=1,6.0,0.0,,https://www.transfermarkt.co.uk/alexei-rojas/profil/spieler/940915,GB1,Arsenal FC,250000.0,400000.0
943549,Mark,O'Mahony,Mark O'Mahony,2024,1237,mark-omahony,Ireland,"Carrigaline, Cork  ",Ireland,2005-01-14 00:00:00,Centre-Forward,Attack,right,182.0,2026-05-31 00:00:00,SBM,https://img.a.transfermarkt.technology/portrait/header/943549-1708346606.jpg?lm=1,15.0,1.0,,https://www.transfermarkt.co.uk/mark-omahony/profil/spieler/943549,GB1,Brighton & Hove Albion,450000.0,500000.0
943560,Franco,Umeh,Franco Umeh,2024,873,franco-umeh,,,Ireland,2005-01-26 00:00:00,Right Winger,Attack,left,178.0,2029-06-30 00:00:00,SBM,https://img.a.transfermarkt.technology/portrait/header/943560-1708422716.jpg?lm=1,2.0,0.0,,https://www.transfermarkt.co.uk/franco-umeh/profil/spieler/943560,GB1,Crystal Palace,500000.0,500000.0
944140,Trent,Koné-Doherty,Trent Koné-Doherty,2025,31,trent-kone-doherty,Northern Ireland,Derry  ,Ireland,2006-06-30 00:00:00,Left Winger,Attack,right,175.0,2029-12-31 00:00:00,,https://img.a.transfermarkt.technology/portrait/header/944140-1773739656.jpg?lm=1,6.0,0.0,,https://www.transfermarkt.co.uk/trent-kone-doherty/profil/spieler/944140,GB1,Liverpool FC,600000.0,600000.0
944551,Joe,Taylor,Joe Taylor,2023,1031,joe-taylor,England,Peterborough  ,Wales,2002-11-18 00:00:00,Centre-Forward,Attack,right,170.0,,,https://img.a.transfermarkt.technology/portrait/header/default.jpg?lm=1,,,,https://www.transfermarkt.co.uk/joe-taylor/profil/spieler/944551,GB1,Luton Town,350000.0,350000.0
947407,Michael,Laffey,Michael Laffey,2025,31,michael-laffey,England,Liverpool  ,England,2005-10-11 00:00:00,Defensive Midfield,Midfield,,,,,https://img.a.transfermarkt.technology/portrait/header/947407-1730835244.jpg?lm=1,,,,https://www.transfermarkt.co.uk/michael-laffey/profil/spieler/947407,GB1,Liverpool FC,,
947411,Chris,Rigg,Chris Rigg,2025,289,chris-rigg,England,Hebburn  ,England,2007-06-18 00:00:00,Attacking Midfield,Midfield,left,177.0,2030-06-30 00:00:00,,https://img.a.transfermarkt.technology/portrait/header/947411-1707494096.png?lm=1,15.0,4.0,,https://www.transfermarkt.co.uk/chris-rigg/profil/spieler/947411,GB1,Sunderland AFC,25000000.0,25000000.0
948915,Murray,Campbell,Murray Campbell,2025,1132,murray-campbell,,,Scotland,2006-07-25 00:00:00,Centre-Back,Defender,,,2027-06-30 00:00:00,EAA,https://img.a.transfermarkt.technology/portrait/header/default.jpg?lm=1,8.0,0.0,,https://www.transfermarkt.co.uk/murray-campbell/profil/spieler/948915,GB1,Burnley FC,,
950091,Stefanos,Tzimas,Stefanos Tzimas,2025,1237,stefanos-tzimas,Greece,Thessaloniki   ,Greece,2006-01-06 00:00:00,Centre-Forward,Attack,both,186.0,2030-06-30 00:00:00,SEG,https://img.a.transfermarkt.technology/portrait/header/950091-1722955946.jpg?lm=1,9.0,4.0,,https://www.transfermarkt.co.uk/stefanos-tzimas/profil/spieler/950091,GB1,Brighton & Hove Albion,18000000.0,22000000.0
953135,Callum,Marshall,Callum Marshall,2025,379,callum-marshall,Northern Ireland,Glengormley  ,Northern Ireland,2004-11-28 00:00:00,Centre-Forward,Attack,left,172.0,2027-06-30 00:00:00,Unique Sports Group,https://img.a.transfermarkt.technology/portrait/header/953135-1708346291.jpg?lm=1,0.0,0.0,,https://www.transfermarkt.co.uk/callum-marshall/profil/spieler/953135,GB1,West Ham United,2000000.0,2000000.0
953438,Keyrol,Figueroa,Keyrol Figueroa,2025,31,keyrol-figueroa,Honduras,Tegucigalpa  ,Honduras,2006-08-31 00:00:00,Centre-Forward,Attack,right,181.0,2026-06-30 00:00:00,,https://img.a.transfermarkt.technology/portrait/header/953438-1685565802.jpg?lm=1,1.0,0.0,,https://www.transfermarkt.co.uk/keyrol-figueroa/profil/spieler/953438,GB1,Liverpool FC,,
953933,Jack,Moorhouse,Jack Moorhouse,2025,985,jack-moorhouse,England,Manchester  ,Ireland,2005-11-29 00:00:00,Central Midfield,Midfield,both,184.0,,TKS,https://img.a.transfermarkt.technology/portrait/header/953933-1739789147.jpg?lm=1,5.0,0.0,,https://www.transfermarkt.co.uk/jack-moorhouse/profil/spieler/953933,GB1,Manchester United,100000.0,100000.0
954104,Jayden,Meghoma,Jayden Meghoma,2025,1148,jayden-meghoma,England,Slough  ,England,2006-06-28 00:00:00,Left-Back,Defender,left,176.0,2028-06-30 00:00:00,,https://img.a.transfermarkt.technology/portrait/header/954104-1725051533.jpg?lm=1,3.0,0.0,,https://www.transfermarkt.co.uk/jayden-meghoma/profil/spieler/954104,GB1,Brentford FC,2000000.0,2000000.0
954105,Jamaldeen,Jimoh-Aloba,Jamaldeen Jimoh-Aloba,2025,405,jamaldeen-jimoh-aloba,,,England,2006-10-02 00:00:00,Attacking Midfield,Midfield,right,188.0,2026-06-30 00:00:00,THE TALENT TABLE,https://img.a.transfermarkt.technology/portrait/header/954105-1733858368.jpg?lm=1,3.0,0.0,,https://www.transfermarkt.co.uk/jamaldeen-jimoh-aloba/profil/spieler/954105,GB1,Aston Villa,300000.0,300000.0
955357,Junior,Kroupi,Junior Kroupi,2025,989,junior-kroupi,France,Lorient  ,France,2006-06-23 00:00:00,Centre-Forward,Attack,right,179.0,2030-06-30 00:00:00,EVOLUTION SC,https://img.a.transfermarkt.technology/portrait/header/955357-1727784350.jpg?lm=1,5.0,3.0,,https://www.transfermarkt.co.uk/junior-kroupi/profil/spieler/955357,GB1,AFC Bournemouth,70000000.0,70000000.0
956920,Nestory,Irankunda,Nestory Irankunda,2025,1010,nestory-irankunda,Tanzania,Kigoma  ,Australia,2006-02-09 00:00:00,Right Winger,Attack,right,175.0,2030-06-30 00:00:00,Griffin Sports,https://img.a.transfermarkt.technology/portrait/header/956920-1739808530.jpg?lm=1,17.0,6.0,3433.0,https://www.transfermarkt.co.uk/nestory-irankunda/profil/spieler/956920,GB1,Watford FC,8000000.0,8000000.0
961833,Jaden,Heskey,Jaden Heskey,2025,281,jaden-heskey,England,Manchester  ,England,2005-12-17 00:00:00,Central Midfield,Midfield,left,180.0,,,https://img.a.transfermarkt.technology/portrait/header/961833-1699385159.jpg?lm=1,,,,https://www.transfermarkt.co.uk/jaden-heskey/profil/spieler/961833,GB1,Manchester City,,
963879,Archie,Harris,Archie Harris,2024,989,archie-harris,England,Liverpool  ,Wales,2004-12-27 00:00:00,Left-Back,Defender,left,,2026-05-31 00:00:00,CAA Stellar,https://img.a.transfermarkt.technology/portrait/header/963879-1746642662.jpg?lm=1,5.0,0.0,,https://www.transfermarkt.co.uk/archie-harris/profil/spieler/963879,GB1,AFC Bournemouth,100000.0,100000.0
964554,Josh,Nichols,Josh Nichols,2025,11,josh-nichols,England,London  ,England,2006-07-26 00:00:00,Right-Back,Defender,,,2028-06-18 00:00:00,,https://img.a.transfermarkt.technology/portrait/header/964554-1727381924.jpg?lm=1,,,,https://www.transfermarkt.co.uk/josh-nichols/profil/spieler/964554,GB1,Arsenal FC,,
964561,Ismeal,Kabia,Ismeal Kabia,2024,11,ismeal-kabia,Netherlands,Hengelo  ,Netherlands,2005-12-10 00:00:00,Right Winger,Attack,right,175.0,2026-05-31 00:00:00,,https://img.a.transfermarkt.technology/portrait/header/964561-1736159140.jpg?lm=1,,,,https://www.transfermarkt.co.uk/ismeal-kabia/profil/spieler/964561,GB1,Arsenal FC,75000.0,75000.0
964690,Jayce,Fitzgerald,Jayce Fitzgerald,2024,985,jayce-fitzgerald,,,England,2007-05-09 00:00:00,Central Midfield,Midfield,right,,,SEG,https://img.a.transfermarkt.technology/portrait/header/964690-1731016124.jpg?lm=1,4.0,0.0,,https://www.transfermarkt.co.uk/jayce-fitzgerald/profil/spieler/964690,GB1,Manchester United,,
965940,Zack,Nelson,Zack Nelson,2023,1031,zack-nelson,England,London  ,England,2005-04-21 00:00:00,Attacking Midfield,Midfield,,,,CAA Stellar,https://img.a.transfermarkt.technology/portrait/header/965940-1708345873.jpg?lm=1,,,,https://www.transfermarkt.co.uk/zack-nelson/profil/spieler/965940,GB1,Luton Town,100000.0,100000.0
965954,Jake,Burger,Jake Burger,2023,1031,jake-burger,,,England,2005-07-06 00:00:00,,Missing,,,2026-06-30 00:00:00,,https://img.a.transfermarkt.technology/portrait/header/default.jpg?lm=1,,,,https://www.transfermarkt.co.uk/jake-burger/profil/spieler/965954,GB1,Luton Town,100000.0,100000.0
965971,Tyrese,Hall,Tyrese Hall,2023,148,tyrese-hall,England,London  ,England,2005-09-04 00:00:00,Central Midfield,Midfield,,,2029-06-30 00:00:00,,https://img.a.transfermarkt.technology/portrait/header/default.jpg?lm=1,,,,https://www.transfermarkt.co.uk/tyrese-hall/profil/spieler/965971,GB1,Tottenham Hotspur,,
966671,Iwan,Morgan,Iwan Morgan,2024,1148,iwan-morgan,,,Wales,2006-01-29 00:00:00,Centre-Forward,Attack,,181.0,,CAA Stellar,https://img.a.transfermarkt.technology/portrait/header/966671-1746643494.jpg?lm=1,5.0,0.0,,https://www.transfermarkt.co.uk/iwan-morgan/profil/spieler/966671,GB1,Brentford FC,,
967318,Billy,Blacker,Billy Blacker,2023,350,billy-blacker,,,England,2006-05-25 00:00:00,Left Winger,Attack,,,,Cassius Sports,https://img.a.transfermarkt.technology/portrait/header/default.jpg?lm=1,,,,https://www.transfermarkt.co.uk/billy-blacker/profil/spieler/967318,GB1,Sheffield United,100000.0,100000.0
967319,Romain,Esse,Romain Esse,2025,873,romain-esse,England,London  ,England,2005-05-13 00:00:00,Right Winger,Attack,left,178.0,2030-06-30 00:00:00,Golden Gate Group,https://img.a.transfermarkt.technology/portrait/header/967319-1725993442.jpg?lm=1,3.0,1.0,,https://www.transfermarkt.co.uk/romain-esse/profil/spieler/967319,GB1,Crystal Palace,10000000.0,12000000.0
967340,Owen,Hampson,Owen Hampson,2023,350,owen-hampson,,,Wales,2004-11-17 00:00:00,Central Midfield,Midfield,,,,,https://img.a.transfermarkt.technology/portrait/header/default.jpg?lm=1,,,,https://www.transfermarkt.co.uk/owen-hampson/profil/spieler/967340,GB1,Sheffield United,,
967342,Joshua,Stephenson,Joshua Stephenson,2025,1148,joshua-stephenson,,,England,2006-02-15 00:00:00,Centre-Back,Defender,left,,2028-06-30 00:00:00,,https://img.a.transfermarkt.technology/portrait/header/default.jpg?lm=1,,,,https://www.transfermarkt.co.uk/joshua-stephenson/profil/spieler/967342,GB1,Brentford FC,,
967346,Eliezer,Mayenda,Eliezer Mayenda,2025,289,eliezer-mayenda,Spain,Zaragoza  ,Spain,2005-05-08 00:00:00,Centre-Forward,Attack,left,183.0,2031-06-30 00:00:00,SBE Management AG,https://img.a.transfermarkt.technology/portrait/header/967346-1724772065.jpg?lm=1,9.0,2.0,,https://www.transfermarkt.co.uk/eliezer-mayenda/profil/spieler/967346,GB1,Sunderland AFC,16000000.0,18000000.0
973085,Carlos,Baleba,Carlos Baleba,2025,1237,carlos-baleba,Cameroon,Douala  ,Cameroon,2004-01-03 00:00:00,Defensive Midfield,Midfield,left,179.0,2028-06-30 00:00:00,,https://img.a.transfermarkt.technology/portrait/header/973085-1666690662.jpg?lm=1,16.0,0.0,,https://www.transfermarkt.co.uk/carlos-baleba/profil/spieler/973085,GB1,Brighton & Hove Albion,55000000.0,60000000.0
978668,Joe,Knight,Joe Knight,2025,1237,joe-knight,,,England,2005-09-21 00:00:00,Central Midfield,Midfield,,,,Sporting Talent,https://img.a.transfermarkt.technology/portrait/header/978668-1746643885.jpg?lm=1,,,,https://www.transfermarkt.co.uk/joe-knight/profil/spieler/978668,GB1,Brighton & Hove Albion,100000.0,100000.0
980343,Sam,Chambers,Sam Chambers,2025,399,sam-chambers,,,Scotland,2007-08-18 00:00:00,Attacking Midfield,Midfield,right,176.0,2028-06-30 00:00:00,THE·TEAM,https://img.a.transfermarkt.technology/portrait/header/980343-1747517785.jpg?lm=1,6.0,0.0,,https://www.transfermarkt.co.uk/sam-chambers/profil/spieler/980343,GB1,Leeds United,,
982097,Shumaira,Mheuka,Shumaira Mheuka,2025,631,shumaira-mheuka,England,Birmingham   ,England,2007-10-20 00:00:00,Centre-Forward,Attack,right,185.0,2027-06-30 00:00:00,,https://img.a.transfermarkt.technology/portrait/header/982097-1732821076.jpg?lm=1,23.0,16.0,,https://www.transfermarkt.co.uk/shumaira-mheuka/profil/spieler/982097,GB1,Chelsea FC,800000.0,800000.0
983248,Callan,McKenna,Callan McKenna,2025,989,callan-mckenna,Scotland,Fernhill  ,Scotland,2006-12-22 00:00:00,Goalkeeper,Goalkeeper,right,188.0,2028-06-30 00:00:00,Gersh,https://img.a.transfermarkt.technology/portrait/header/983248-1704791853.jpg?lm=1,0.0,0.0,,https://www.transfermarkt.co.uk/callan-mckenna/profil/spieler/983248,GB1,AFC Bournemouth,500000.0,600000.0
983702,Jacob,Wright,Jacob Wright,2024,281,jacob-wright,England,Manchester  ,England,2005-09-21 00:00:00,Defensive Midfield,Midfield,right,178.0,2029-06-30 00:00:00,Roc Nation Sports,https://img.a.transfermarkt.technology/portrait/header/983702-1709112399.jpg?lm=1,6.0,0.0,,https://www.transfermarkt.co.uk/jacob-wright/profil/spieler/983702,GB1,Manchester City,2500000.0,2500000.0
983989,Facundo,Buonanotte,Facundo Buonanotte,2025,631,facundo-buonanotte,Argentina,Pérez  ,Argentina,2004-12-23 00:00:00,Attacking Midfield,Midfield,left,174.0,2028-06-30 00:00:00,KMB,https://img.a.transfermarkt.technology/portrait/header/983989-1682588141.jpg?lm=1,2.0,0.0,,https://www.transfermarkt.co.uk/facundo-buonanotte/profil/spieler/983989,GB1,Chelsea FC,12000000.0,22000000.0
984096,Jair,Cunha,Jair Cunha,2025,703,jair-cunha,Brazil,Orlândia  ,Brazil,2005-03-07 00:00:00,Centre-Back,Defender,both,198.0,2030-06-30 00:00:00,Bertolucci Sports,https://img.a.transfermarkt.technology/portrait/header/984096-1770845001.jpg?lm=1,8.0,0.0,,https://www.transfermarkt.co.uk/jair-cunha/profil/spieler/984096,GB1,Nottingham Forest,15000000.0,15000000.0
984593,Triston,Rowe,Triston Rowe,2025,405,triston-rowe,England,Sandwell  ,England,2006-10-02 00:00:00,Right-Back,Defender,right,183.0,,,https://img.a.transfermarkt.technology/portrait/header/984593-1746641384.jpg?lm=1,1.0,0.0,,https://www.transfermarkt.co.uk/triston-rowe/profil/spieler/984593,GB1,Aston Villa,500000.0,500000.0
985535,Kian,Noble,Kian Noble,2025,281,kian-noble,England,Yorkshire  ,England,2007-02-26 00:00:00,Centre-Back,Defender,,,2027-06-30 00:00:00,THE·TEAM,https://img.a.transfermarkt.technology/portrait/header/985535-1739803418.jpg?lm=1,10.0,0.0,,https://www.transfermarkt.co.uk/kian-noble/profil/spieler/985535,GB1,Manchester City,,
985546,Callum,Olusesi,Callum Olusesi,2025,148,callum-olusesi,England,London  ,England,2007-03-11 00:00:00,Central Midfield,Midfield,right,187.0,2028-06-30 00:00:00,Truth Sports,https://img.a.transfermarkt.technology/portrait/header/985546-1731007186.jpg?lm=1,1.0,0.0,,https://www.transfermarkt.co.uk/callum-olusesi/profil/spieler/985546,GB1,Tottenham Hotspur,500000.0,500000.0
985691,Harrison,Murray-Campbell,Harrison Murray-Campbell,2024,631,harrison-murray-campbell,England,Luton  ,England,2006-08-04 00:00:00,Centre-Back,Defender,both,189.0,2027-06-30 00:00:00,Unique Sports Group,https://img.a.transfermarkt.technology/portrait/header/985691-1734218687.jpg?lm=1,3.0,0.0,,https://www.transfermarkt.co.uk/harrison-murray-campbell/profil/spieler/985691,GB1,Chelsea FC,500000.0,500000.0
985717,Taylan,Harris,Taylan Harris,2023,1031,taylan-harris,,,England,2005-10-30 00:00:00,Centre-Forward,Attack,,181.0,,Footwork,https://img.a.transfermarkt.technology/portrait/header/default.jpg?lm=1,,,,https://www.transfermarkt.co.uk/taylan-harris/profil/spieler/985717,GB1,Luton Town,,
986298,Joachim,Kayi Sanda,Joachim Kayi Sanda,2024,180,joachim-kayi-sanda,France,Antony  ,France,2006-11-29 00:00:00,Centre-Back,Defender,right,186.0,2029-06-30 00:00:00,,https://img.a.transfermarkt.technology/portrait/header/986298-1732104484.jpg?lm=1,6.0,0.0,,https://www.transfermarkt.co.uk/joachim-kayi-sanda/profil/spieler/986298,GB1,Southampton FC,1200000.0,1500000.0
987074,Dylan,Lawlor,Dylan Lawlor,2025,603,dylan-lawlor,Wales,Caerphilly  ,Wales,2006-01-01 00:00:00,Centre-Back,Defender,right,188.0,2028-06-30 00:00:00,GSF Agency,https://img.a.transfermarkt.technology/portrait/header/987074-1754073324.jpg?lm=1,6.0,0.0,3864.0,https://www.transfermarkt.co.uk/dylan-lawlor/profil/spieler/987074,GB1,Cardiff City,1800000.0,1800000.0
989112,Veljko,Milosavljevic,Veljko Milosavljevic,2025,989,veljko-milosavljevic,Serbia,Požarevac  ,Serbia,2007-06-28 00:00:00,Centre-Back,Defender,right,192.0,2030-06-30 00:00:00,FPA,https://img.a.transfermarkt.technology/portrait/header/989112-1756755375.jpg?lm=1,2.0,0.0,,https://www.transfermarkt.co.uk/veljko-milosavljevic/profil/spieler/989112,GB1,AFC Bournemouth,20000000.0,20000000.0
989472,Nico,Lawrence,Nico Lawrence,2022,180,nico-lawrence,,,England,2003-11-22 00:00:00,Centre-Back,Defender,,,2023-05-31 00:00:00,,https://img.a.transfermarkt.technology/portrait/header/default.jpg?lm=1,,,,https://www.transfermarkt.co.uk/nico-lawrence/profil/spieler/989472,GB1,Southampton FC,,
990836,Romeo,Akachukwu,Romeo Akachukwu,2024,180,romeo-akachukwu,,,Ireland,2006-07-28 00:00:00,Attacking Midfield,Midfield,right,,2026-05-31 00:00:00,,https://img.a.transfermarkt.technology/portrait/header/990836-1771872032.jpg?lm=1,1.0,0.0,,https://www.transfermarkt.co.uk/romeo-akachukwu/profil/spieler/990836,GB1,Southampton FC,150000.0,150000.0
990997,Jenson,Jones,Jenson Jones,2025,289,jenson-jones,,,England,2006-06-26 00:00:00,Right-Back,Defender,right,182.0,2028-06-30 00:00:00,,https://img.a.transfermarkt.technology/portrait/header/default.jpg?lm=1,,,,https://www.transfermarkt.co.uk/jenson-jones/profil/spieler/990997,GB1,Sunderland AFC,,
991800,Luís,Guilherme,Luís Guilherme,2025,379,luis-guilherme,Brazil,Aracaju  ,Brazil,2006-02-09 00:00:00,Right Winger,Attack,left,175.0,2030-06-30 00:00:00,Un1que Football,https://img.a.transfermarkt.technology/portrait/header/991800-1736160163.jpg?lm=1,6.0,0.0,,https://www.transfermarkt.co.uk/luis-guilherme/profil/spieler/991800,GB1,West Ham United,12000000.0,24000000.0
994594,Keehan,Willows,Keehan Willows,2025,703,keehan-willows,England,Nottingham   ,England,2005-10-01 00:00:00,Goalkeeper,Goalkeeper,,,2026-06-30 00:00:00,NXT SPORTS AGENCY,https://img.a.transfermarkt.technology/portrait/header/default.jpg?lm=1,,,,https://www.transfermarkt.co.uk/keehan-willows/profil/spieler/994594,GB1,Nottingham Forest,,
994604,Matai,Akinmboni,Matai Akinmboni,2025,989,matai-akinmboni,United States,"Upper Marlboro, Maryland  ",United States,2006-10-17 00:00:00,Centre-Back,Defender,left,188.0,2027-06-30 00:00:00,CAA Stellar,https://img.a.transfermarkt.technology/portrait/header/994604-1709490110.jpg?lm=1,2.0,0.0,,https://www.transfermarkt.co.uk/matai-akinmboni/profil/spieler/994604,GB1,AFC Bournemouth,1000000.0,1000000.0
995642,Ali,Ahmed,Ali Ahmed,2025,1123,ali-ahmed,Canada,"Toronto, Ontario  ",Canada,2000-10-10 00:00:00,Left Midfield,Midfield,right,180.0,2029-06-30 00:00:00,Avid Sports Group,https://img.a.transfermarkt.technology/portrait/header/995642-1740765149.jpg?lm=1,26.0,1.0,3510.0,https://www.transfermarkt.co.uk/ali-ahmed/profil/spieler/995642,GB1,Norwich City,,
995863,Archie,Whitehall,Archie Whitehall,2025,703,archie-whitehall,,,England,2006-05-21 00:00:00,Central Midfield,Midfield,,,,,https://img.a.transfermarkt.technology/portrait/header/995863-1775762688.jpg?lm=1,,,,https://www.transfermarkt.co.uk/archie-whitehall/profil/spieler/995863,GB1,Nottingham Forest,,
996897,Diego,Gómez,Diego Gómez,2025,1237,diego-gomez,Paraguay,San Juan Bautista  ,Paraguay,2003-03-27 00:00:00,Central Midfield,Midfield,right,183.0,2030-06-30 00:00:00,La Squadra Sports,https://img.a.transfermarkt.technology/portrait/header/996897-1710077684.jpg?lm=1,28.0,3.0,,https://www.transfermarkt.co.uk/diego-gomez/profil/spieler/996897,GB1,Brighton & Hove Albion,25000000.0,25000000.0
998101,Alex,Tóth,Alex Tóth,2025,989,alex-toth,Hungary,Budapest  ,Hungary,2005-10-23 00:00:00,Central Midfield,Midfield,right,181.0,2031-06-30 00:00:00,Bence Papp,https://img.a.transfermarkt.technology/portrait/header/998101-1763730106.jpg?lm=1,13.0,0.0,,https://www.transfermarkt.co.uk/alex-toth/profil/spieler/998101,GB1,AFC Bournemouth,12000000.0,12000000.0
999743,James,Rowswell,James Rowswell,2025,148,james-rowswell,England,Welwyn Garden City  ,England,2006-07-13 00:00:00,Centre-Back,Defender,right,188.0,,ARETÉ,https://img.a.transfermarkt.technology/portrait/header/999743-1756231781.jpg?lm=1,1.0,0.0,,https://www.transfermarkt.co.uk/james-rowswell/profil/spieler/999743,GB1,Tottenham Hotspur,,
999745,Damola,Ajayi,Damola Ajayi,2024,148,damola-ajayi,England,London  ,England,2005-12-27 00:00:00,Right Winger,Attack,,176.0,2026-05-31 00:00:00,Two Touch Agency,https://img.a.transfermarkt.technology/portrait/header/999745-1746692449.jpg?lm=1,,,,https://www.transfermarkt.co.uk/damola-ajayi/profil/spieler/999745,GB1,Tottenham Hotspur,,
1004203,Keiber,Lamadrid,Keiber Lamadrid,2025,379,keiber-lamadrid,Venezuela,Caracas  ,Venezuela,2003-11-18 00:00:00,Left Winger,Attack,left,177.0,,IST,https://img.a.transfermarkt.technology/portrait/header/1004203-1739806262.jpg?lm=1,2.0,0.0,,https://www.transfermarkt.co.uk/keiber-lamadrid/profil/spieler/1004203,GB1,West Ham United,1200000.0,1200000.0
1004679,Zach,Marsh,Zach Marsh,2025,873,zach-marsh,,,England,2005-10-06 00:00:00,Centre-Forward,Attack,,,,Unique Sports Group,https://img.a.transfermarkt.technology/portrait/header/1004679-1746644149.jpg?lm=1,3.0,2.0,,https://www.transfermarkt.co.uk/zach-marsh/profil/spieler/1004679,GB1,Crystal Palace,,
1004708,Josh,Acheampong,Josh Acheampong,2025,631,josh-acheampong,England,London  ,England,2006-05-05 00:00:00,Right-Back,Defender,right,190.0,2029-06-30 00:00:00,,https://img.a.transfermarkt.technology/portrait/header/1004708-1715156243.jpg?lm=1,6.0,0.0,,https://www.transfermarkt.co.uk/josh-acheampong/profil/spieler/1004708,GB1,Chelsea FC,25000000.0,25000000.0
1004709,Sam,Proctor,Sam Proctor,2025,405,sam-proctor,England,Boston  ,England,2006-12-21 00:00:00,Goalkeeper,Goalkeeper,,,,,https://img.a.transfermarkt.technology/portrait/header/1004709-1746641198.jpg?lm=1,1.0,0.0,,https://www.transfermarkt.co.uk/sam-proctor/profil/spieler/1004709,GB1,Aston Villa,,
1005583,,Alysson,Alysson,2025,405,alysson,Brazil,Apucarana  ,Brazil,2006-05-05 00:00:00,Right Winger,Attack,left,184.0,2031-06-30 00:00:00,AGN Football,https://img.a.transfermarkt.technology/portrait/header/1005583-1756473897.png?lm=1,3.0,3.0,,https://www.transfermarkt.co.uk/alysson/profil/spieler/1005583,GB1,Aston Villa,10000000.0,10000000.0
1005649,,Murillo,Murillo,2025,703,murillo,Brazil,São Paulo  ,Brazil,2002-07-04 00:00:00,Centre-Back,Defender,left,180.0,2030-06-30 00:00:00,FWD Team,https://img.a.transfermarkt.technology/portrait/header/1005649-1709159139.jpg?lm=1,1.0,0.0,3439.0,https://www.transfermarkt.co.uk/murillo/profil/spieler/1005649,GB1,Nottingham Forest,50000000.0,55000000.0
1005844,Brayden,Clarke,Brayden Clarke,2024,11,brayden-clarke,England,Oldbury  ,Wales,2007-07-03 00:00:00,Centre-Back,Defender,right,,,,https://img.a.transfermarkt.technology/portrait/header/1005844-1746640035.jpg?lm=1,13.0,0.0,,https://www.transfermarkt.co.uk/brayden-clarke/profil/spieler/1005844,GB1,Arsenal FC,,
1005855,Ronan,Kpakio,Ronan Kpakio,2025,603,ronan-kpakio,Wales,Cardiff  ,Wales,2007-05-25 00:00:00,Right-Back,Defender,right,178.0,2029-06-30 00:00:00,CAA Base Ltd,https://img.a.transfermarkt.technology/portrait/header/1005855-1747517959.jpg?lm=1,4.0,0.0,3864.0,https://www.transfermarkt.co.uk/ronan-kpakio/profil/spieler/1005855,GB1,Cardiff City,1200000.0,1200000.0
1006411,Jaydee,Canvot,Jaydee Canvot,2025,873,jaydee-canvot,France,Argenteuil  ,France,2006-07-29 00:00:00,Centre-Back,Defender,right,188.0,2029-06-30 00:00:00,LSM Football,https://img.a.transfermarkt.technology/portrait/header/1006411-1741897197.jpg?lm=1,6.0,0.0,,https://www.transfermarkt.co.uk/jaydee-canvot/profil/spieler/1006411,GB1,Crystal Palace,28000000.0,28000000.0
1007720,Tyler,Bindon,Tyler Bindon,2025,350,tyler-bindon,New Zealand,Auckland  ,New Zealand,2005-01-27 00:00:00,Centre-Back,Defender,right,190.0,2026-06-30 00:00:00,Sports Invest UK ltd,https://img.a.transfermarkt.technology/portrait/header/1007720-1780066825.jpg?lm=1,27.0,2.0,9171.0,https://www.transfermarkt.co.uk/tyler-bindon/profil/spieler/1007720,GB1,Sheffield United,3500000.0,3500000.0
1008162,Conor,McManus,Conor McManus,2025,1148,conor-mcmanus,,,Ireland,2004-06-16 00:00:00,Left-Back,Defender,,182.0,,,https://img.a.transfermarkt.technology/portrait/header/default.jpg?lm=1,4.0,2.0,,https://www.transfermarkt.co.uk/conor-mcmanus/profil/spieler/1008162,GB1,Brentford FC,,
1008553,Julian,Eyestone,Julian Eyestone,2025,1148,julian-eyestone,United States,"Dallas, Texas  ",United States,2006-04-21 00:00:00,Goalkeeper,Goalkeeper,right,200.0,2031-06-30 00:00:00,,https://img.a.transfermarkt.technology/portrait/header/1008553-1721505368.jpg?lm=1,0.0,0.0,,https://www.transfermarkt.co.uk/julian-eyestone/profil/spieler/1008553,GB1,Brentford FC,,
1009658,Julio,Soler,Julio Soler,2025,989,julio-soler,Paraguay,Asunción  ,Argentina,2005-02-16 00:00:00,Left-Back,Defender,left,175.0,2029-06-30 00:00:00,,https://img.a.transfermarkt.technology/portrait/header/1009658-1721934099.png?lm=1,18.0,0.0,,https://www.transfermarkt.co.uk/julio-soler/profil/spieler/1009658,GB1,AFC Bournemouth,8000000.0,8000000.0
1011131,Josh,King,Josh King,2025,931,josh-king,England,London  ,England,2007-01-03 00:00:00,Attacking Midfield,Midfield,right,173.0,2029-06-30 00:00:00,THE·TEAM,https://img.a.transfermarkt.technology/portrait/header/1011131-1752773470.jpg?lm=1,6.0,1.0,,https://www.transfermarkt.co.uk/josh-king/profil/spieler/1011131,GB1,Fulham FC,25000000.0,25000000.0
1011132,Carter,Pinnington,Carter Pinnington,2025,31,carter-pinnington,,,England,2007-02-21 00:00:00,Centre-Back,Defender,right,,2029-06-30 00:00:00,Unique Sports Group,https://img.a.transfermarkt.technology/portrait/header/1011132-1730834934.jpg?lm=1,4.0,0.0,,https://www.transfermarkt.co.uk/carter-pinnington/profil/spieler/1011132,GB1,Liverpool FC,,
1011139,Jaden,Dixon,Jaden Dixon,2025,11,jaden-dixon,England,London  ,England,2007-05-07 00:00:00,Centre-Back,Defender,right,188.0,2030-06-30 00:00:00,Truth Sports,https://img.a.transfermarkt.technology/portrait/header/1011139-1739358328.jpg?lm=1,5.0,0.0,,https://www.transfermarkt.co.uk/jaden-dixon/profil/spieler/1011139,GB1,Arsenal FC,,
1011140,Jack,Fletcher,Jack Fletcher,2025,985,jack-fletcher,England,Manchester  ,England,2007-03-19 00:00:00,Attacking Midfield,Midfield,left,,2027-06-30 00:00:00,,https://img.a.transfermarkt.technology/portrait/header/1011140-1739789239.jpg?lm=1,4.0,1.0,,https://www.transfermarkt.co.uk/jack-fletcher/profil/spieler/1011140,GB1,Manchester United,1000000.0,1000000.0
1011659,Rhys,Chadwick,Rhys Chadwick,2025,399,rhys-chadwick,,,England,2007-02-19 00:00:00,Defensive Midfield,Midfield,,,2027-06-30 00:00:00,,https://img.a.transfermarkt.technology/portrait/header/default.jpg?lm=1,,,,https://www.transfermarkt.co.uk/rhys-chadwick/profil/spieler/1011659,GB1,Leeds United,,
1011738,Harry,Amass,Harry Amass,2024,985,harry-amass,England,London  ,England,2007-03-16 00:00:00,Left-Back,Defender,left,181.0,2026-06-30 00:00:00,Jason Mac,https://img.a.transfermarkt.technology/portrait/header/1011738-1712585934.jpg?lm=1,5.0,0.0,,https://www.transfermarkt.co.uk/harry-amass/profil/spieler/1011738,GB1,Manchester United,5000000.0,5000000.0
1012534,Yankuba,Minteh,Yankuba Minteh,2025,1237,yankuba-minteh,The Gambia,Bakoteh  ,The Gambia,2004-07-22 00:00:00,Right Winger,Attack,left,180.0,2029-06-30 00:00:00,1v1 S.F.M,https://img.a.transfermarkt.technology/portrait/header/1012534-1694774813.jpg?lm=1,20.0,7.0,,https://www.transfermarkt.co.uk/yankuba-minteh/profil/spieler/1012534,GB1,Brighton & Hove Albion,45000000.0,45000000.0
1012564,,Rayan,Rayan,2025,989,rayan,Brazil,Rio de Janeiro  ,Brazil,2006-08-03 00:00:00,Right Winger,Attack,left,187.0,2031-06-30 00:00:00,VTN IMAGE,https://img.a.transfermarkt.technology/portrait/header/1012564-1780390891.jpg?lm=1,6.0,1.0,,https://www.transfermarkt.co.uk/rayan/profil/spieler/1012564,GB1,AFC Bournemouth,60000000.0,60000000.0
1013690,Elyh,Harrison,Elyh Harrison,2024,985,elyh-harrison,,,England,2006-02-19 00:00:00,Goalkeeper,Goalkeeper,,182.0,2026-05-31 00:00:00,Unique Sports Group,https://img.a.transfermarkt.technology/portrait/header/1013690-1739788955.jpg?lm=1,2.0,0.0,,https://www.transfermarkt.co.uk/elyh-harrison/profil/spieler/1013690,GB1,Manchester United,75000.0,75000.0
1015619,Ahmed,Abdullahi,Ahmed Abdullahi,2025,289,ahmed-abdullahi,Nigeria,Nasarawa State  ,Nigeria,2004-06-19 00:00:00,Centre-Forward,Attack,,,2028-06-30 00:00:00,,https://img.a.transfermarkt.technology/portrait/header/1015619-1698072539.jpg?lm=1,7.0,2.0,,https://www.transfermarkt.co.uk/ahmed-abdullahi/profil/spieler/1015619,GB1,Sunderland AFC,800000.0,1000000.0
1016556,Ato,Ampah,Ato Ampah,2024,631,ato-ampah,Ghana,Accra  ,England,2006-04-22 00:00:00,Right Winger,Attack,right,178.0,2029-06-30 00:00:00,SEG,https://img.a.transfermarkt.technology/portrait/header/1016556-1734218385.jpg?lm=1,2.0,0.0,,https://www.transfermarkt.co.uk/ato-ampah/profil/spieler/1016556,GB1,Chelsea FC,,
1018714,Coby,Ebere,Coby Ebere,2024,29,coby-ebere,,,Germany,2005-09-17 00:00:00,Left Winger,Attack,right,187.0,2027-06-30 00:00:00,AS1,https://img.a.transfermarkt.technology/portrait/header/default.jpg?lm=1,,,,https://www.transfermarkt.co.uk/coby-ebere/profil/spieler/1018714,GB1,Everton FC,,
1018716,Callum,Bates,Callum Bates,2025,29,callum-bates,,,England,2005-09-28 00:00:00,Central Midfield,Midfield,,,2027-06-30 00:00:00,Legacie Sports Group,https://img.a.transfermarkt.technology/portrait/header/default.jpg?lm=1,,,,https://www.transfermarkt.co.uk/callum-bates/profil/spieler/1018716,GB1,Everton FC,,
1018830,Jack,Whittaker,Jack Whittaker,2025,289,jack-whittaker,,,England,2006-10-14 00:00:00,Attacking Midfield,Midfield,right,178.0,2028-06-30 00:00:00,CAA Base Ltd,https://img.a.transfermarkt.technology/portrait/header/default.jpg?lm=1,,,,https://www.transfermarkt.co.uk/jack-whittaker/profil/spieler/1018830,GB1,Sunderland AFC,,
1018837,Jaydon,Jones,Jaydon Jones,2025,289,jaydon-jones,,,England,2006-11-03 00:00:00,Central Midfield,Midfield,right,175.0,,CAA Base Ltd,https://img.a.transfermarkt.technology/portrait/header/default.jpg?lm=1,,,,https://www.transfermarkt.co.uk/jaydon-jones/profil/spieler/1018837,GB1,Sunderland AFC,,
1019169,Adam,Harrison,Adam Harrison,2025,762,adam-harrison,,,England,2006-10-20 00:00:00,Goalkeeper,Goalkeeper,,,,CAA Stellar,https://img.a.transfermarkt.technology/portrait/header/1019169-1765877409.jpg?lm=1,,,,https://www.transfermarkt.co.uk/adam-harrison/profil/spieler/1019169,GB1,Newcastle United,100000.0,100000.0
1019170,Aidan,Harris,Aidan Harris,2025,762,aidan-harris,England,Sunderland   ,England,2006-12-16 00:00:00,Goalkeeper,Goalkeeper,left,,,Entourage Football,https://img.a.transfermarkt.technology/portrait/header/1019170-1710967838.jpg?lm=1,,,,https://www.transfermarkt.co.uk/aidan-harris/profil/spieler/1019170,GB1,Newcastle United,200000.0,200000.0
1023191,George,Hemmings,George Hemmings,2025,405,george-hemmings,,,England,2007-04-03 00:00:00,Central Midfield,Midfield,both,,,Tier One,https://img.a.transfermarkt.technology/portrait/header/1023191-1767605144.jpg?lm=1,2.0,0.0,,https://www.transfermarkt.co.uk/george-hemmings/profil/spieler/1023191,GB1,Aston Villa,,
1026524,Sam,Amissah,Sam Amissah,2025,931,sam-amissah,,,England,2007-03-07 00:00:00,Centre-Back,Defender,both,184.0,2026-06-30 00:00:00,CAA Stellar,https://img.a.transfermarkt.technology/portrait/header/1026524-1736153500.jpg?lm=1,7.0,0.0,,https://www.transfermarkt.co.uk/sam-amissah/profil/spieler/1026524,GB1,Fulham FC,,
1031256,Callum,McFarlane,Callum McFarlane,2022,931,callum-mcfarlane,,,England,2003-09-08 00:00:00,Centre-Forward,Attack,,185.0,,Midas Sports,https://img.a.transfermarkt.technology/portrait/header/default.jpg?lm=1,,,,https://www.transfermarkt.co.uk/callum-mcfarlane/profil/spieler/1031256,GB1,Fulham FC,,
1031258,Bradley,Moonan,Bradley Moonan,2024,29,bradley-moonan,England,Wigan  ,England,2006-02-13 00:00:00,Centre-Back,Defender,,,2026-06-30 00:00:00,,https://img.a.transfermarkt.technology/portrait/header/default.jpg?lm=1,,,,https://www.transfermarkt.co.uk/bradley-moonan/profil/spieler/1031258,GB1,Everton FC,,
1031293,Ryan,Oné,Ryan Oné,2023,350,ryan-one,Scotland,Coatbridge  ,Scotland,2006-06-26 00:00:00,Centre-Forward,Attack,,,2029-06-30 00:00:00,StormSportsX,https://img.a.transfermarkt.technology/portrait/header/default.jpg?lm=1,,,,https://www.transfermarkt.co.uk/ryan-one/profil/spieler/1031293,GB1,Sheffield United,200000.0,200000.0
1033103,Charlie,Gray,Charlie Gray,2025,281,charlie-gray,England,Manchester  ,England,2006-02-22 00:00:00,Defensive Midfield,Midfield,,,,Unique Sports Group,https://img.a.transfermarkt.technology/portrait/header/1033103-1739802663.png?lm=1,0.0,0.0,,https://www.transfermarkt.co.uk/charlie-gray/profil/spieler/1033103,GB1,Manchester City,,
1038173,Ranel,Young,Ranel Young,2024,31,ranel-young,England,Huddersfield  ,England,2005-12-26 00:00:00,Right Winger,Attack,,,2027-06-30 00:00:00,Golden Gate Group,https://img.a.transfermarkt.technology/portrait/header/1038173-1730835095.jpg?lm=1,0.0,0.0,,https://www.transfermarkt.co.uk/ranel-young/profil/spieler/1038173,GB1,Liverpool FC,,
1041600,James,Wilson,James Wilson,2025,148,james-wilson,Scotland,Edinburgh  ,Scotland,2007-03-06 00:00:00,Centre-Forward,Attack,right,184.0,2027-05-31 00:00:00,Gersh,https://img.a.transfermarkt.technology/portrait/header/1041600-1731011409.jpg?lm=1,7.0,4.0,,https://www.transfermarkt.co.uk/james-wilson/profil/spieler/1041600,GB1,Tottenham Hotspur,1200000.0,1200000.0
1042886,Chido,Obi,Chido Obi,2025,985,chido-obi,Denmark,Glostrup  ,Denmark,2007-11-29 00:00:00,Centre-Forward,Attack,right,188.0,,,https://img.a.transfermarkt.technology/portrait/header/1042886-1739789319.jpg?lm=1,4.0,2.0,,https://www.transfermarkt.co.uk/chido-obi/profil/spieler/1042886,GB1,Manchester United,5000000.0,5000000.0
1043634,Leon,Chiwome,Leon Chiwome,2024,543,leon-chiwome,England,Brighton  ,England,2006-01-10 00:00:00,Centre-Forward,Attack,,186.0,2028-06-30 00:00:00,Nork Sports Group,https://img.a.transfermarkt.technology/portrait/header/1043634-1746644367.jpg?lm=1,2.0,1.0,,https://www.transfermarkt.co.uk/leon-chiwome/profil/spieler/1043634,GB1,Wolverhampton Wanderers,500000.0,1000000.0
1044516,Ethan,Sutherland,Ethan Sutherland,2025,543,ethan-sutherland,,,Scotland,2006-04-25 00:00:00,Left Midfield,Midfield,left,189.0,2027-06-30 00:00:00,Deadline Day Soccer,https://img.a.transfermarkt.technology/portrait/header/1044516-1770845952.jpg?lm=1,0.0,0.0,,https://www.transfermarkt.co.uk/ethan-sutherland/profil/spieler/1044516,GB1,Wolverhampton Wanderers,,
1045118,George,King,George King,2025,873,george-king,,,Ireland,2007-03-20 00:00:00,Centre-Back,Defender,,,,Unique Sports Group,https://img.a.transfermarkt.technology/portrait/header/1045118-1755117660.jpg?lm=1,1.0,0.0,,https://www.transfermarkt.co.uk/george-king/profil/spieler/1045118,GB1,Crystal Palace,,
1045121,Genesis,Antwi,Genesis Antwi,2024,631,genesis-antwi,Sweden,Stockholm  ,Sweden,2007-05-11 00:00:00,Right-Back,Defender,right,189.0,2028-06-30 00:00:00,Golden Gate Group,https://img.a.transfermarkt.technology/portrait/header/1045121-1746640639.jpg?lm=1,3.0,0.0,,https://www.transfermarkt.co.uk/genesis-antwi/profil/spieler/1045121,GB1,Chelsea FC,350000.0,350000.0
1045123,Trey,Nyoni,Trey Nyoni,2025,31,trey-nyoni,England,Leicester  ,England,2007-06-30 00:00:00,Central Midfield,Midfield,right,180.0,2030-06-30 00:00:00,SEG,https://img.a.transfermarkt.technology/portrait/header/1045123-1708933240.jpg?lm=1,13.0,1.0,,https://www.transfermarkt.co.uk/trey-nyoni/profil/spieler/1045123,GB1,Liverpool FC,8000000.0,8000000.0
1045124,Jay,Robinson,Jay Robinson,2024,180,jay-robinson,England,London  ,England,2007-03-15 00:00:00,Left Winger,Attack,right,176.0,2029-06-30 00:00:00,CAA Stellar,https://img.a.transfermarkt.technology/portrait/header/1045124-1755502092.jpg?lm=1,5.0,0.0,,https://www.transfermarkt.co.uk/jay-robinson/profil/spieler/1045124,GB1,Southampton FC,8000000.0,8000000.0
1047256,Asher,Agbinone,Asher Agbinone,2024,873,asher-agbinone,England,London  ,England,2005-09-28 00:00:00,Left Winger,Attack,right,178.0,,16NinetyTwo,https://img.a.transfermarkt.technology/portrait/header/1047256-1736153289.jpg?lm=1,,,,https://www.transfermarkt.co.uk/asher-agbinone/profil/spieler/1047256,GB1,Crystal Palace,75000.0,75000.0
1047257,Rio,Cardines,Rio Cardines,2025,873,rio-cardines,England,Stevenage  ,Trinidad and Tobago,2006-07-01 00:00:00,Left-Back,Defender,left,175.0,2028-06-30 00:00:00,,https://img.a.transfermarkt.technology/portrait/header/1047257-1749200047.jpg?lm=1,11.0,0.0,,https://www.transfermarkt.co.uk/rio-cardines/profil/spieler/1047257,GB1,Crystal Palace,300000.0,300000.0
1047261,Caleb,Kporha,Caleb Kporha,2025,873,caleb-kporha,,,England,2006-07-15 00:00:00,Right-Back,Defender,right,,2029-06-30 00:00:00,Box 2 Box Sports,https://img.a.transfermarkt.technology/portrait/header/1047261-1736159500.jpg?lm=1,5.0,0.0,,https://www.transfermarkt.co.uk/caleb-kporha/profil/spieler/1047261,GB1,Crystal Palace,1000000.0,1000000.0
1047280,Divine,Mukasa,Divine Mukasa,2025,281,divine-mukasa,England,London  ,England,2007-08-22 00:00:00,Attacking Midfield,Midfield,left,180.0,2030-06-30 00:00:00,,https://img.a.transfermarkt.technology/portrait/header/1047280-1729774874.jpg?lm=1,11.0,3.0,,https://www.transfermarkt.co.uk/divine-mukasa/profil/spieler/1047280,GB1,Manchester City,,
1047342,Maeson,King,Maeson King,2024,148,maeson-king,England,Basildon  ,England,2005-09-09 00:00:00,Centre-Back,Defender,,,,CAA Stellar,https://img.a.transfermarkt.technology/portrait/header/1047342-1746692235.jpg?lm=1,,,,https://www.transfermarkt.co.uk/maeson-king/profil/spieler/1047342,GB1,Tottenham Hotspur,,
1047345,Yusuf,Akhamrich,Yusuf Akhamrich,2025,148,yusuf-akhamrich,England,London   ,Morocco,2005-09-05 00:00:00,Right Winger,Attack,left,183.0,2027-06-30 00:00:00,RDF Football,https://img.a.transfermarkt.technology/portrait/header/1047345-1756231874.jpg?lm=1,0.0,0.0,,https://www.transfermarkt.co.uk/yusuf-akhamrich/profil/spieler/1047345,GB1,Tottenham Hotspur,,
1047506,Jimmy,Sinclair,Jimmy Sinclair,2025,703,jimmy-sinclair,England,Nottingham  ,England,2006-08-11 00:00:00,Right Midfield,Midfield,right,177.0,2027-06-30 00:00:00,THE·TEAM,https://img.a.transfermarkt.technology/portrait/header/1047506-1775762825.jpg?lm=1,,,,https://www.transfermarkt.co.uk/jimmy-sinclair/profil/spieler/1047506,GB1,Nottingham Forest,,
1049020,Stephen,Mfuni,Stephen Mfuni,2025,281,stephen-mfuni,England,Wigan  ,England,2008-02-12 00:00:00,Centre-Back,Defender,left,193.0,,Unique Sports Group,https://img.a.transfermarkt.technology/portrait/header/1049020-1729774935.jpg?lm=1,17.0,0.0,,https://www.transfermarkt.co.uk/stephen-mfuni/profil/spieler/1049020,GB1,Manchester City,,
1049905,Aidan,Borland,Aidan Borland,2025,405,aidan-borland,Scotland,Glasgow  ,Scotland,2007-04-25 00:00:00,Central Midfield,Midfield,right,177.0,,Unique Sports Group,https://img.a.transfermarkt.technology/portrait/header/1049905-1746642366.jpg?lm=1,9.0,0.0,,https://www.transfermarkt.co.uk/aidan-borland/profil/spieler/1049905,GB1,Aston Villa,,
1049911,Tyler,Fletcher,Tyler Fletcher,2025,985,tyler-fletcher,England,Manchester  ,Scotland,2007-03-19 00:00:00,Central Midfield,Midfield,right,183.0,2027-06-30 00:00:00,,https://img.a.transfermarkt.technology/portrait/header/1049911-1782339780.jpg?lm=1,2.0,0.0,,https://www.transfermarkt.co.uk/tyler-fletcher/profil/spieler/1049911,GB1,Manchester United,,
1052871,Zyan,Blake,Zyan Blake,2025,703,zyan-blake,,,England,2007-11-13 00:00:00,Left Winger,Attack,,,2027-06-30 00:00:00,Unique Sports Group,https://img.a.transfermarkt.technology/portrait/header/default.jpg?lm=1,0.0,0.0,,https://www.transfermarkt.co.uk/zyan-blake/profil/spieler/1052871,GB1,Nottingham Forest,,
1052892,Jaydan,Kamason,Jaydan Kamason,2024,985,jaydan-kamason,,,England,2006-12-08 00:00:00,Right-Back,Defender,right,178.0,,CAA Base Ltd,https://img.a.transfermarkt.technology/portrait/header/1052892-1744313372.jpg?lm=1,2.0,0.0,,https://www.transfermarkt.co.uk/jaydan-kamason/profil/spieler/1052892,GB1,Manchester United,,
1055345,Kieran,Morrison,Kieran Morrison,2025,31,kieran-morrison,England,Manchester  ,Northern Ireland,2006-11-09 00:00:00,Right Winger,Attack,left,183.0,,Enhance,https://img.a.transfermarkt.technology/portrait/header/1055345-1733838502.jpg?lm=1,1.0,0.0,,https://www.transfermarkt.co.uk/kieran-morrison/profil/spieler/1055345,GB1,Liverpool FC,,
1055382,Will,Murdock,Will Murdock,2024,985,will-murdock,,,Northern Ireland,2007-05-26 00:00:00,Goalkeeper,Goalkeeper,,,,Murdock Sports Group,https://img.a.transfermarkt.technology/portrait/header/1055382-1746692025.jpg?lm=1,1.0,0.0,,https://www.transfermarkt.co.uk/will-murdock/profil/spieler/1055382,GB1,Manchester United,,
1056437,Reigan,Heskey,Reigan Heskey,2025,281,reigan-heskey,England,Liverpool  ,England,2008-01-19 00:00:00,Left Winger,Attack,right,184.0,,,https://img.a.transfermarkt.technology/portrait/header/1056437-1759332590.jpg?lm=1,3.0,1.0,,https://www.transfermarkt.co.uk/reigan-heskey/profil/spieler/1056437,GB1,Manchester City,,
1056993,,Estêvão,Estêvão,2025,631,estevao,Brazil,Franca  ,Brazil,2007-04-24 00:00:00,Right Winger,Attack,left,178.0,2033-06-30 00:00:00,LINK SPORTS,https://img.a.transfermarkt.technology/portrait/header/1056993-1766148652.jpg?lm=1,11.0,5.0,,https://www.transfermarkt.co.uk/estevao/profil/spieler/1056993,GB1,Chelsea FC,80000000.0,80000000.0
1060087,Charalampos,Kostoulas,Charalampos Kostoulas,2025,1237,charalampos-kostoulas,Greece,Athens  ,Greece,2007-05-30 00:00:00,Centre-Forward,Attack,right,185.0,2030-06-30 00:00:00,OIS,https://img.a.transfermarkt.technology/portrait/header/1060087-1750779518.jpg?lm=1,4.0,0.0,,https://www.transfermarkt.co.uk/charalampos-kostoulas/profil/spieler/1060087,GB1,Brighton & Hove Albion,25000000.0,25000000.0
1060740,Enso,González,Enso González,2025,543,enso-gonzalez,Paraguay,Asunción  ,Paraguay,2005-01-20 00:00:00,Left Winger,Attack,left,169.0,2029-06-30 00:00:00,Pedro Aldave Ortuzar,https://img.a.transfermarkt.technology/portrait/header/1060740-1759089108.jpg?lm=1,2.0,0.0,,https://www.transfermarkt.co.uk/enso-gonzalez/profil/spieler/1060740,GB1,Wolverhampton Wanderers,2500000.0,4000000.0
1063329,Andrés,García,Andrés García,2025,405,andres-garcia,Spain,València  ,Spain,2003-02-07 00:00:00,Right-Back,Defender,right,185.0,2029-06-30 00:00:00,InterStarDeporte,https://img.a.transfermarkt.technology/portrait/header/1063329-1698880585.jpg?lm=1,3.0,0.0,,https://www.transfermarkt.co.uk/andres-garcia/profil/spieler/1063329,GB1,Aston Villa,6000000.0,7000000.0
1065181,Alfie,Cresswell,Alfie Cresswell,2025,399,alfie-cresswell,,,England,2007-07-15 00:00:00,Central Midfield,Midfield,,,2028-06-30 00:00:00,Blue Sky Sports,https://img.a.transfermarkt.technology/portrait/header/default.jpg?lm=1,,,,https://www.transfermarkt.co.uk/alfie-cresswell/profil/spieler/1065181,GB1,Leeds United,,
1065227,Tom,Edozie,Tom Edozie,2025,543,tom-edozie,,,England,2006-05-18 00:00:00,Right Winger,Attack,right,178.0,,Golden Gate Group,https://img.a.transfermarkt.technology/portrait/header/1065227-1746644460.jpg?lm=1,,,,https://www.transfermarkt.co.uk/tom-edozie/profil/spieler/1065227,GB1,Wolverhampton Wanderers,,
1067168,Harry,Howell,Harry Howell,2025,1237,harry-howell,England,Worthing  ,England,2008-04-20 00:00:00,Attacking Midfield,Midfield,left,,,FOKUS,https://img.a.transfermarkt.technology/portrait/header/1067168-1746643941.jpg?lm=1,3.0,1.0,,https://www.transfermarkt.co.uk/harry-howell/profil/spieler/1067168,GB1,Brighton & Hove Albion,300000.0,300000.0
1069512,Jonah,Kusi-Asare,Jonah Kusi-Asare,2025,931,jonah-kusi-asare,Sweden,Solna  ,Sweden,2007-07-04 00:00:00,Centre-Forward,Attack,right,196.0,2031-06-30 00:00:00,KSM AGENCY,https://img.a.transfermarkt.technology/portrait/header/1069512-1739808814.jpg?lm=1,11.0,1.0,,https://www.transfermarkt.co.uk/jonah-kusi-asare/profil/spieler/1069512,GB1,Fulham FC,3000000.0,4000000.0
1071818,Sean,Neave,Sean Neave,2025,762,sean-neave,England,Newcastle upon Tyne  ,England,2007-05-27 00:00:00,Centre-Forward,Attack,,184.0,,Unique Sports Group,https://img.a.transfermarkt.technology/portrait/header/1071818-1769071089.jpg?lm=1,1.0,0.0,,https://www.transfermarkt.co.uk/sean-neave/profil/spieler/1071818,GB1,Newcastle United,,
1071819,Ollie,Harrison,Ollie Harrison,2025,631,ollie-harrison,England,Gateshead  ,England,2007-08-07 00:00:00,Defensive Midfield,Midfield,,,2027-06-30 00:00:00,THE·TEAM,https://img.a.transfermarkt.technology/portrait/header/1071819-1774553943.jpg?lm=1,11.0,0.0,,https://www.transfermarkt.co.uk/ollie-harrison/profil/spieler/1071819,GB1,Chelsea FC,300000.0,300000.0
1072898,Jili,Buyabu,Jili Buyabu,2023,350,jili-buyabu,,,England,2003-08-09 00:00:00,Left-Back,Defender,both,182.0,2027-06-30 00:00:00,David Moss,https://img.a.transfermarkt.technology/portrait/header/default.jpg?lm=1,,,,https://www.transfermarkt.co.uk/jili-buyabu/profil/spieler/1072898,GB1,Sheffield United,200000.0,200000.0
1078156,Kaden,Braithwaite,Kaden Braithwaite,2025,281,kaden-braithwaite,England,Bolton  ,England,2008-02-08 00:00:00,Centre-Back,Defender,,194.0,,Gersh,https://img.a.transfermarkt.technology/portrait/header/1078156-1729775058.jpg?lm=1,3.0,0.0,,https://www.transfermarkt.co.uk/kaden-braithwaite/profil/spieler/1078156,GB1,Manchester City,,
1078158,Seth,Ridgeon,Seth Ridgeon,2025,931,seth-ridgeon,,,England,2008-09-12 00:00:00,Central Midfield,Midfield,right,171.0,,CAA Base Ltd,https://img.a.transfermarkt.technology/portrait/header/1078158-1762246219.jpg?lm=1,4.0,0.0,,https://www.transfermarkt.co.uk/seth-ridgeon/profil/spieler/1078158,GB1,Fulham FC,,
1078159,Ife,Ibrahim,Ife Ibrahim,2025,11,ife-ibrahim,England,London  ,England,2008-01-20 00:00:00,Defensive Midfield,Midfield,,,,,https://img.a.transfermarkt.technology/portrait/header/1078159-1760645079.jpg?lm=1,4.0,0.0,,https://www.transfermarkt.co.uk/ife-ibrahim/profil/spieler/1078159,GB1,Arsenal FC,,
1078163,Ayden,Heaven,Ayden Heaven,2025,985,ayden-heaven,England,London  ,England,2006-09-22 00:00:00,Centre-Back,Defender,left,189.0,2029-06-30 00:00:00,,https://img.a.transfermarkt.technology/portrait/header/1078163-1727382016.jpg?lm=1,3.0,1.0,,https://www.transfermarkt.co.uk/ayden-heaven/profil/spieler/1078163,GB1,Manchester United,30000000.0,30000000.0
1079078,Timur,Tuterov,Timur Tuterov,2025,289,timur-tuterov,Ukraine,"Bakhchysaray, AR Krym  ",Ukraine,2005-06-11 00:00:00,Left Winger,Attack,right,183.0,2027-06-30 00:00:00,PFA,https://img.a.transfermarkt.technology/portrait/header/1079078-1668373863.png?lm=1,5.0,0.0,,https://www.transfermarkt.co.uk/timur-tuterov/profil/spieler/1079078,GB1,Sunderland AFC,,
1080392,Fletcher,Holman,Fletcher Holman,2023,543,fletcher-holman,,,England,2004-10-12 00:00:00,Centre-Forward,Attack,,,,Unique Sports Group,https://img.a.transfermarkt.technology/portrait/header/default.jpg?lm=1,,,,https://www.transfermarkt.co.uk/fletcher-holman/profil/spieler/1080392,GB1,Wolverhampton Wanderers,,
1080903,Spike,Brits,Spike Brits,2024,281,spike-brits,England,Wimbledon  ,England,2007-06-24 00:00:00,Goalkeeper,Goalkeeper,right,,,Unique Sports Group,https://img.a.transfermarkt.technology/portrait/header/1080903-1739802825.jpg?lm=1,1.0,0.0,,https://www.transfermarkt.co.uk/spike-brits/profil/spieler/1080903,GB1,Manchester City,,
1081155,Saheed,Olagunju,Saheed Olagunju,2025,543,saheed-olagunju,England,London  ,England,2007-01-07 00:00:00,Centre-Back,Defender,left,,,CMG Sports,https://img.a.transfermarkt.technology/portrait/header/default.jpg?lm=1,3.0,0.0,,https://www.transfermarkt.co.uk/saheed-olagunju/profil/spieler/1081155,GB1,Wolverhampton Wanderers,,
1081995,Mohamadou,Kanté,Mohamadou Kanté,2025,379,mohamadou-kante,France,Paris  ,France,2005-09-20 00:00:00,Defensive Midfield,Midfield,right,189.0,2031-06-30 00:00:00,442 Partners,https://img.a.transfermarkt.technology/portrait/header/1081995-1741902531.jpg?lm=1,,,,https://www.transfermarkt.co.uk/mohamadou-kante/profil/spieler/1081995,GB1,West Ham United,1000000.0,1000000.0
1082283,Max,Hudson,Max Hudson,2024,281,max-hudson,Wales,Wrexham  ,Wales,2007-09-20 00:00:00,Goalkeeper,Goalkeeper,right,191.0,,CAA Base Ltd,https://img.a.transfermarkt.technology/portrait/header/1082283-1746640264.jpg?lm=1,2.0,0.0,,https://www.transfermarkt.co.uk/max-hudson/profil/spieler/1082283,GB1,Manchester City,,
1083691,Luke,Rawlings,Luke Rawlings,2025,543,luke-rawlings,Japan,Tokyo  ,England,2008-04-04 00:00:00,Defensive Midfield,Midfield,,,2027-06-30 00:00:00,FullNinety,https://img.a.transfermarkt.technology/portrait/header/1083691-1771869416.jpg?lm=1,5.0,1.0,,https://www.transfermarkt.co.uk/luke-rawlings/profil/spieler/1083691,GB1,Wolverhampton Wanderers,,
1085591,Bendito,Mantato,Bendito Mantato,2025,985,bendito-mantato,England,Manchester  ,England,2008-01-25 00:00:00,Right Winger,Attack,,180.0,,,https://img.a.transfermarkt.technology/portrait/header/1085591-1758915462.jpg?lm=1,5.0,0.0,,https://www.transfermarkt.co.uk/bendito-mantato/profil/spieler/1085591,GB1,Manchester United,400000.0,400000.0
1086258,,Souza,Souza,2025,148,souza,Brazil,Mauá  ,Brazil,2006-06-16 00:00:00,Left-Back,Defender,left,183.0,2031-06-30 00:00:00,Bertolucci Sports,https://img.a.transfermarkt.technology/portrait/header/1086258-1769207185.jpg?lm=1,12.0,0.0,,https://www.transfermarkt.co.uk/souza/profil/spieler/1086258,GB1,Tottenham Hotspur,12000000.0,12000000.0
1086375,Gustavo,Nunes,Gustavo Nunes,2025,1148,gustavo-nunes,Brazil,São Vicente do Sul  ,Brazil,2005-11-20 00:00:00,Left Winger,Attack,right,173.0,2030-06-30 00:00:00,Talents Sports,https://img.a.transfermarkt.technology/portrait/header/1086375-1717523011.jpg?lm=1,0.0,0.0,,https://www.transfermarkt.co.uk/gustavo-nunes/profil/spieler/1086375,GB1,Brentford FC,,
1086619,Giovanni,Leoni,Giovanni Leoni,2025,31,giovanni-leoni,Italy,Roma  ,Italy,2006-12-21 00:00:00,Centre-Back,Defender,right,196.0,2031-06-30 00:00:00,Excellence Sport,https://img.a.transfermarkt.technology/portrait/header/1086619-1751532399.jpg?lm=1,7.0,0.0,,https://www.transfermarkt.co.uk/giovanni-leoni/profil/spieler/1086619,GB1,Liverpool FC,25000000.0,25000000.0
1088817,Jayden,Luker,Jayden Luker,2023,1031,jayden-luker,England,London  ,England,2005-04-30 00:00:00,Central Midfield,Midfield,,,,Sync Global Sports,https://img.a.transfermarkt.technology/portrait/header/default.jpg?lm=1,,,,https://www.transfermarkt.co.uk/jayden-luker/profil/spieler/1088817,GB1,Luton Town,100000.0,100000.0
1088818,Joe,Johnson,Joe Johnson,2023,1031,joe-johnson,England,Barnet  ,England,2006-02-21 00:00:00,Left-Back,Defender,left,180.0,,Unique Sports Group,https://img.a.transfermarkt.technology/portrait/header/1088818-1713863668.jpg?lm=1,,,,https://www.transfermarkt.co.uk/joe-johnson/profil/spieler/1088818,GB1,Luton Town,100000.0,100000.0
1089802,Remy,Rees-Dottin,Remy Rees-Dottin,2025,989,remy-rees-dottin,,,England,2006-03-06 00:00:00,Centre-Forward,Attack,right,174.0,,AGM Sports Ltd,https://img.a.transfermarkt.technology/portrait/header/1089802-1746642889.jpg?lm=1,,,,https://www.transfermarkt.co.uk/remy-rees-dottin/profil/spieler/1089802,GB1,AFC Bournemouth,300000.0,300000.0
1091562,Romelle,Donovan,Romelle Donovan,2025,1148,romelle-donovan,England,Birmingham   ,England,2006-11-30 00:00:00,Right Winger,Attack,left,171.0,2027-05-31 00:00:00,CAA Stellar,https://img.a.transfermarkt.technology/portrait/header/1091562-1754902556.jpg?lm=1,1.0,0.0,,https://www.transfermarkt.co.uk/romelle-donovan/profil/spieler/1091562,GB1,Brentford FC,3500000.0,3500000.0
1092671,Marley,Leuluai,Marley Leuluai,2025,1132,marley-leuluai,Australia,Manly  ,New Zealand,2006-11-08 00:00:00,Defensive Midfield,Midfield,,181.0,,,https://img.a.transfermarkt.technology/portrait/header/default.jpg?lm=1,4.0,0.0,,https://www.transfermarkt.co.uk/marley-leuluai/profil/spieler/1092671,GB1,Burnley FC,,
1095369,Khari,Ranson,Khari Ranson,2025,11,khari-ranson,England,London  ,England,2007-09-13 00:00:00,Goalkeeper,Goalkeeper,,,,,https://img.a.transfermarkt.technology/portrait/header/1095369-1760644784.jpg?lm=1,3.0,0.0,,https://www.transfermarkt.co.uk/khari-ranson/profil/spieler/1095369,GB1,Arsenal FC,,
1099929,Tom,Taylor,Tom Taylor,2024,677,tom-taylor,,,England,2006-02-21 00:00:00,Attacking Midfield,Midfield,,,,,https://img.a.transfermarkt.technology/portrait/header/default.jpg?lm=1,,,,https://www.transfermarkt.co.uk/tom-taylor/profil/spieler/1099929,GB1,Ipswich Town,,
1107726,Ezra,Mayers,Ezra Mayers,2025,379,ezra-mayers,England,Wanstead  ,England,2007-01-16 00:00:00,Centre-Back,Defender,left,183.0,2028-06-30 00:00:00,CAA Base Ltd,https://img.a.transfermarkt.technology/portrait/header/1107726-1766482312.jpg?lm=1,3.0,1.0,,https://www.transfermarkt.co.uk/ezra-mayers/profil/spieler/1107726,GB1,West Ham United,2000000.0,2000000.0
1107733,Harrison,Armstrong,Harrison Armstrong,2025,29,harrison-armstrong,England,Liverpool  ,England,2007-01-19 00:00:00,Central Midfield,Midfield,right,185.0,2028-06-30 00:00:00,CAA Base Ltd,https://img.a.transfermarkt.technology/portrait/header/1107733-1736161319.jpg?lm=1,8.0,2.0,,https://www.transfermarkt.co.uk/harrison-armstrong/profil/spieler/1107733,GB1,Everton FC,12000000.0,12000000.0
1108049,Amara,Nallo,Amara Nallo,2025,31,amara-nallo,,,England,2006-11-18 00:00:00,Centre-Back,Defender,both,186.0,2028-06-30 00:00:00,CAA Stellar,https://img.a.transfermarkt.technology/portrait/header/1108049-1709158277.jpg?lm=1,1.0,0.0,,https://www.transfermarkt.co.uk/amara-nallo/profil/spieler/1108049,GB1,Liverpool FC,1000000.0,1000000.0
1108464,Reggie,Walsh,Reggie Walsh,2025,631,reggie-walsh,England,Chertsey  ,England,2008-10-20 00:00:00,Attacking Midfield,Midfield,right,176.0,2028-06-30 00:00:00,,https://img.a.transfermarkt.technology/portrait/header/1108464-1761329393.jpg?lm=1,3.0,0.0,,https://www.transfermarkt.co.uk/reggie-walsh/profil/spieler/1108464,GB1,Chelsea FC,500000.0,500000.0
1108465,Malachi,Hardy,Malachi Hardy,2025,148,malachi-hardy,England,Watford  ,England,2008-03-10 00:00:00,Centre-Back,Defender,right,191.0,,THE·TEAM,https://img.a.transfermarkt.technology/portrait/header/1108465-1737735182.jpg?lm=1,1.0,0.0,,https://www.transfermarkt.co.uk/malachi-hardy/profil/spieler/1108465,GB1,Tottenham Hotspur,,
1108466,Rio,Ngumoha,Rio Ngumoha,2025,31,rio-ngumoha,England,London  ,England,2008-08-29 00:00:00,Left Winger,Attack,right,170.0,2028-06-30 00:00:00,,https://img.a.transfermarkt.technology/portrait/header/1108466-1730834754.jpg?lm=1,11.0,1.0,,https://www.transfermarkt.co.uk/rio-ngumoha/profil/spieler/1108466,GB1,Liverpool FC,30000000.0,30000000.0
1108471,Landon,Emenalo,Landon Emenalo,2025,631,landon-emenalo,United States,"Tucson, Arizona  ",England,2008-01-18 00:00:00,Left-Back,Defender,left,180.0,2031-06-30 00:00:00,,https://img.a.transfermarkt.technology/portrait/header/1108471-1746640954.jpg?lm=1,2.0,0.0,,https://www.transfermarkt.co.uk/landon-emenalo/profil/spieler/1108471,GB1,Chelsea FC,,
1108475,Luca,Williams-Barnett,Luca Williams-Barnett,2025,148,luca-williams-barnett,England,Luton  ,England,2008-10-01 00:00:00,Attacking Midfield,Midfield,both,179.0,,CAA Base Ltd,https://img.a.transfermarkt.technology/portrait/header/1108475-1747198458.jpg?lm=1,3.0,2.0,,https://www.transfermarkt.co.uk/luca-williams-barnett/profil/spieler/1108475,GB1,Tottenham Hotspur,,
1108476,Harry,Gray,Harry Gray,2025,399,harry-gray,,,England,2008-10-08 00:00:00,Centre-Forward,Attack,right,185.0,2027-06-30 00:00:00,Blue Sky Sports,https://img.a.transfermarkt.technology/portrait/header/1108476-1745497860.jpg?lm=1,5.0,1.0,,https://www.transfermarkt.co.uk/harry-gray/profil/spieler/1108476,GB1,Leeds United,,
1108667,Dovydas,Sasnauskas,Dovydas Sasnauskas,2023,350,dovydas-sasnauskas,,,Lithuania,2007-02-16 00:00:00,Centre-Back,Defender,right,,,,https://img.a.transfermarkt.technology/portrait/header/default.jpg?lm=1,,,,https://www.transfermarkt.co.uk/dovydas-sasnauskas/profil/spieler/1108667,GB1,Sheffield United,,
1108668,Airidas,Golambeckis,Airidas Golambeckis,2025,379,airidas-golambeckis,,,England,2007-11-04 00:00:00,Centre-Back,Defender,,,2029-06-30 00:00:00,CAA Stellar,https://img.a.transfermarkt.technology/portrait/header/1108668-1760644850.jpg?lm=1,9.0,0.0,,https://www.transfermarkt.co.uk/airidas-golambeckis/profil/spieler/1108668,GB1,West Ham United,,
1111589,El Hadji Malick,Diouf,El Hadji Malick Diouf,2025,379,el-hadji-malick-diouf,Senegal,Ziguinchor  ,Senegal,2004-12-28 00:00:00,Left-Back,Defender,left,177.0,2030-06-30 00:00:00,PSM,https://img.a.transfermarkt.technology/portrait/header/1111589-1768815059.jpg?lm=1,23.0,1.0,,https://www.transfermarkt.co.uk/el-hadji-malick-diouf/profil/spieler/1111589,GB1,West Ham United,28000000.0,28000000.0
1115502,Wesley,Okoduwa,Wesley Okoduwa,2024,543,wesley-okoduwa,United States,"New York City, New York  ",England,2008-05-12 00:00:00,Right-Back,Defender,,,,Unique Sports Group,https://img.a.transfermarkt.technology/portrait/header/1115502-1746644251.jpg?lm=1,4.0,0.0,,https://www.transfermarkt.co.uk/wesley-okoduwa/profil/spieler/1115502,GB1,Wolverhampton Wanderers,,
1120418,Freddie,Simmonds,Freddie Simmonds,2025,1237,freddie-simmonds,,,England,2008-03-09 00:00:00,Centre-Back,Defender,right,189.0,,,https://img.a.transfermarkt.technology/portrait/header/1120418-1746643791.jpg?lm=1,2.0,0.0,,https://www.transfermarkt.co.uk/freddie-simmonds/profil/spieler/1120418,GB1,Brighton & Hove Albion,,
1122027,Jayden,Moore,Jayden Moore,2024,180,jayden-moore,,,England,2006-12-12 00:00:00,Centre-Back,Defender,right,193.0,2026-05-31 00:00:00,,https://img.a.transfermarkt.technology/portrait/header/default.jpg?lm=1,,,,https://www.transfermarkt.co.uk/jayden-moore/profil/spieler/1122027,GB1,Southampton FC,,
1122308,Jayden,Lienou,Jayden Lienou,2025,399,jayden-lienou,England,Wigan  ,Wales,2008-04-08 00:00:00,Left-Back,Defender,left,,2028-06-30 00:00:00,Gersh,https://img.a.transfermarkt.technology/portrait/header/1122308-1782979106.jpg?lm=1,0.0,0.0,,https://www.transfermarkt.co.uk/jayden-lienou/profil/spieler/1122308,GB1,Leeds United,,
1122668,Charlie,Stevens,Charlie Stevens,2025,989,charlie-stevens,England,Poole  ,Wales,2007-05-31 00:00:00,Defensive Midfield,Midfield,,,,NVA SEG,https://img.a.transfermarkt.technology/portrait/header/1122668-1782978741.jpg?lm=1,8.0,0.0,,https://www.transfermarkt.co.uk/charlie-stevens/profil/spieler/1122668,GB1,AFC Bournemouth,,
1122712,Braiden,Graham,Braiden Graham,2025,29,braiden-graham,Northern Ireland,Ballygowan  ,Northern Ireland,2007-11-07 00:00:00,Centre-Forward,Attack,right,175.0,2027-06-30 00:00:00,Murdock Sports Group,https://img.a.transfermarkt.technology/portrait/header/1122712-1771002961.jpg?lm=1,0.0,0.0,,https://www.transfermarkt.co.uk/braiden-graham/profil/spieler/1122712,GB1,Everton FC,,
1130022,Kornel,Misciur,Kornel Misciur,2025,31,kornel-misciur,England,Scarborough  ,Poland,2007-04-27 00:00:00,Goalkeeper,Goalkeeper,,,,Blue Sky Sports,https://img.a.transfermarkt.technology/portrait/header/1130022-1730834872.jpg?lm=1,1.0,0.0,,https://www.transfermarkt.co.uk/kornel-misciur/profil/spieler/1130022,GB1,Liverpool FC,,
1131945,TJ,Carroll,TJ Carroll,2025,405,tj-carroll,,,England,2007-03-22 00:00:00,Centre-Back,Defender,right,197.0,,Jason Mac,https://img.a.transfermarkt.technology/portrait/header/1131945-1767604957.jpg?lm=1,,,,https://www.transfermarkt.co.uk/tj-carroll/profil/spieler/1131945,GB1,Aston Villa,,
1131973,Jack,Porter,Jack Porter,2025,11,jack-porter,England,Chelmsford  ,England,2008-07-15 00:00:00,Goalkeeper,Goalkeeper,right,187.0,,World in Motion,https://img.a.transfermarkt.technology/portrait/header/1131973-1727381825.jpg?lm=1,2.0,0.0,,https://www.transfermarkt.co.uk/jack-porter/profil/spieler/1131973,GB1,Arsenal FC,300000.0,400000.0
1134717,Seung-soo,Park,Seung-soo Park,2025,762,seung-soo-park,"Korea, South",Seoul  ,"Korea, South",2007-03-17 00:00:00,Left Winger,Attack,right,184.0,,FS Corporation,https://img.a.transfermarkt.technology/portrait/header/1134717-1755456190.jpg?lm=1,0.0,0.0,,https://www.transfermarkt.co.uk/seung-soo-park/profil/spieler/1134717,GB1,Newcastle United,,
1135364,Olabade,Aluko,Olabade Aluko,2024,1003,olabade-aluko,,,England,2006-11-30 00:00:00,Right-Back,Defender,right,182.0,,Wasserman,https://img.a.transfermarkt.technology/portrait/header/1135364-1746692814.jpg?lm=1,2.0,0.0,,https://www.transfermarkt.co.uk/olabade-aluko/profil/spieler/1135364,GB1,Leicester City,,
1135611,Jesse,Derry,Jesse Derry,2025,631,jesse-derry,England,Harrogate  ,England,2007-06-30 00:00:00,Left Winger,Attack,,,2032-06-30 00:00:00,,https://img.a.transfermarkt.technology/portrait/header/1135611-1750021366.jpg?lm=1,15.0,8.0,,https://www.transfermarkt.co.uk/jesse-derry/profil/spieler/1135611,GB1,Chelsea FC,,
1138200,Joshua,Ajala,Joshua Ajala,2025,379,joshua-ajala,,,England,2006-11-13 00:00:00,Centre-Forward,Attack,right,,2028-06-30 00:00:00,,https://img.a.transfermarkt.technology/portrait/header/default.jpg?lm=1,2.0,0.0,,https://www.transfermarkt.co.uk/joshua-ajala/profil/spieler/1138200,GB1,West Ham United,,
1141628,Yunus,Konak,Yunus Konak,2025,1148,yunus-konak,Türkiye,Batman  ,Türkiye,2006-01-10 00:00:00,Defensive Midfield,Midfield,right,181.0,2029-06-30 00:00:00,FutureBall,https://img.a.transfermarkt.technology/portrait/header/1141628-1746436952.jpg?lm=1,16.0,0.0,,https://www.transfermarkt.co.uk/yunus-konak/profil/spieler/1141628,GB1,Brentford FC,3500000.0,4500000.0
1144158,Benjamin,Arthur,Benjamin Arthur,2025,1148,benjamin-arthur,,,England,2005-10-09 00:00:00,Centre-Back,Defender,right,192.0,2031-06-30 00:00:00,Tier One,https://img.a.transfermarkt.technology/portrait/header/1144158-1746643399.jpg?lm=1,1.0,0.0,,https://www.transfermarkt.co.uk/benjamin-arthur/profil/spieler/1144158,GB1,Brentford FC,100000.0,100000.0
1145455,Nils,Ramming,Nils Ramming,2025,1237,nils-ramming,England,London  ,Sweden,2007-03-28 00:00:00,Goalkeeper,Goalkeeper,both,194.0,2030-06-30 00:00:00,,https://img.a.transfermarkt.technology/portrait/header/1145455-1732894258.jpg?lm=1,0.0,0.0,,https://www.transfermarkt.co.uk/nils-ramming/profil/spieler/1145455,GB1,Brighton & Hove Albion,500000.0,500000.0
1146664,Sam,Alabi,Sam Alabi,2025,762,sam-alabi,England,Manchester  ,England,2009-07-09 00:00:00,Central Midfield,Midfield,left,,,,https://img.a.transfermarkt.technology/portrait/header/default.jpg?lm=1,6.0,1.0,,https://www.transfermarkt.co.uk/sam-alabi/profil/spieler/1146664,GB1,Newcastle United,,
1147384,Ellis,Clark,Ellis Clark,2025,1132,ellis-clark,,,Scotland,2007-06-26 00:00:00,Central Midfield,Midfield,,,2027-06-30 00:00:00,EAA,https://img.a.transfermarkt.technology/portrait/header/default.jpg?lm=1,,,,https://www.transfermarkt.co.uk/ellis-clark/profil/spieler/1147384,GB1,Burnley FC,,
1160291,Josh,Gracey,Josh Gracey,2025,543,josh-gracey,Northern Ireland,Portadown  ,Northern Ireland,2007-12-14 00:00:00,Goalkeeper,Goalkeeper,,196.0,2027-06-30 00:00:00,,https://img.a.transfermarkt.technology/portrait/header/default.jpg?lm=1,7.0,0.0,,https://www.transfermarkt.co.uk/josh-gracey/profil/spieler/1160291,GB1,Wolverhampton Wanderers,,
1165131,Kian,McMahon-Brown,Kian McMahon-Brown,2025,1132,kian-mcmahon-brown,,,Ireland,2008-08-03 00:00:00,Right Winger,Attack,,175.0,2028-06-30 00:00:00,Murdock Sports Group,https://img.a.transfermarkt.technology/portrait/header/1165131-1762419061.jpg?lm=1,0.0,0.0,,https://www.transfermarkt.co.uk/kian-mcmahon-brown/profil/spieler/1165131,GB1,Burnley FC,,
1170892,Finn,Geragusyan,Finn Geragusyan,2025,289,finn-geragusyan,England,Durham  ,Armenia,2007-10-28 00:00:00,Centre-Forward,Attack,left,191.0,,THE·TEAM,https://img.a.transfermarkt.technology/portrait/header/1170892-1774949999.png?lm=1,1.0,0.0,,https://www.transfermarkt.co.uk/finn-geragusyan/profil/spieler/1170892,GB1,Sunderland AFC,,
1171764,Jake,Evans,Jake Evans,2024,1003,jake-evans,England,Northampton  ,England,2008-08-21 00:00:00,Centre-Forward,Attack,left,175.0,2026-05-31 00:00:00,Unique Sports Group,https://img.a.transfermarkt.technology/portrait/header/1171764-1746693038.jpg?lm=1,2.0,0.0,,https://www.transfermarkt.co.uk/jake-evans/profil/spieler/1171764,GB1,Leicester City,,
1172138,Malik,Olayiwola,Malik Olayiwola,2025,29,malik-olayiwola,,,England,2009-01-08 00:00:00,Central Midfield,Midfield,,,2028-06-30 00:00:00,CAA Stellar,https://img.a.transfermarkt.technology/portrait/header/default.jpg?lm=1,4.0,0.0,,https://www.transfermarkt.co.uk/malik-olayiwola/profil/spieler/1172138,GB1,Everton FC,,
1172645,Emilio,Ballard-Matthews,Emilio Ballard-Matthews,2023,543,emilio-ballard-matthews,England,Westminster  ,England,2008-08-11 00:00:00,Left Winger,Attack,both,,,,https://img.a.transfermarkt.technology/portrait/header/default.jpg?lm=1,,,,https://www.transfermarkt.co.uk/emilio-ballard-matthews/profil/spieler/1172645,GB1,Wolverhampton Wanderers,,
1172646,Ben,Casey,Ben Casey,2025,873,ben-casey,,,England,2008-02-04 00:00:00,Centre-Forward,Attack,,,,L.S.G,https://img.a.transfermarkt.technology/portrait/header/1172646-1767787883.jpg?lm=1,2.0,0.0,,https://www.transfermarkt.co.uk/ben-casey/profil/spieler/1172646,GB1,Crystal Palace,,
1178758,Malick,Yalcouyé,Malick Yalcouyé,2025,1237,malick-yalcouye,Mali,Bandiagara  ,Cote d'Ivoire,2005-11-18 00:00:00,Central Midfield,Midfield,right,169.0,2029-06-30 00:00:00,Unique Sports Group,https://img.a.transfermarkt.technology/portrait/header/1178758-1736777511.jpg?lm=1,6.0,0.0,,https://www.transfermarkt.co.uk/malick-yalcouye/profil/spieler/1178758,GB1,Brighton & Hove Albion,12000000.0,17000000.0
1180733,Ceadach,O'Neill,Ceadach O'Neill,2025,11,ceadach-oneill,Northern Ireland,Kilrea  ,Northern Ireland,2008-04-10 00:00:00,Centre-Forward,Attack,,,2027-06-30 00:00:00,Gersh,https://img.a.transfermarkt.technology/portrait/header/1180733-1759838119.jpg?lm=1,2.0,0.0,,https://www.transfermarkt.co.uk/ceadach-oneill/profil/spieler/1180733,GB1,Arsenal FC,,
1184840,Jim,Thwaites,Jim Thwaites,2025,985,jim-thwaites,,,England,2007-12-20 00:00:00,Defensive Midfield,Midfield,right,,,SBE Management AG,https://img.a.transfermarkt.technology/portrait/header/1184840-1771076361.jpg?lm=1,,,,https://www.transfermarkt.co.uk/jim-thwaites/profil/spieler/1184840,GB1,Manchester United,,
1184841,Godwill,Kukonki,Godwill Kukonki,2025,985,godwill-kukonki,England,Stoke-on-Trent  ,England,2008-02-06 00:00:00,Centre-Back,Defender,left,196.0,,Enhance,https://img.a.transfermarkt.technology/portrait/header/1184841-1744313304.jpg?lm=1,3.0,0.0,,https://www.transfermarkt.co.uk/godwill-kukonki/profil/spieler/1184841,GB1,Manchester United,,
1187629,Max,Dowman,Max Dowman,2025,11,max-dowman,England,Chelmsford  ,England,2009-12-31 00:00:00,Right Winger,Attack,left,183.0,,,https://img.a.transfermarkt.technology/portrait/header/1187629-1773914587.jpg?lm=1,10.0,2.0,,https://www.transfermarkt.co.uk/max-dowman/profil/spieler/1187629,GB1,Arsenal FC,30000000.0,30000000.0
1187640,Ryan,McAidoo,Ryan McAidoo,2025,281,ryan-mcaidoo,England,London  ,England,2008-06-24 00:00:00,Right Winger,Attack,left,174.0,,,https://img.a.transfermarkt.technology/portrait/header/1187640-1729774632.jpg?lm=1,7.0,2.0,,https://www.transfermarkt.co.uk/ryan-mcaidoo/profil/spieler/1187640,GB1,Manchester City,,
1196272,Jun'ai,Byfield,Jun'ai Byfield,2025,148,junai-byfield,England,London  ,England,2008-12-06 00:00:00,Centre-Back,Defender,,185.0,2027-06-30 00:00:00,,https://img.a.transfermarkt.technology/portrait/header/1196272-1756231683.jpg?lm=1,5.0,1.0,,https://www.transfermarkt.co.uk/junai-byfield/profil/spieler/1196272,GB1,Tottenham Hotspur,,
1202361,Bradley,Burrowes,Bradley Burrowes,2025,405,bradley-burrowes,England,Bristol  ,England,2008-03-04 00:00:00,Right Winger,Attack,right,169.0,2027-06-30 00:00:00,Unique Sports Group,https://img.a.transfermarkt.technology/portrait/header/1202361-1746642416.jpg?lm=1,2.0,0.0,,https://www.transfermarkt.co.uk/bradley-burrowes/profil/spieler/1202361,GB1,Aston Villa,2000000.0,2000000.0
1202376,Brandon,Pouani,Brandon Pouani,2025,1132,brandon-pouani,,,England,2007-12-10 00:00:00,Left Winger,Attack,,,2027-06-30 00:00:00,,https://img.a.transfermarkt.technology/portrait/header/default.jpg?lm=1,,,,https://www.transfermarkt.co.uk/brandon-pouani/profil/spieler/1202376,GB1,Burnley FC,,
1203143,Dominic,Dos Santos Martins,Dominic Dos Santos Martins,2023,1031,dominic-dos-santos-martins,,,Portugal,2005-10-13 00:00:00,Defensive Midfield,Midfield,,,2025-06-30 00:00:00,,https://img.a.transfermarkt.technology/portrait/header/default.jpg?lm=1,,,,https://www.transfermarkt.co.uk/dominic-dos-santos-martins/profil/spieler/1203143,GB1,Luton Town,,
1210923,Tyrone,Samba,Tyrone Samba,2025,281,tyrone-samba,England,Macclesfield  ,England,2007-12-31 00:00:00,Left Winger,Attack,,,,Gersh,https://img.a.transfermarkt.technology/portrait/header/1210923-1768994981.jpg?lm=1,,,,https://www.transfermarkt.co.uk/tyrone-samba/profil/spieler/1210923,GB1,Manchester City,,
1211262,Ollie,Shield,Ollie Shield,2025,1148,ollie-shield,,,England,2006-09-25 00:00:00,Right-Back,Defender,,,,Unique Sports Group,https://img.a.transfermarkt.technology/portrait/header/default.jpg?lm=1,,,,https://www.transfermarkt.co.uk/ollie-shield/profil/spieler/1211262,GB1,Brentford FC,,
1214634,Oliver,Pimlott,Oliver Pimlott,2025,1132,oliver-pimlott,,,England,2007-04-07 00:00:00,Left-Back,Defender,,,2027-06-30 00:00:00,CAA Stellar,https://img.a.transfermarkt.technology/portrait/header/default.jpg?lm=1,,,,https://www.transfermarkt.co.uk/oliver-pimlott/profil/spieler/1214634,GB1,Burnley FC,,
1217886,Rhys,Oakley,Rhys Oakley,2025,405,rhys-oakley,,,England,2008-09-16 00:00:00,Goalkeeper,Goalkeeper,,,,Dominance Sports,https://img.a.transfermarkt.technology/portrait/header/default.jpg?lm=1,,,,https://www.transfermarkt.co.uk/rhys-oakley/profil/spieler/1217886,GB1,Aston Villa,,
1225825,Christian,Chigozie,Christian Chigozie,2023,1031,christian-chigozie,,,England,2007-03-01 00:00:00,Centre-Back,Defender,,,,,https://img.a.transfermarkt.technology/portrait/header/default.jpg?lm=1,,,,https://www.transfermarkt.co.uk/christian-chigozie/profil/spieler/1225825,GB1,Luton Town,,
1230661,Mateus,Mané,Mateus Mané,2025,543,mateus-mane,Portugal,Barreiro  ,Portugal,2007-09-16 00:00:00,Attacking Midfield,Midfield,right,175.0,2029-06-30 00:00:00,Enhance,https://img.a.transfermarkt.technology/portrait/header/1230661-1771869256.jpg?lm=1,2.0,0.0,,https://www.transfermarkt.co.uk/mateus-mane/profil/spieler/1230661,GB1,Wolverhampton Wanderers,20000000.0,20000000.0
1237073,Lander,Emery,Lander Emery,2023,405,lander-emery,,,Spain,2003-03-29 00:00:00,Goalkeeper,Goalkeeper,,,,MYSPORTDEAL,https://img.a.transfermarkt.technology/portrait/header/default.jpg?lm=1,,,,https://www.transfermarkt.co.uk/lander-emery/profil/spieler/1237073,GB1,Aston Villa,,
1237740,Andre,Harriman-Annous,Andre Harriman-Annous,2025,11,andre-harriman-annous,England,London  ,England,2007-12-28 00:00:00,Centre-Forward,Attack,,181.0,,ROOF,https://img.a.transfermarkt.technology/portrait/header/1237740-1759838029.jpg?lm=1,2.0,0.0,,https://www.transfermarkt.co.uk/andre-harriman-annous/profil/spieler/1237740,GB1,Arsenal FC,,
1245948,Jeremy,Monga,Jeremy Monga,2024,1003,jeremy-monga,England,Coventry  ,England,2009-07-10 00:00:00,Left Winger,Attack,right,179.0,,PLG,https://img.a.transfermarkt.technology/portrait/header/1245948-1744091689.jpg?lm=1,7.0,0.0,,https://www.transfermarkt.co.uk/jeremy-monga/profil/spieler/1245948,GB1,Leicester City,,
1250269,Brando,Bailey-Joseph,Brando Bailey-Joseph,2025,11,brando-bailey-joseph,,,England,2008-10-02 00:00:00,Left Winger,Attack,,,2027-06-30 00:00:00,Straight Ace Sports,https://img.a.transfermarkt.technology/portrait/header/1250269-1759837944.jpg?lm=1,2.0,0.0,,https://www.transfermarkt.co.uk/brando-bailey-joseph/profil/spieler/1250269,GB1,Arsenal FC,,
1255573,Ryan,Kavuma-McQueen,Ryan Kavuma-McQueen,2025,631,ryan-kavuma-mcqueen,England,London  ,England,2009-01-01 00:00:00,Right Winger,Attack,left,179.0,2028-06-30 00:00:00,Unique Sports Group,https://img.a.transfermarkt.technology/portrait/header/1255573-1757447929.jpg?lm=1,6.0,8.0,,https://www.transfermarkt.co.uk/ryan-kavuma-mcqueen/profil/spieler/1255573,GB1,Chelsea FC,,
1255575,Tynan,Thompson,Tynan Thompson,2025,148,tynan-thompson,England,London  ,England,2008-04-17 00:00:00,Left Winger,Attack,,187.0,,Two Touch Agency,https://img.a.transfermarkt.technology/portrait/header/default.jpg?lm=1,7.0,0.0,,https://www.transfermarkt.co.uk/tynan-thompson/profil/spieler/1255575,GB1,Tottenham Hotspur,,
1263738,Charlie,Holland,Charlie Holland,2025,631,charlie-holland,England,London  ,England,2009-07-03 00:00:00,Defensive Midfield,Midfield,,180.0,,CAA Stellar,https://img.a.transfermarkt.technology/portrait/header/default.jpg?lm=1,2.0,0.0,,https://www.transfermarkt.co.uk/charlie-holland/profil/spieler/1263738,GB1,Chelsea FC,,
1263739,Floyd,Samba,Floyd Samba,2025,281,floyd-samba,England,Macclesfield  ,England,2009-01-15 00:00:00,Central Midfield,Midfield,right,183.0,,Gersh,https://img.a.transfermarkt.technology/portrait/header/1263739-1759332312.jpg?lm=1,6.0,1.0,,https://www.transfermarkt.co.uk/floyd-samba/profil/spieler/1263739,GB1,Manchester City,,
1283997,Diego,León,Diego León,2025,985,diego-leon,Paraguay,Yguazú  ,Paraguay,2007-04-03 00:00:00,Left-Back,Defender,left,177.0,2029-06-30 00:00:00,La Squadra Sports,https://img.a.transfermarkt.technology/portrait/header/1283997-1751711448.jpg?lm=1,1.0,0.0,,https://www.transfermarkt.co.uk/diego-leon/profil/spieler/1283997,GB1,Manchester United,4000000.0,4000000.0
1285021,Dean,Benamar,Dean Benamar,2025,873,dean-benamar,,,England,2008-05-31 00:00:00,Left-Back,Defender,left,,,Unique Sports Group,https://img.a.transfermarkt.technology/portrait/header/1285021-1749200109.jpg?lm=1,1.0,1.0,,https://www.transfermarkt.co.uk/dean-benamar/profil/spieler/1285021,GB1,Crystal Palace,,
1287035,Mohamed,Koné,Mohamed Koné,2025,405,mohamed-kone,,,Cote d'Ivoire,2007-07-03 00:00:00,Central Midfield,Midfield,,,,Tamegnon Consulting,https://img.a.transfermarkt.technology/portrait/header/default.jpg?lm=1,5.0,0.0,,https://www.transfermarkt.co.uk/mohamed-kone/profil/spieler/1287035,GB1,Aston Villa,,
1294399,Marli,Salmon,Marli Salmon,2025,11,marli-salmon,England,London  ,England,2009-08-29 00:00:00,Centre-Back,Defender,right,187.0,2027-06-30 00:00:00,,https://img.a.transfermarkt.technology/portrait/header/1294399-1759837818.jpg?lm=1,4.0,0.0,,https://www.transfermarkt.co.uk/marli-salmon/profil/spieler/1294399,GB1,Arsenal FC,,
1300041,Leon,Routh,Leon Routh,2025,405,leon-routh,,,England,2007-11-30 00:00:00,Centre-Back,Defender,,,,Jason Mac,https://img.a.transfermarkt.technology/portrait/header/1300041-1767627860.jpg?lm=1,2.0,0.0,,https://www.transfermarkt.co.uk/leon-routh/profil/spieler/1300041,GB1,Aston Villa,,
1303354,Tye,Hall,Tye Hall,2025,148,tye-hall,England,Warrington  ,England,2007-10-01 00:00:00,Central Midfield,Midfield,right,183.0,,CAA Base Ltd,https://img.a.transfermarkt.technology/portrait/header/default.jpg?lm=1,,,,https://www.transfermarkt.co.uk/tye-hall/profil/spieler/1303354,GB1,Tottenham Hotspur,,
1322090,Jocelin Ta,Bi,Jocelin Ta Bi,2025,289,jocelin-ta-bi,Cote d'Ivoire,Attécoubé  ,Cote d'Ivoire,2005-02-09 00:00:00,Right Winger,Attack,left,175.0,2030-06-30 00:00:00,Fisher Sport Ltd,https://img.a.transfermarkt.technology/portrait/header/1322090-1768311614.jpg?lm=1,3.0,2.0,,https://www.transfermarkt.co.uk/jocelin-ta-bi/profil/spieler/1322090,GB1,Sunderland AFC,2500000.0,3000000.0
1323654,Malcom,Dacosta González,Malcom Dacosta González,2025,989,malcom-dacosta-gonzalez,Spain,Alicante  ,Ecuador,2008-04-17 00:00:00,Defensive Midfield,Midfield,,193.0,,Two Touch Agency,https://img.a.transfermarkt.technology/portrait/header/default.jpg?lm=1,0.0,0.0,,https://www.transfermarkt.co.uk/malcom-dacosta-gonzalez/profil/spieler/1323654,GB1,AFC Bournemouth,,
1328146,Lamin,Sillah,Lamin Sillah,2025,703,lamin-sillah,,,The Gambia,2006-06-06 00:00:00,Centre-Forward,Attack,,,2028-06-30 00:00:00,SPOCS Global Sports,https://img.a.transfermarkt.technology/portrait/header/default.jpg?lm=1,5.0,2.0,,https://www.transfermarkt.co.uk/lamin-sillah/profil/spieler/1328146,GB1,Nottingham Forest,,
1336100,Mathis,Eboué,Mathis Eboué,2025,631,mathis-eboue,England,Watford  ,England,2009-02-27 00:00:00,Left Winger,Attack,,178.0,2028-06-30 00:00:00,Two Touch Agency,https://img.a.transfermarkt.technology/portrait/header/1336100-1783159996.jpg?lm=1,6.0,4.0,,https://www.transfermarkt.co.uk/mathis-eboue/profil/spieler/1336100,GB1,Chelsea FC,,
1340428,Will,Wright,Will Wright,2025,31,will-wright,England,Preston  ,England,2008-01-01 00:00:00,Centre-Forward,Attack,,190.0,2028-06-30 00:00:00,OmniSports,https://img.a.transfermarkt.technology/portrait/header/1340428-1771076542.jpg?lm=1,,,,https://www.transfermarkt.co.uk/will-wright/profil/spieler/1340428,GB1,Liverpool FC,,
1348941,Joél,Drakes-Thomas,Joél Drakes-Thomas,2025,873,joel-drakes-thomas,England,London  ,England,2009-06-09 00:00:00,Right Winger,Attack,right,180.0,,THE·TEAM,https://img.a.transfermarkt.technology/portrait/header/1348941-1767787393.jpg?lm=1,6.0,0.0,,https://www.transfermarkt.co.uk/joel-drakes-thomas/profil/spieler/1348941,GB1,Crystal Palace,,
1352710,George,Brierley,George Brierley,2025,1132,george-brierley,,,England,2007-11-20 00:00:00,Central Midfield,Midfield,,,2028-06-30 00:00:00,,https://img.a.transfermarkt.technology/portrait/header/default.jpg?lm=1,,,,https://www.transfermarkt.co.uk/george-brierley/profil/spieler/1352710,GB1,Burnley FC,,
1370903,Jerome,Abbey,Jerome Abbey,2025,543,jerome-abbey,,,England,2009-09-16 00:00:00,Defensive Midfield,Midfield,,,,CAA Stellar,https://img.a.transfermarkt.technology/portrait/header/default.jpg?lm=1,2.0,0.0,,https://www.transfermarkt.co.uk/jerome-abbey/profil/spieler/1370903,GB1,Wolverhampton Wanderers,,
1407213,Luka,Bentt,Luka Bentt,2025,1148,luka-bentt,United States,"Washington, D.C.  ",Belgium,2007-10-01 00:00:00,Attacking Midfield,Midfield,,184.0,,Sporting Talent,https://img.a.transfermarkt.technology/portrait/header/1407213-1774522659.jpg?lm=1,9.0,1.0,,https://www.transfermarkt.co.uk/luka-bentt/profil/spieler/1407213,GB1,Brentford FC,,
1414663,Mor Talla,Ndiaye,Mor Talla Ndiaye,2025,31,mor-talla-ndiaye,,,Senegal,2008-01-06 00:00:00,Centre-Back,Defender,left,,2030-06-30 00:00:00,Sport Cover,https://img.a.transfermarkt.technology/portrait/header/1414663-1778879866.jpg?lm=1,0.0,0.0,,https://www.transfermarkt.co.uk/mor-talla-ndiaye/profil/spieler/1414663,GB1,Liverpool FC,,
